return_rate,wardrobe_score,wardrobe_flags,batch_defect_rate,price,cost_price,days_since_delivery,photos_provided,category,stated_reason,claimed_condition,customer_comment,salvage_rate,is_abuse
0.668543053481313,0.9662000057947765,4,0.024639878836228098,189.63108315418506,72.28807585983328,24,0,Home & Kitchen,DEFECTIVE,USED,"Tags removed for event photoshoot, want refund",0.22999999999999998,1
0.5701975341512912,0.7162634114070958,5,0.0273235229154987,190.30662822938243,93.55750084469435,10,0,Apparel,DEFECTIVE,USED,"Wore to wedding party over the weekend, no longer needed",0.3,1
0.023705208973244442,0.24247746304049858,0,0.03497327922401265,286.31336838680033,110.62146269895702,10,1,Electronics,WRONG_ITEM,UNOPENED,Do not need this anymore,0.72,0
0.05301281177361809,0.07606056073988443,0,0.02574269294896713,541.0562216248543,220.88394521322053,3,1,Electronics,DOES_NOT_FIT,UNOPENED,Did not fit my shoulders properly,0.755,0
0.7753338026250707,0.7390582809825716,5,0.01584289297070436,464.97973822068235,205.15556875154843,28,1,Designer Handbags,DEFECTIVE,OPENED_LIKE_NEW,"Used for Saturday dinner, slightly tight",0.51,1
0.16133167305074245,0.049918445539589934,0,0.025427033152408348,187.9140064370617,67.51563888394556,14,0,Footwear,CHANGED_MIND,UNOPENED,"Changed mind, found cheaper elsewhere",0.78,0
0.1293580733422589,0.04263103092182288,0,0.011951547789558386,1140.7072232138667,619.5482151438217,4,0,Designer Handbags,WRONG_ITEM,UNOPENED,"Changed mind, found cheaper elsewhere",0.83,0
0.165511522660963,0.07615344229334267,0,0.012930163420191517,833.710310754102,365.1905432309029,11,0,Electronics,DOES_NOT_FIT,UNOPENED,Did not fit my shoulders properly,0.715,0
0.04196688227206019,0.12379422752781755,0,0.011031655633456552,1094.8116664113873,439.84715182187006,11,0,Luxury Apparel,DOES_NOT_FIT,OPENED_LIKE_NEW,Too loose around the waist,0.595,0
0.13925401118371677,0.07792776902235274,0,0.025602040635334326,175.3453268194019,67.85353737041989,7,1,Apparel,WRONG_ITEM,UNOPENED,ISP provided complimentary router so unneeded,0.815,0
0.19452523299762056,0.19378320584027864,0,0.038184968246925674,271.0775213676034,127.29258133503151,13,1,Home & Kitchen,DOES_NOT_FIT,OPENED_LIKE_NEW,Too loose around the waist,0.585,0
0.18593736230416105,0.022123125512979874,0,0.015879485872574355,92.46365513622416,38.3785255994881,10,0,Electronics,CHANGED_MIND,UNOPENED,Ordered wrong color variant by accident,0.72,0
0.07052804765963266,0.02713490317738959,0,0.22088537655582796,453.83385896456355,184.34136916714556,4,1,Designer Handbags,DEFECTIVE,DAMAGED,Zipper arrived broken and jammed,0.32999999999999996,0
0.0905504908105723,0.014092422497476265,0,0.21637348672818674,126.47874666853416,69.23160590294347,5,1,Luxury Apparel,DEFECTIVE,DAMAGED,Missing power cable and scratches on lens,0.32499999999999996,0
0.15900405847339835,0.0496789203835431,0,0.010165663513708073,249.25189282507938,122.4752686710431,2,0,Apparel,DOES_NOT_FIT,UNOPENED,"Sleeves are too long, otherwise nice fabric",0.84,0
0.8280532256184443,0.9159556970720648,3,0.011480893034681807,455.8202451113562,170.10017841168803,15,0,Electronics,CHANGED_MIND,USED,"Dress worn once for gala evening, return please",0.19499999999999995,1
0.17535861665760685,0.15582453170688948,0,0.019926940745579477,42.4785463286565,17.509506607108158,2,0,Footwear,WRONG_ITEM,UNOPENED,"Changed mind, found cheaper elsewhere",0.84,0
0.07853299796481447,0.18240154458451602,0,0.029126724140656396,268.98350420848976,119.54783153489359,7,1,Apparel,WRONG_ITEM,UNOPENED,Ordered wrong color variant by accident,0.815,0
0.04152696426889431,0.17831119680574875,0,0.03282355145850692,691.0815491806156,348.4387808312972,13,1,Electronics,WRONG_ITEM,OPENED_LIKE_NEW,Ordered wrong color variant by accident,0.505,0
0.10888320734559034,0.13068320734549851,0,0.02282623055075649,69.48618702315042,25.819558232952915,13,1,Electronics,CHANGED_MIND,UNOPENED,ISP provided complimentary router so unneeded,0.705,0
0.025657253423612168,0.1591026028159451,0,0.0194306794322898,164.85694007029326,87.6236553849709,2,0,Apparel,WRONG_ITEM,UNOPENED,Ordered wrong color variant by accident,0.84,0
0.05240798978935375,0.04103829230356298,0,0.2084436935523183,305.4058719702821,111.59407848668997,1,1,Designer Handbags,DEFECTIVE,OPENED_LIKE_NEW,Stopped powering on after 2 days,0.645,0
0.07215526152447825,0.040305321813501105,0,0.03789092957027719,977.4196402947236,465.91712847310225,8,0,Electronics,WRONG_ITEM,UNOPENED,ISP provided complimentary router so unneeded,0.73,0
0.13328987672440332,0.08036720768991146,0,0.11171691001062609,1075.368438248374,492.377278260973,2,0,Luxury Apparel,DEFECTIVE,DAMAGED,Missing power cable and scratches on lens,0.33999999999999997,0
0.16533922792953126,0.2240228249808733,0,0.019540104249155914,55.26427924511111,21.86183223028842,11,0,Home & Kitchen,WRONG_ITEM,UNOPENED,Ordered wrong color variant by accident,0.7949999999999999,0
0.09687940195272615,0.20450369148062328,0,0.0358219174976903,26.91183589607744,12.168172081893438,2,1,Footwear,CHANGED_MIND,UNOPENED,"Changed mind, found cheaper elsewhere",0.84,0
0.09513398056678023,0.05552695261768256,0,0.013595961020010485,117.84417213599768,63.468742938913095,12,0,Apparel,WRONG_ITEM,UNOPENED,ISP provided complimentary router so unneeded,0.79,0
0.6454413194093398,0.8452613740881425,2,0.024060379177903553,461.810338759981,251.3894211304427,11,0,Luxury Apparel,CHANGED_MIND,USED,"Wore to wedding party over the weekend, no longer needed",0.295,1
0.19324051308958004,0.06294557395634104,0,0.02491745517677156,389.01883938745283,158.31825749226263,8,0,Luxury Apparel,WRONG_ITEM,UNOPENED,Do not need this anymore,0.8099999999999999,0
0.5165991263095397,0.8706780135143711,5,0.02005358046457723,99.71535144998765,40.4574390298257,26,1,Luxury Apparel,DEFECTIVE,OPENED_LIKE_NEW,"Dress worn once for gala evening, return please",0.52,1
0.18348785947399768,0.059890472666743105,0,0.014346846162736692,159.59950907632984,87.32169389609814,6,0,Home & Kitchen,DOES_NOT_FIT,UNOPENED,"Size 9 fits too small, need half size up",0.82,0
0.05146718529649505,0.06721355474058786,0,0.20947533460588197,315.65955103118364,156.4545319921918,2,1,Electronics,DEFECTIVE,DAMAGED,Stopped powering on after 2 days,0.25999999999999995,0
0.08620096388946559,0.15807645764839487,0,0.02900589132282684,661.4986335267198,243.4698336368385,14,1,Designer Handbags,DOES_NOT_FIT,OPENED_LIKE_NEW,Did not fit my shoulders properly,0.5800000000000001,0
0.17035444920606285,0.08019501624293396,0,0.015595555311995628,87.29916420352615,40.871599486053185,13,0,Electronics,WRONG_ITEM,OPENED_LIKE_NEW,"Changed mind, found cheaper elsewhere",0.505,0
0.14196158513161083,0.004146957231964038,0,0.02536279174897843,302.735099229608,145.02057447533238,1,1,Luxury Apparel,CHANGED_MIND,OPENED_LIKE_NEW,ISP provided complimentary router so unneeded,0.645,0
0.05138595722089846,0.1727344345256165,0,0.021602060389016124,1126.606786934612,425.2987812312205,12,0,Electronics,CHANGED_MIND,UNOPENED,Do not need this anymore,0.7100000000000001,0
0.08139194318904654,0.028368380310147268,0,0.03774080854835688,266.26832217976977,106.93024964932609,4,0,Apparel,CHANGED_MIND,UNOPENED,ISP provided complimentary router so unneeded,0.83,0
0.13879712828615223,0.20430555005030396,0,0.02665602434798387,170.65390904790178,67.98347593763609,10,1,Apparel,DOES_NOT_FIT,UNOPENED,Too loose around the waist,0.7999999999999999,0
0.5418962455126546,0.9512204122269314,6,0.02800836114326661,199.10290075014868,83.18637823025466,22,1,Apparel,DEFECTIVE,USED,"Tags removed for event photoshoot, want refund",0.24,1
0.08285772343027897,0.18148891971755984,0,0.036913307798577315,1069.020252147536,540.8976387869204,1,0,Luxury Apparel,WRONG_ITEM,UNOPENED,ISP provided complimentary router so unneeded,0.845,0
0.1355656963077718,0.021034991248762208,0,0.014848861422838413,272.1024018449468,128.23800138212079,4,0,Footwear,WRONG_ITEM,OPENED_LIKE_NEW,Ordered wrong color variant by accident,0.63,0
0.021195616710161853,0.010147154286603212,0,0.19279530074836948,45.87143726161368,17.530302329916815,3,1,Designer Handbags,DEFECTIVE,OPENED_LIKE_NEW,Zipper arrived broken and jammed,0.635,0
0.7469302052149638,0.8937306553539541,6,0.02303922519005201,300.15239897424937,147.80579999840245,20,0,Electronics,CHANGED_MIND,USED,"Wore to wedding party over the weekend, no longer needed",0.16999999999999998,1
0.60676208937356,0.7911119154845949,4,0.024929828102360482,793.574162894769,412.53530843188076,12,0,Designer Handbags,CHANGED_MIND,OPENED_LIKE_NEW,"Tags removed for event photoshoot, want refund",0.5900000000000001,1
0.13837032061406182,0.1420771508338679,0,0.012810243034842773,126.12184584134422,50.832208471173296,9,1,Apparel,WRONG_ITEM,UNOPENED,"Changed mind, found cheaper elsewhere",0.8049999999999999,0
0.6097953395205876,0.9724429553306848,3,0.017861954493335205,270.3128026737062,128.73045110958762,11,0,Home & Kitchen,DEFECTIVE,USED,"Wore to wedding party over the weekend, no longer needed",0.295,1
0.16306603463749672,0.12565927327629803,0,0.027307116538790775,611.3205248298822,237.83339284446973,5,0,Luxury Apparel,DOES_NOT_FIT,UNOPENED,Too loose around the waist,0.825,0
0.8251034518676774,0.7786162614834395,5,0.010486319328629076,788.7478632523147,304.0008861266052,13,0,Electronics,CHANGED_MIND,USED,"Wore to wedding party over the weekend, no longer needed",0.20499999999999996,1
0.18928254518352458,0.23848214425064684,0,0.03744593170661346,126.79364257024721,44.76973504188784,7,1,Home & Kitchen,DOES_NOT_FIT,UNOPENED,Did not fit my shoulders properly,0.815,0
0.9177433531644763,0.819891561528848,3,0.02933309638087339,1157.7991734235334,602.7524391907502,16,1,Electronics,DEFECTIVE,USED,"Used for Saturday dinner, slightly tight",0.18999999999999995,1
0.07300080057252543,0.09627443215048131,0,0.035534100145505704,407.6295259812821,156.4883836912322,4,0,Designer Handbags,DOES_NOT_FIT,UNOPENED,Too loose around the waist,0.83,0
0.12022422724250305,0.23403869354019524,0,0.030880893900249187,701.2709573036634,259.0742456190903,4,0,Designer Handbags,CHANGED_MIND,OPENED_LIKE_NEW,ISP provided complimentary router so unneeded,0.63,0
0.13070130080585057,0.24751346252606582,0,0.014202520457095722,641.2623967419346,336.967110647948,6,0,Luxury Apparel,DOES_NOT_FIT,OPENED_LIKE_NEW,"Sleeves are too long, otherwise nice fabric",0.62,0
0.1533383511957568,0.174253935248817,0,0.031074522519613276,123.86006658543268,50.623884380809464,13,0,Footwear,WRONG_ITEM,UNOPENED,ISP provided complimentary router so unneeded,0.7849999999999999,0
0.16568500798613245,0.2025283486697952,0,0.03601216955740311,276.14115195302963,124.88993899633735,8,1,Footwear,CHANGED_MIND,UNOPENED,ISP provided complimentary router so unneeded,0.8099999999999999,0
0.08519711830933595,0.07982951789667753,0,0.1904938682322201,854.2815776189359,434.9647555873189,3,1,Luxury Apparel,DEFECTIVE,DAMAGED,Stopped powering on after 2 days,0.33499999999999996,0
0.18020096152716195,0.08449878921288395,0,0.021267488579198322,149.01905021540804,69.39161904932924,7,0,Electronics,CHANGED_MIND,UNOPENED,Ordered wrong color variant by accident,0.735,0
0.024672495593576472,0.04655980181324602,0,0.17224958790028802,103.79884433527822,48.5951574457289,3,1,Apparel,DEFECTIVE,OPENED_LIKE_NEW,Screen flickers and has green lines,0.635,0
0.5137251124725722,0.71045749284978,6,0.026452011213193162,457.8211440370649,171.87159826581708,22,0,Designer Handbags,DEFECTIVE,OPENED_LIKE_NEW,"Used for Saturday dinner, slightly tight",0.54,1
0.1140037868098648,0.1924983882746527,0,0.016474630824905294,762.5529519500403,279.9099254570042,12,1,Electronics,WRONG_ITEM,UNOPENED,ISP provided complimentary router so unneeded,0.7100000000000001,0
0.029302709810349388,0.132838657892037,0,0.026219053648303195,200.2932229120068,99.18886269116025,2,0,Apparel,WRONG_ITEM,UNOPENED,ISP provided complimentary router so unneeded,0.84,0
0.19565337430325624,0.12907508707529883,0,0.019688694188237377,962.4159859316962,388.97625270019165,5,1,Designer Handbags,WRONG_ITEM,OPENED_LIKE_NEW,"Changed mind, found cheaper elsewhere",0.625,0
0.09901485572701452,0.01961409533556649,0,0.010760522302463726,289.72831403642937,149.84633208954477,4,1,Home & Kitchen,CHANGED_MIND,UNOPENED,Ordered wrong color variant by accident,0.83,0
0.14527535709686565,0.10223823610356747,0,0.015198829602125374,68.02018673454867,27.21137908952212,14,1,Footwear,DOES_NOT_FIT,UNOPENED,Too loose around the waist,0.78,0
0.09139946641179567,0.07145959227000624,0,0.1922335540420143,364.7233204572937,197.305489310626,4,1,Designer Handbags,DEFECTIVE,DAMAGED,Missing power cable and scratches on lens,0.32999999999999996,0
0.11592659917044991,0.055435405251140074,0,0.18399252685983986,140.3900171676422,56.092297582479674,1,1,Home & Kitchen,DEFECTIVE,OPENED_LIKE_NEW,Zipper arrived broken and jammed,0.645,0
0.0840750821572271,0.18946152761609228,0,0.010431804658892676,56.91997613940197,20.44568550603621,13,1,Home & Kitchen,CHANGED_MIND,OPENED_LIKE_NEW,"Changed mind, found cheaper elsewhere",0.585,0
0.025294744301466117,0.08554605840110073,0,0.19962183609460402,590.0416417412972,218.05982036323374,1,1,Designer Handbags,DEFECTIVE,OPENED_LIKE_NEW,Stopped powering on after 2 days,0.645,0
0.10849085752102984,0.11836794269514142,0,0.015196056097300455,144.30920354044258,62.009801404751016,11,1,Footwear,DOES_NOT_FIT,UNOPENED,Did not fit my shoulders properly,0.7949999999999999,0
0.13085301764939897,0.15877341271691095,0,0.011359120293161336,128.0184690222796,60.830789804227756,11,0,Home & Kitchen,CHANGED_MIND,UNOPENED,Do not need this anymore,0.7949999999999999,0
0.1105645265444158,0.21412246029708057,0,0.02976080894856835,229.00393541445845,83.3834815694539,12,1,Electronics,DOES_NOT_FIT,OPENED_LIKE_NEW,"Sleeves are too long, otherwise nice fabric",0.5100000000000001,0
0.13563547007713683,0.006627827635405453,0,0.027573267438203895,1130.6670800529507,525.8674196874913,8,0,Electronics,DOES_NOT_FIT,UNOPENED,Did not fit my shoulders properly,0.73,0
0.08987058671717396,0.1608220546105883,0,0.0237475867147455,175.04461706188212,94.22528535756373,9,1,Apparel,CHANGED_MIND,OPENED_LIKE_NEW,Do not need this anymore,0.605,0
0.08949847480413937,0.24029764095597855,0,0.03716051925868191,267.11771635558387,97.1967271830997,4,0,Luxury Apparel,CHANGED_MIND,UNOPENED,Do not need this anymore,0.83,0
0.038140040247936796,0.004555456412887432,0,0.012833288822677851,832.287857162974,303.1506395432993,5,1,Designer Handbags,WRONG_ITEM,UNOPENED,Do not need this anymore,0.825,0
0.06146683193818897,0.08448753109694546,0,0.0839562290750904,248.97883271195735,101.17776601265963,3,0,Home & Kitchen,DEFECTIVE,DAMAGED,Left speaker makes a buzzing sound,0.33499999999999996,0
0.5531741724297453,0.8950864063019621,3,0.022578856935597677,1057.8675356913814,525.7751962253651,5,0,Electronics,DEFECTIVE,USED,"Tags removed for event photoshoot, want refund",0.24499999999999994,1
0.16462656746927276,0.07050864314282662,0,0.015323186313391685,910.7131119033957,465.70858440415947,7,1,Designer Handbags,CHANGED_MIND,UNOPENED,"Changed mind, found cheaper elsewhere",0.815,0
0.1982909255601212,0.10315441922785662,0,0.021160542573783497,238.51356420404912,99.73700088723827,6,1,Apparel,DOES_NOT_FIT,UNOPENED,Did not fit my shoulders properly,0.82,0
0.18753631860864167,0.21460318796075295,0,0.022869820821250553,231.48954364266177,115.95509739106873,5,1,Footwear,CHANGED_MIND,UNOPENED,ISP provided complimentary router so unneeded,0.825,0
0.038562296390467876,0.22563822666989167,0,0.025157571173435714,998.6906606849802,413.4678407407883,14,1,Electronics,WRONG_ITEM,OPENED_LIKE_NEW,Do not need this anymore,0.5000000000000001,0
0.1811941811293161,0.09730041968354078,0,0.01032512954440895,1090.2430926463458,401.4900161895653,10,1,Luxury Apparel,WRONG_ITEM,OPENED_LIKE_NEW,"Changed mind, found cheaper elsewhere",0.6,0
0.6436911369156867,0.9660173507742253,5,0.029012142938751116,705.1879502230119,335.92858028298275,4,0,Electronics,DEFECTIVE,USED,"Dress worn once for gala evening, return please",0.24999999999999994,1
0.07829791785718157,0.029321077169806455,0,0.1358729727128857,820.1214090493646,410.4501850103342,4,1,Designer Handbags,DEFECTIVE,DAMAGED,Left speaker makes a buzzing sound,0.32999999999999996,0
0.12290527568436031,0.0789618142794554,0,0.09550503751827737,160.9655837932099,58.19095020932195,1,1,Footwear,DEFECTIVE,DAMAGED,Screen flickers and has green lines,0.345,0
0.11891519881827241,0.11038262534334425,0,0.036631125482748994,447.06141456041127,166.9387242886424,13,0,Electronics,CHANGED_MIND,UNOPENED,ISP provided complimentary router so unneeded,0.705,0
0.045738502769510456,0.19037765792936806,0,0.028546541899487833,157.30230430243668,57.70184538773431,10,1,Electronics,DOES_NOT_FIT,OPENED_LIKE_NEW,"Sleeves are too long, otherwise nice fabric",0.52,0
0.1461744436626416,0.018190751591048382,0,0.034655801778710686,859.2409835015357,314.71398548261675,5,0,Luxury Apparel,DOES_NOT_FIT,UNOPENED,"Sleeves are too long, otherwise nice fabric",0.825,0
0.035270788535334545,0.24665989462529386,0,0.021228123872683607,469.9448905975935,240.8749124516774,3,0,Luxury Apparel,WRONG_ITEM,OPENED_LIKE_NEW,"Changed mind, found cheaper elsewhere",0.635,0
0.19050474392909458,0.24650026595571772,0,0.032601345557768245,476.4611192158623,174.71836071226667,12,1,Electronics,CHANGED_MIND,UNOPENED,Do not need this anymore,0.7100000000000001,0
0.15988644486693862,0.13960106243395126,0,0.022726660277409286,274.2474559010524,102.08573489038119,13,1,Apparel,WRONG_ITEM,UNOPENED,ISP provided complimentary router so unneeded,0.7849999999999999,0
0.10867251877235466,0.002838411191854767,0,0.024059819259823787,40.48340081250527,15.131220949974255,7,0,Home & Kitchen,DOES_NOT_FIT,UNOPENED,"Size 9 fits too small, need half size up",0.815,0
0.041154724419878885,0.1623025755290159,0,0.0323813463779627,716.7077675127051,388.76702646528656,14,1,Electronics,CHANGED_MIND,OPENED_LIKE_NEW,"Changed mind, found cheaper elsewhere",0.5000000000000001,0
0.08747670431426674,0.07142802157046518,0,0.03605797384568381,86.48885559284948,46.93270248098868,7,1,Footwear,WRONG_ITEM,OPENED_LIKE_NEW,Do not need this anymore,0.615,0
0.02218780544416694,0.24246970667690976,0,0.011294797358517284,270.0643562669695,123.02517675879083,14,0,Apparel,CHANGED_MIND,UNOPENED,Do not need this anymore,0.78,0
0.14908542349550905,0.007379656473539886,0,0.17415522834822453,1164.3909413181548,529.3549076963096,3,0,Designer Handbags,DEFECTIVE,OPENED_LIKE_NEW,Stopped powering on after 2 days,0.635,0
0.13329175486434727,0.1739371722461543,0,0.023636231943033197,767.9673728975135,358.5354459289301,8,0,Luxury Apparel,WRONG_ITEM,UNOPENED,Do not need this anymore,0.8099999999999999,0
0.18220844188837804,0.011361595085364468,0,0.01842889568776691,1142.477321528808,603.288299189842,10,0,Luxury Apparel,CHANGED_MIND,UNOPENED,Ordered wrong color variant by accident,0.7999999999999999,0
0.10201821550142834,0.15503314945038418,0,0.01832143548943398,258.2205452795631,114.32448184162025,12,1,Designer Handbags,WRONG_ITEM,UNOPENED,ISP provided complimentary router so unneeded,0.79,0
0.08360340104468952,0.14591402796271802,0,0.012332039108949545,292.95857210819577,160.31927853796955,8,1,Apparel,WRONG_ITEM,UNOPENED,Do not need this anymore,0.8099999999999999,0
0.8141727713088853,0.8501069825763536,3,0.016190552325726554,984.0022228600604,479.15617717193976,24,0,Electronics,DEFECTIVE,OPENED_LIKE_NEW,"Tags removed for event photoshoot, want refund",0.45,1
0.04927104908208044,0.22773179612346062,0,0.03467611728769507,286.1949761552791,141.70769713407321,9,1,Footwear,CHANGED_MIND,OPENED_LIKE_NEW,Do not need this anymore,0.605,0
0.1304147352684422,0.10456075907265472,0,0.037981854500620395,263.1675696126123,94.48866686700636,12,1,Home & Kitchen,CHANGED_MIND,UNOPENED,Ordered wrong color variant by accident,0.79,0
0.024746055409505363,0.0941158417195124,0,0.03431659992345499,1185.2403100053357,450.4901410301844,12,1,Electronics,WRONG_ITEM,UNOPENED,ISP provided complimentary router so unneeded,0.7100000000000001,0
0.12694352876338433,0.09522271415775538,0,0.0390974319344381,256.5827038623199,132.824075507848,14,1,Home & Kitchen,WRONG_ITEM,OPENED_LIKE_NEW,Ordered wrong color variant by accident,0.5800000000000001,0
0.10436476876309467,0.1037048755844163,0,0.018202212157921185,105.39557611507546,55.11603424527608,3,1,Luxury Apparel,CHANGED_MIND,OPENED_LIKE_NEW,"Changed mind, found cheaper elsewhere",0.635,0
0.16632218164341397,0.24992941832153265,0,0.03989910511221716,684.3007784990479,344.7490098474656,13,1,Electronics,WRONG_ITEM,UNOPENED,ISP provided complimentary router so unneeded,0.705,0
0.19005783137883706,0.21241184766935287,0,0.01742044305229593,562.6311969597085,211.45474220495828,3,0,Electronics,CHANGED_MIND,UNOPENED,Do not need this anymore,0.755,0
0.19172918490657004,0.15154365861272,0,0.01685928416510388,819.1727939107938,387.98124541498936,7,1,Designer Handbags,CHANGED_MIND,OPENED_LIKE_NEW,"Changed mind, found cheaper elsewhere",0.615,0
0.08446928924591131,0.028389398049907255,0,0.030147195867783985,168.08461774854317,84.79258454300103,10,0,Apparel,DOES_NOT_FIT,UNOPENED,"Sleeves are too long, otherwise nice fabric",0.7999999999999999,0
0.11362943020015882,0.21304537507963503,0,0.026557205163234565,690.688046981048,362.8396493831653,13,0,Electronics,DOES_NOT_FIT,UNOPENED,Did not fit my shoulders properly,0.705,0
0.09262691591823148,0.03350380711266018,0,0.010863480289400169,232.6627453102452,110.29654549059855,7,1,Apparel,CHANGED_MIND,OPENED_LIKE_NEW,Ordered wrong color variant by accident,0.615,0
0.8168358956446506,0.7596299652224949,2,0.012727429511735396,28.999783058667532,12.183316700225468,11,0,Apparel,CHANGED_MIND,USED,"Tags removed for event photoshoot, want refund",0.295,1
0.0966892992911023,0.039224404509973235,0,0.15437073674403395,1088.8240856127481,456.926218052719,2,1,Luxury Apparel,DEFECTIVE,OPENED_LIKE_NEW,Missing power cable and scratches on lens,0.64,0
0.11251810804876596,0.19591325318528577,0,0.021896283469638105,196.07384256266522,102.44323810904592,5,0,Footwear,CHANGED_MIND,UNOPENED,Ordered wrong color variant by accident,0.825,0
0.19091371225837558,0.036768370232259484,0,0.03779762875484483,160.331980596873,64.39716005970554,13,0,Home & Kitchen,DOES_NOT_FIT,OPENED_LIKE_NEW,"Sleeves are too long, otherwise nice fabric",0.585,0
0.10264443612288705,0.24500814382136926,0,0.024778542819786087,115.40669282906475,55.01208205653218,4,0,Apparel,DOES_NOT_FIT,UNOPENED,Did not fit my shoulders properly,0.83,0
0.06322621138007475,0.01896583202716598,0,0.013866391657319477,188.53317319101603,71.71434998168266,5,1,Designer Handbags,DOES_NOT_FIT,UNOPENED,"Size 9 fits too small, need half size up",0.825,0
0.04498889107689383,0.16021868620080365,0,0.015456402531974344,120.05850291406239,63.5538908047215,5,0,Apparel,CHANGED_MIND,UNOPENED,"Changed mind, found cheaper elsewhere",0.825,0
0.10531309524731704,0.1668894346302568,0,0.015169596136048895,263.0552618180581,94.2194825467444,1,0,Designer Handbags,CHANGED_MIND,UNOPENED,Do not need this anymore,0.845,0
0.041961558199381396,0.027859033903195864,0,0.11009178232704696,49.39319678319029,18.479337138193312,1,1,Home & Kitchen,DEFECTIVE,OPENED_LIKE_NEW,Left speaker makes a buzzing sound,0.645,0
0.10294017824589065,0.05158342960144813,0,0.020928095831442263,163.43974948508566,79.77150388717641,11,0,Home & Kitchen,WRONG_ITEM,OPENED_LIKE_NEW,"Changed mind, found cheaper elsewhere",0.595,0
0.5176904629284945,0.9238349116945319,3,0.022558007789818153,47.483733785939776,24.915461790713675,8,0,Apparel,DEFECTIVE,OPENED_LIKE_NEW,"Dress worn once for gala evening, return please",0.61,1
0.1857570320957264,0.015269489963715938,0,0.01830632944441611,246.70535194309187,123.26680723226804,7,1,Footwear,CHANGED_MIND,UNOPENED,"Changed mind, found cheaper elsewhere",0.815,0
0.5830344587103697,0.7586178105342789,3,0.01740944205582764,158.24382092753086,74.95233679536213,24,0,Home & Kitchen,DEFECTIVE,OPENED_LIKE_NEW,"Dress worn once for gala evening, return please",0.53,1
0.6660111378063975,0.8295097205172814,2,0.02494941876267513,35.087880794914426,14.052253760495137,27,0,Apparel,DEFECTIVE,USED,"Used for Saturday dinner, slightly tight",0.21499999999999997,1
0.14840292545921943,0.22380170942179983,0,0.025350323263469983,171.3312084479618,63.63830499971513,4,1,Apparel,DOES_NOT_FIT,UNOPENED,Did not fit my shoulders properly,0.83,0
0.10053422602822185,0.1331543166137558,0,0.01727411510904189,99.04188851107976,42.138048182718734,4,1,Apparel,WRONG_ITEM,OPENED_LIKE_NEW,Do not need this anymore,0.63,0
0.023612815599990747,0.08051979139579457,0,0.01634344020989634,419.896928526381,157.02147524516838,11,0,Luxury Apparel,CHANGED_MIND,UNOPENED,Do not need this anymore,0.7949999999999999,0
0.1802949105331811,0.14839811338851217,0,0.030373069574334687,955.4386367845124,429.64970988670996,2,1,Luxury Apparel,CHANGED_MIND,UNOPENED,"Changed mind, found cheaper elsewhere",0.84,0
0.03564565185573627,0.13427663545463694,0,0.02760523354062637,904.7097900538228,394.75375000767434,12,1,Electronics,DOES_NOT_FIT,UNOPENED,"Sleeves are too long, otherwise nice fabric",0.7100000000000001,0
0.03658543936342329,0.02837759057987245,0,0.14172399038776795,202.62724136619033,94.05058113951313,2,1,Home & Kitchen,DEFECTIVE,DAMAGED,Zipper arrived broken and jammed,0.33999999999999997,0
0.08409741066161233,0.24662881219824492,0,0.028173244580706615,315.1830784137536,116.73010005462623,5,0,Luxury Apparel,WRONG_ITEM,OPENED_LIKE_NEW,ISP provided complimentary router so unneeded,0.625,0
0.039871688093963166,0.024595772838450814,0,0.10731583345412446,76.30593161410908,31.057966554111296,1,1,Footwear,DEFECTIVE,DAMAGED,Missing power cable and scratches on lens,0.345,0
0.05120724715305587,0.2241913561566063,0,0.012407012369849266,648.4332119014954,280.17461070134107,8,1,Designer Handbags,WRONG_ITEM,OPENED_LIKE_NEW,Do not need this anymore,0.61,0
0.14770922019811883,0.011203890216805235,0,0.14763545183777607,1164.5857025994278,609.1964407726102,4,0,Designer Handbags,DEFECTIVE,DAMAGED,Missing power cable and scratches on lens,0.32999999999999996,0
0.16707297277087038,0.06447570676123496,0,0.015126627621701975,815.62613511234,437.0738165049872,13,1,Luxury Apparel,DOES_NOT_FIT,UNOPENED,Did not fit my shoulders properly,0.7849999999999999,0
0.12021732074250738,0.14290317236747496,0,0.018399372809808523,932.6118025026468,361.3019723737431,11,0,Designer Handbags,WRONG_ITEM,UNOPENED,Do not need this anymore,0.7949999999999999,0
0.07826226255276388,0.1063591096541042,0,0.025228311360533648,91.66267641414707,34.18718688625102,10,1,Home & Kitchen,CHANGED_MIND,UNOPENED,"Changed mind, found cheaper elsewhere",0.7999999999999999,0
0.1299116076394939,0.07215763831006394,0,0.027437146642678364,219.06074971807467,97.75104468767557,8,1,Electronics,CHANGED_MIND,UNOPENED,"Changed mind, found cheaper elsewhere",0.73,0
0.11586609785928546,0.012955884205606727,0,0.020098128345817617,195.92102524921012,71.05565667525615,13,0,Luxury Apparel,WRONG_ITEM,UNOPENED,ISP provided complimentary router so unneeded,0.7849999999999999,0
0.19819284183019015,0.08058846124368074,0,0.03429623337563904,335.38315952596605,163.09701307508976,14,0,Designer Handbags,CHANGED_MIND,OPENED_LIKE_NEW,"Changed mind, found cheaper elsewhere",0.5800000000000001,0
0.1568410147801436,0.14890968515196107,0,0.02414728565650475,138.25625139049885,58.036331738941776,1,0,Apparel,CHANGED_MIND,OPENED_LIKE_NEW,Do not need this anymore,0.645,0
0.18731524596460866,0.20765485194693228,0,0.038950807319995374,184.18477924323187,91.38760565041946,7,0,Luxury Apparel,CHANGED_MIND,OPENED_LIKE_NEW,ISP provided complimentary router so unneeded,0.615,0
0.18890128222778682,0.04530826654141504,0,0.011994888021003325,228.80817855476624,106.37169182524454,5,0,Home & Kitchen,DOES_NOT_FIT,UNOPENED,Did not fit my shoulders properly,0.825,0
0.12943774097857536,0.01397723766262895,0,0.21519544301618132,273.88769125538363,104.82536160972641,3,1,Electronics,DEFECTIVE,DAMAGED,Screen flickers and has green lines,0.25499999999999995,0
0.04135455373102909,0.08145747202313822,0,0.193083527518354,646.7558927321784,272.7797084760256,2,1,Luxury Apparel,DEFECTIVE,OPENED_LIKE_NEW,Zipper arrived broken and jammed,0.64,0
0.1778960973463595,0.09811127685565885,0,0.03449798318414731,145.76209985681007,62.00557726234386,10,1,Apparel,WRONG_ITEM,UNOPENED,ISP provided complimentary router so unneeded,0.7999999999999999,0
0.10328236142052917,0.07534446854103552,0,0.032428281405287536,163.24810727543178,64.71849414001007,13,1,Footwear,CHANGED_MIND,UNOPENED,Ordered wrong color variant by accident,0.7849999999999999,0
0.18192342318942234,0.09597280534330285,0,0.02630658583341966,1091.5076487188744,518.2997864838188,6,0,Designer Handbags,DOES_NOT_FIT,UNOPENED,"Size 9 fits too small, need half size up",0.82,0
0.04104164732750554,0.23495803090336878,0,0.028831241592142537,428.4905130022199,161.9070319232604,5,1,Designer Handbags,CHANGED_MIND,UNOPENED,Ordered wrong color variant by accident,0.825,0
0.1629245340686533,0.15501818898212838,0,0.026003832759289643,270.8204603390134,137.5008130718326,6,1,Footwear,DOES_NOT_FIT,UNOPENED,"Sleeves are too long, otherwise nice fabric",0.82,0
0.039717734365257655,0.031172206779554824,0,0.12224315376845918,229.58523045748618,81.89454101144305,1,1,Home & Kitchen,DEFECTIVE,DAMAGED,Zipper arrived broken and jammed,0.345,0
0.12258014327683699,0.19061467143517263,0,0.03630296910285248,119.07248089687455,61.23319725830149,5,0,Home & Kitchen,DOES_NOT_FIT,OPENED_LIKE_NEW,Did not fit my shoulders properly,0.625,0
0.0399137126519373,0.21161307293362955,0,0.013824659869959472,500.85325705002606,255.16423612382542,10,1,Luxury Apparel,CHANGED_MIND,UNOPENED,ISP provided complimentary router so unneeded,0.7999999999999999,0
0.04698513692277928,0.05731284880816037,0,0.03166757705179199,223.01004755017044,106.64998946184554,11,0,Home & Kitchen,WRONG_ITEM,UNOPENED,ISP provided complimentary router so unneeded,0.7949999999999999,0
0.144910720004078,0.13568111083689904,0,0.017553971767208583,441.00735246454656,170.36975902263194,2,0,Designer Handbags,DOES_NOT_FIT,OPENED_LIKE_NEW,Too loose around the waist,0.64,0
0.18352110104005312,0.14584794869153012,0,0.022025542502909196,575.926732227194,310.6875159346971,9,0,Designer Handbags,DOES_NOT_FIT,UNOPENED,"Sleeves are too long, otherwise nice fabric",0.8049999999999999,0
0.04760325256089444,0.1465574580041993,0,0.02517666036653398,749.2869131041915,264.96436433264046,14,0,Designer Handbags,CHANGED_MIND,UNOPENED,ISP provided complimentary router so unneeded,0.78,0
0.17698230360994727,0.2330295706209031,0,0.02695399550767627,848.114955697195,453.3173388535926,2,1,Designer Handbags,CHANGED_MIND,UNOPENED,"Changed mind, found cheaper elsewhere",0.84,0
0.14730295417641176,0.03813476072856534,0,0.027288650805004394,743.7894538041128,323.4190929013542,13,1,Luxury Apparel,WRONG_ITEM,OPENED_LIKE_NEW,Do not need this anymore,0.585,0
0.15255996241245012,0.2335917536922537,0,0.03776705538720329,562.9736708287933,209.79079245896747,8,1,Electronics,DOES_NOT_FIT,UNOPENED,Too loose around the waist,0.73,0
0.19727141581322025,0.20972452161148353,0,0.013739880436098004,278.2315177197774,145.7875482170139,6,1,Home & Kitchen,WRONG_ITEM,OPENED_LIKE_NEW,Do not need this anymore,0.62,0
0.113390850282693,0.1478188589362323,0,0.021970081116103907,103.52350103355634,43.17338376013965,4,0,Luxury Apparel,WRONG_ITEM,OPENED_LIKE_NEW,Ordered wrong color variant by accident,0.63,0
0.16451362074764206,0.0011580057511507147,0,0.020004975150734326,134.49639073750942,61.529290556799964,2,1,Home & Kitchen,WRONG_ITEM,UNOPENED,Ordered wrong color variant by accident,0.84,0
0.13958123013365886,0.03463459943659613,0,0.1389820443223587,895.5014478073081,394.4178708908102,1,1,Electronics,DEFECTIVE,OPENED_LIKE_NEW,Zipper arrived broken and jammed,0.5650000000000001,0
0.6010721703229919,0.8266830645171541,5,0.012817140407595996,73.5064212892114,33.05389374321482,21,0,Apparel,DEFECTIVE,OPENED_LIKE_NEW,"Wore to church event, returned Monday",0.545,1
0.09540658091081863,0.228711475267025,0,0.02087181697349899,713.4824863225303,339.9407694444398,10,1,Luxury Apparel,WRONG_ITEM,OPENED_LIKE_NEW,"Changed mind, found cheaper elsewhere",0.6,0
0.5058925054647502,0.885790464164679,4,0.013560719337395027,1154.841568264568,438.53092842477747,14,1,Designer Handbags,DEFECTIVE,USED,"Dress worn once for gala evening, return please",0.27999999999999997,1
0.09463234227086428,0.021337417019660965,0,0.03990622755537842,163.1036278410917,76.50816100180818,5,1,Home & Kitchen,WRONG_ITEM,UNOPENED,Ordered wrong color variant by accident,0.825,0
0.032073765929916946,0.18749011759979445,0,0.01629716779286757,1081.742975751228,422.9917145408385,11,0,Electronics,CHANGED_MIND,UNOPENED,"Changed mind, found cheaper elsewhere",0.715,0
0.5858094742986499,0.7102339069974665,4,0.019441338902199984,695.2157145846351,252.46183584753547,5,0,Electronics,DEFECTIVE,USED,"Tags removed for event photoshoot, want refund",0.24499999999999994,1
0.12081859017035139,0.04532888347480277,0,0.1691463457856886,146.20975540801274,62.89250821423404,3,1,Apparel,DEFECTIVE,OPENED_LIKE_NEW,Stopped powering on after 2 days,0.635,0
0.7518381490886981,0.7434672688605994,3,0.013638562609905421,261.99104577871725,141.271621892912,28,0,Apparel,CHANGED_MIND,OPENED_LIKE_NEW,"Wore to church event, returned Monday",0.51,1
0.08719567693035554,0.06768616828588844,0,0.029319986297170475,137.4018970519765,48.788290653585285,13,1,Home & Kitchen,DOES_NOT_FIT,UNOPENED,"Size 9 fits too small, need half size up",0.7849999999999999,0
0.5702686688147857,0.9004722240772713,4,0.023178478838203023,71.43135130404085,28.172127252164287,26,1,Designer Handbags,DEFECTIVE,USED,"Dress worn once for gala evening, return please",0.21999999999999997,1
0.06159346338585285,0.1679731858996821,0,0.010591316132630925,53.62986004575781,27.350328557398154,4,0,Footwear,WRONG_ITEM,UNOPENED,"Changed mind, found cheaper elsewhere",0.83,0
0.05213803916978005,0.16318652696296868,0,0.017145483431401796,155.3520156008404,61.92866346226168,1,1,Electronics,WRONG_ITEM,UNOPENED,Ordered wrong color variant by accident,0.765,0
0.15000804773401866,0.21392411702657144,0,0.034906595937009746,134.22547064507506,64.91372310321113,8,1,Footwear,CHANGED_MIND,UNOPENED,"Changed mind, found cheaper elsewhere",0.8099999999999999,0
0.04664795840405673,0.029314773026101328,0,0.23237708914859034,55.0822312724538,20.22078107981754,2,1,Electronics,DEFECTIVE,OPENED_LIKE_NEW,Stopped powering on after 2 days,0.56,0
0.05741952592628492,0.006633050968454929,0,0.015443063052693919,185.33642926666533,80.4888145257574,10,1,Home & Kitchen,WRONG_ITEM,UNOPENED,Ordered wrong color variant by accident,0.7999999999999999,0
0.18068090799385547,0.20436089043461023,0,0.02025452055093628,96.34144419360543,41.03552845819838,2,0,Footwear,CHANGED_MIND,OPENED_LIKE_NEW,"Changed mind, found cheaper elsewhere",0.64,0
0.1262530896526654,0.06701591020571906,0,0.02872446723547402,137.5882043525911,63.346907589673705,4,1,Home & Kitchen,WRONG_ITEM,UNOPENED,ISP provided complimentary router so unneeded,0.83,0
0.09850277524435702,0.07361643988547942,0,0.0384535992088647,234.99159339393424,88.83214137364558,6,0,Footwear,WRONG_ITEM,UNOPENED,"Changed mind, found cheaper elsewhere",0.82,0
0.1763242356616243,0.12185779956237841,0,0.03683656680682274,967.8320968988857,421.0482894466463,14,1,Designer Handbags,WRONG_ITEM,UNOPENED,Do not need this anymore,0.78,0
0.5101111887440528,0.7752296606277849,4,0.020832684293217336,199.20651045219049,79.99685983901476,21,0,Footwear,CHANGED_MIND,USED,"Wore to church event, returned Monday",0.245,1
0.03811628962946714,0.08349302367992992,0,0.24734837071960386,169.5648001332386,65.16983280501046,3,0,Apparel,DEFECTIVE,DAMAGED,Screen flickers and has green lines,0.33499999999999996,0
0.06901531877348642,0.004597669136866683,0,0.03742896419681497,57.381547794788816,26.699823267016953,10,1,Footwear,WRONG_ITEM,OPENED_LIKE_NEW,"Changed mind, found cheaper elsewhere",0.6,0
0.06932993972369708,0.13854450062894835,0,0.029542611650555925,1002.5004923003539,392.2626576173779,4,0,Electronics,DOES_NOT_FIT,UNOPENED,"Sleeves are too long, otherwise nice fabric",0.75,0
0.021979249158526486,0.03422140751720182,0,0.037000559255443155,1053.7124899725177,494.69970097639754,10,1,Designer Handbags,CHANGED_MIND,OPENED_LIKE_NEW,"Changed mind, found cheaper elsewhere",0.6,0
0.12809303487805762,0.16625916863656387,0,0.015261138358703488,276.46328512936395,119.9170848006795,11,0,Footwear,WRONG_ITEM,UNOPENED,"Changed mind, found cheaper elsewhere",0.7949999999999999,0
0.6724123377122738,0.8452969574791944,4,0.0109393193355011,232.88870775705212,115.8869867571285,14,1,Designer Handbags,CHANGED_MIND,OPENED_LIKE_NEW,"Used for Saturday dinner, slightly tight",0.5800000000000001,1
0.034903760226522765,0.15078802736659705,0,0.01736047329043963,491.5829122886928,200.43740087729165,11,0,Luxury Apparel,CHANGED_MIND,UNOPENED,"Changed mind, found cheaper elsewhere",0.7949999999999999,0
0.08402108896369086,0.17976147629606137,0,0.018913651468695253,697.0293827444008,310.3245075605527,6,1,Electronics,DOES_NOT_FIT,UNOPENED,Did not fit my shoulders properly,0.74,0
0.13946080976527667,0.2342074348311895,0,0.031977162916307506,289.33083916527784,103.07024223486437,3,1,Designer Handbags,WRONG_ITEM,OPENED_LIKE_NEW,"Changed mind, found cheaper elsewhere",0.635,0
0.6180188199349212,0.8666218205960713,2,0.011028516269685007,161.50071798034,75.80336101742084,22,0,Apparel,DEFECTIVE,OPENED_LIKE_NEW,"Dress worn once for gala evening, return please",0.54,1
0.0634517058062049,0.0770912203745822,0,0.0981217030327412,127.15982681353816,63.02521061002156,3,1,Designer Handbags,DEFECTIVE,OPENED_LIKE_NEW,Missing power cable and scratches on lens,0.635,0
0.10918843691711574,0.172100599106934,0,0.023044820158112385,325.8263585573639,167.4162505858137,5,1,Designer Handbags,WRONG_ITEM,UNOPENED,Do not need this anymore,0.825,0
0.16389485821441627,0.1736741177136067,0,0.01816435411689888,187.31343338899896,79.08275368607825,4,0,Footwear,DOES_NOT_FIT,UNOPENED,"Size 9 fits too small, need half size up",0.83,0
0.03190566953246244,0.09173135754622429,0,0.10325916725622344,1142.2753304321309,501.68864398728317,4,1,Designer Handbags,DEFECTIVE,OPENED_LIKE_NEW,Screen flickers and has green lines,0.63,0
0.5833098179773788,0.8517322652659403,6,0.027458916717528162,889.3808682350909,454.7513146762234,5,0,Luxury Apparel,CHANGED_MIND,OPENED_LIKE_NEW,"Wore to church event, returned Monday",0.625,1
0.7964525150198227,0.8938374380649987,2,0.026983913031306386,93.65870243627613,41.94832725964428,21,0,Home & Kitchen,DEFECTIVE,OPENED_LIKE_NEW,"Wore to wedding party over the weekend, no longer needed",0.545,1
0.05981769952752841,0.24691700199916175,0,0.0383217801905984,35.842373126339126,17.602728314616375,1,0,Footwear,CHANGED_MIND,UNOPENED,Ordered wrong color variant by accident,0.845,0
0.18654469713481986,0.04514383628183338,0,0.027038356916578882,1101.9664252021284,393.16971455518103,6,1,Luxury Apparel,WRONG_ITEM,OPENED_LIKE_NEW,Do not need this anymore,0.62,0
0.1106646347420892,0.029734900737255078,0,0.23714735321401015,1166.4275643918265,628.5333397438201,5,1,Electronics,DEFECTIVE,DAMAGED,Missing power cable and scratches on lens,0.24499999999999994,0
0.1053585589983435,0.21551066274732836,0,0.03533648195605211,410.15654896217654,211.55181418855943,2,1,Designer Handbags,DOES_NOT_FIT,OPENED_LIKE_NEW,Too loose around the waist,0.64,0
0.026661374248788672,0.14906746962051326,0,0.016900265118631092,179.85758750164342,65.71827906468661,14,0,Electronics,DOES_NOT_FIT,UNOPENED,Too loose around the waist,0.7000000000000001,0
0.11051754086415817,0.03398749637680661,0,0.20321035115988945,115.81335532677315,47.837640749625564,2,1,Luxury Apparel,DEFECTIVE,DAMAGED,Stopped powering on after 2 days,0.33999999999999997,0
0.11710843262756071,0.19768079120974089,0,0.019562575087962098,766.0339966669305,403.8497139212925,13,0,Luxury Apparel,WRONG_ITEM,UNOPENED,"Changed mind, found cheaper elsewhere",0.7849999999999999,0
0.13085537387281485,0.05823986868840844,0,0.01073202344669614,264.2771903227557,93.62122064083663,10,0,Footwear,WRONG_ITEM,UNOPENED,Do not need this anymore,0.7999999999999999,0
0.13371121744894593,0.0528937134027212,0,0.2396415087471923,244.66538983775797,134.46487408042236,4,1,Apparel,DEFECTIVE,OPENED_LIKE_NEW,Left speaker makes a buzzing sound,0.63,0
0.08312812678130783,0.19179707223278172,0,0.022057927408277264,156.96579558357493,74.63740730767346,2,1,Footwear,CHANGED_MIND,UNOPENED,"Changed mind, found cheaper elsewhere",0.84,0
0.8931547013838523,0.9755433713758026,4,0.02536546827729036,139.8858650960168,60.74843053916433,22,0,Footwear,CHANGED_MIND,USED,"Wore to wedding party over the weekend, no longer needed",0.24,1
0.15276481428600047,0.059694286442075584,0,0.01331422339394184,122.52109335121355,49.92094973503638,13,1,Footwear,WRONG_ITEM,UNOPENED,"Changed mind, found cheaper elsewhere",0.7849999999999999,0
0.058520055659278716,0.023360775104990995,0,0.08715584223818153,60.73376429076002,33.25443726235287,1,1,Luxury Apparel,DEFECTIVE,OPENED_LIKE_NEW,Zipper arrived broken and jammed,0.645,0
0.09699916407245524,0.09608166178992042,0,0.030389418480792095,293.17450992347443,158.31195938340224,12,1,Designer Handbags,DOES_NOT_FIT,UNOPENED,"Sleeves are too long, otherwise nice fabric",0.79,0
0.16154210259479937,0.02235275057806488,0,0.02252742327354785,266.7575345795953,143.76801412382875,5,1,Footwear,WRONG_ITEM,UNOPENED,ISP provided complimentary router so unneeded,0.825,0
0.10413227202497656,0.15335284730267693,0,0.015011018382762257,1189.755606318893,471.5410033208901,2,1,Designer Handbags,DOES_NOT_FIT,UNOPENED,Too loose around the waist,0.84,0
0.14255513063756634,0.06496466489923684,0,0.18331525512940605,165.98934052953987,65.75401517075974,3,1,Footwear,DEFECTIVE,OPENED_LIKE_NEW,Missing power cable and scratches on lens,0.635,0
0.5794376144024787,0.761736138539649,4,0.013728765242885091,239.38573023085715,100.54800374837917,22,0,Home & Kitchen,DEFECTIVE,USED,"Dress worn once for gala evening, return please",0.24,1
0.02751954795324153,0.09691026301408114,0,0.23024360044378234,1116.192648506447,612.7691864931579,2,1,Electronics,DEFECTIVE,DAMAGED,Zipper arrived broken and jammed,0.25999999999999995,0
0.05130114485950772,0.09906050472566469,0,0.032747154271122736,216.40566996479285,82.40277383094056,7,1,Home & Kitchen,WRONG_ITEM,UNOPENED,"Changed mind, found cheaper elsewhere",0.815,0
0.16684996249831122,0.056110142959165166,0,0.016714528444678693,662.8903305563598,310.62244557618254,13,1,Electronics,DOES_NOT_FIT,UNOPENED,"Sleeves are too long, otherwise nice fabric",0.705,0
0.12441551741080603,0.022871709349438718,0,0.03632382587891141,348.09604940289904,130.85034377846898,13,1,Luxury Apparel,DOES_NOT_FIT,UNOPENED,"Size 9 fits too small, need half size up",0.7849999999999999,0
0.1799746543764159,0.23891287455743834,0,0.03586382851796352,247.61692054934147,119.11572248436667,13,0,Apparel,WRONG_ITEM,UNOPENED,"Changed mind, found cheaper elsewhere",0.7849999999999999,0
0.1191543267096451,0.021746689977852535,0,0.02225359639212096,127.48934217838635,51.24443756642539,13,0,Apparel,DOES_NOT_FIT,OPENED_LIKE_NEW,"Sleeves are too long, otherwise nice fabric",0.585,0
0.1502156204639453,0.1239689337696927,0,0.012431386477229439,295.41251426178115,143.76301784443888,12,1,Luxury Apparel,DOES_NOT_FIT,UNOPENED,Did not fit my shoulders properly,0.79,0
0.033703554708254035,0.21280172851219217,0,0.02485439581041923,157.1613087648282,73.62717461960233,4,1,Footwear,WRONG_ITEM,UNOPENED,Do not need this anymore,0.83,0
0.16844257386652686,0.08695230197554826,0,0.03034048457677191,180.57629009884255,72.845496410336,10,0,Footwear,DOES_NOT_FIT,UNOPENED,Too loose around the waist,0.7999999999999999,0
0.17815339754392845,0.19935650540173203,0,0.029753555039752765,258.9099755009165,135.52871548983867,14,1,Footwear,CHANGED_MIND,OPENED_LIKE_NEW,Do not need this anymore,0.5800000000000001,0
0.8187633395217656,0.9343637319418281,4,0.023949429233385673,212.03871223408262,100.44746128394867,20,0,Apparel,DEFECTIVE,OPENED_LIKE_NEW,"Dress worn once for gala evening, return please",0.55,1
0.15548899512037542,0.039651276323268425,0,0.03642612277596785,264.7569701299388,94.2136239536311,3,1,Home & Kitchen,DOES_NOT_FIT,UNOPENED,Too loose around the waist,0.835,0
0.8716175377541432,0.7360835628925646,5,0.016702377085182837,229.46477048019213,87.69041619789617,14,0,Apparel,DEFECTIVE,OPENED_LIKE_NEW,"Tags removed for event photoshoot, want refund",0.5800000000000001,1
0.868085160853578,0.9329975698281677,6,0.020149354675216724,26.756114722129233,10.900645196915987,14,0,Footwear,DEFECTIVE,USED,"Dress worn once for gala evening, return please",0.27999999999999997,1
0.1310468453076336,0.24529654450685587,0,0.02895440581050005,341.37215403442536,162.76663241949382,3,1,Designer Handbags,WRONG_ITEM,OPENED_LIKE_NEW,Ordered wrong color variant by accident,0.635,0
0.117197368348854,0.1949613487877859,0,0.013209419164808752,234.28267318805771,107.36081180773887,1,0,Footwear,DOES_NOT_FIT,UNOPENED,Did not fit my shoulders properly,0.845,0
0.1451889605016693,0.03418721660386861,0,0.18754572183277118,1121.1526023916203,415.3892204985085,1,1,Electronics,DEFECTIVE,DAMAGED,Stopped powering on after 2 days,0.26499999999999996,0
0.14183970334073864,0.06878857223008134,0,0.09153230004787923,389.11773765830685,191.3036723816894,4,1,Luxury Apparel,DEFECTIVE,OPENED_LIKE_NEW,Screen flickers and has green lines,0.63,0
0.032123108264378905,0.14554261504406832,0,0.0203764917085887,195.7517673860562,70.30393537764608,1,0,Apparel,DOES_NOT_FIT,UNOPENED,Did not fit my shoulders properly,0.845,0
0.13329978479980892,0.0973488969177397,0,0.24470923539856754,231.1542537293043,86.91798635682596,4,1,Apparel,DEFECTIVE,DAMAGED,Stopped powering on after 2 days,0.32999999999999996,0
0.11857421547077295,0.0024586916458801513,0,0.08376100375992954,415.38785421346785,185.9810382423572,1,1,Designer Handbags,DEFECTIVE,OPENED_LIKE_NEW,Zipper arrived broken and jammed,0.645,0
0.8466833380135069,0.8913227054498214,6,0.018918054127534965,357.4069328867324,196.3682683718731,15,0,Designer Handbags,DEFECTIVE,USED,"Wore to church event, returned Monday",0.27499999999999997,1
0.09671263440247514,0.11284675608241887,0,0.014908714635750076,961.9790765499181,470.15423418774503,6,0,Electronics,CHANGED_MIND,OPENED_LIKE_NEW,Ordered wrong color variant by accident,0.54,0
0.04870004966253885,0.00823810456158427,0,0.19568488135270123,799.2330085661168,323.41115977456747,2,1,Designer Handbags,DEFECTIVE,DAMAGED,Screen flickers and has green lines,0.33999999999999997,0
0.14361226309255334,0.015105789178090023,0,0.15349691617724232,284.4943780460897,123.45504471170162,4,1,Apparel,DEFECTIVE,DAMAGED,Stopped powering on after 2 days,0.32999999999999996,0
0.7873366764488385,0.8113264314295824,5,0.0154843040469734,1181.4140716334007,510.21351608342366,28,0,Luxury Apparel,DEFECTIVE,USED,"Tags removed for event photoshoot, want refund",0.20999999999999996,1
0.13623289647828749,0.02299546058910862,0,0.11622779968426417,76.11553614603318,36.56083161152539,5,1,Electronics,DEFECTIVE,DAMAGED,Left speaker makes a buzzing sound,0.24499999999999994,0
0.08633474187027702,0.21608956245990926,0,0.024196297200746716,1163.1043763810771,450.24363958230833,13,1,Electronics,DOES_NOT_FIT,UNOPENED,Too loose around the waist,0.705,0
0.1329210118342294,0.07765968527917418,0,0.21105671358948885,257.31538773214413,129.22502236684275,4,0,Home & Kitchen,DEFECTIVE,DAMAGED,Screen flickers and has green lines,0.32999999999999996,0
0.13271965789365478,0.03281121942059689,0,0.010975785384737558,278.2331581493139,131.6961182488344,8,0,Home & Kitchen,CHANGED_MIND,OPENED_LIKE_NEW,Ordered wrong color variant by accident,0.61,0
0.16337671237571175,0.12038058787813752,0,0.013519245668871834,185.2155189549585,90.22089772455931,12,1,Designer Handbags,WRONG_ITEM,OPENED_LIKE_NEW,Ordered wrong color variant by accident,0.5900000000000001,0
0.0974550610819033,0.05013118167508418,0,0.024747836402243106,42.657457695661876,19.895194284931357,2,1,Footwear,DOES_NOT_FIT,UNOPENED,Too loose around the waist,0.84,0
0.0549691425765627,0.07975591006371882,0,0.13276153301700755,568.0553729348894,200.13960255345145,2,1,Designer Handbags,DEFECTIVE,DAMAGED,Missing power cable and scratches on lens,0.33999999999999997,0
0.0330404398030206,0.0981233891016712,0,0.024398165041513705,736.0238358183923,300.54246452569834,7,1,Designer Handbags,WRONG_ITEM,UNOPENED,Ordered wrong color variant by accident,0.815,0
0.8127418487569441,0.9408342712129772,5,0.02559701977786699,85.95783740409429,38.34591070021824,7,0,Electronics,DEFECTIVE,USED,"Tags removed for event photoshoot, want refund",0.23499999999999993,1
0.03888743211527148,0.06051125396563187,0,0.03959987779801439,64.18627429791613,28.869550376552567,13,0,Home & Kitchen,DOES_NOT_FIT,UNOPENED,"Sleeves are too long, otherwise nice fabric",0.7849999999999999,0
0.13126803217726143,0.175616242636026,0,0.02678946050460742,51.33418300625304,21.318688960560138,11,1,Designer Handbags,WRONG_ITEM,UNOPENED,"Changed mind, found cheaper elsewhere",0.7949999999999999,0
0.11318809580924807,0.02196662478620834,0,0.020518807936275422,78.51560619798522,28.714389836945447,7,1,Designer Handbags,DOES_NOT_FIT,UNOPENED,"Sleeves are too long, otherwise nice fabric",0.815,0
0.0716000259062075,0.013271575404306036,0,0.1764819442044649,839.7793641992282,428.3860153025668,2,1,Designer Handbags,DEFECTIVE,OPENED_LIKE_NEW,Screen flickers and has green lines,0.64,0
0.056027043964065826,0.04187064556476744,0,0.013137035210032007,200.0183186245001,98.26802891076147,12,1,Footwear,DOES_NOT_FIT,OPENED_LIKE_NEW,Too loose around the waist,0.5900000000000001,0
0.024106198827333464,0.09362122462436899,0,0.08883511822075031,173.8564922077944,85.50472720768262,1,1,Apparel,DEFECTIVE,OPENED_LIKE_NEW,Zipper arrived broken and jammed,0.645,0
0.17677444227429542,0.17852173303310695,0,0.03405184249209375,433.762223349655,222.5048487683438,13,0,Electronics,WRONG_ITEM,OPENED_LIKE_NEW,Do not need this anymore,0.505,0
0.034420672349241524,0.2237041640151319,0,0.026427771284612087,988.0654131564927,435.2069051389345,5,0,Designer Handbags,WRONG_ITEM,UNOPENED,"Changed mind, found cheaper elsewhere",0.825,0
0.13584398513537452,0.1316006652340283,0,0.03194768565265996,134.6907791554839,48.76754654768862,9,1,Luxury Apparel,WRONG_ITEM,OPENED_LIKE_NEW,ISP provided complimentary router so unneeded,0.605,0
0.06447858212182636,0.039886170028297085,0,0.03615350699776605,294.2882253353314,160.43800972765027,9,1,Luxury Apparel,DOES_NOT_FIT,UNOPENED,Did not fit my shoulders properly,0.8049999999999999,0
0.08064124251879924,0.04552947892217482,0,0.03369095521427437,206.14463826274093,92.6906985424152,2,1,Footwear,WRONG_ITEM,UNOPENED,ISP provided complimentary router so unneeded,0.84,0
0.11996543916877364,0.17980044456806596,0,0.016853642239938963,298.991826915604,162.9381771034825,13,1,Footwear,WRONG_ITEM,UNOPENED,Do not need this anymore,0.7849999999999999,0
0.7926465588561216,0.7558718862601606,4,0.023604564848625824,44.85456246927336,15.97407777925165,24,0,Apparel,CHANGED_MIND,OPENED_LIKE_NEW,"Dress worn once for gala evening, return please",0.53,1
0.06638291993201847,0.11565573918482908,0,0.036048175162251415,883.5161209289173,440.46927924496464,3,1,Luxury Apparel,WRONG_ITEM,OPENED_LIKE_NEW,ISP provided complimentary router so unneeded,0.635,0
0.09658880020065358,0.08648374813674073,0,0.02113116288953808,1185.673493933827,424.4970039010192,3,1,Electronics,WRONG_ITEM,UNOPENED,ISP provided complimentary router so unneeded,0.755,0
0.1327140944959183,0.057867540857239344,0,0.15456462126223036,224.44585661416255,100.40221530407192,1,1,Home & Kitchen,DEFECTIVE,DAMAGED,Missing power cable and scratches on lens,0.345,0
0.17721618285469892,0.22517546600281463,0,0.02265162780620366,101.12764423963918,47.37527414291829,10,1,Home & Kitchen,CHANGED_MIND,UNOPENED,ISP provided complimentary router so unneeded,0.7999999999999999,0
0.1842254022110044,0.052665547251416645,0,0.028688997506904484,198.67906052544316,98.66851249439235,10,0,Apparel,WRONG_ITEM,UNOPENED,ISP provided complimentary router so unneeded,0.7999999999999999,0
0.03710379906654378,0.07158249646820886,0,0.23453552851315895,74.41285493931653,29.579754624633477,1,1,Apparel,DEFECTIVE,OPENED_LIKE_NEW,Missing power cable and scratches on lens,0.645,0
0.19485111692749513,0.04524423817737244,0,0.035631552801087374,160.37641052320956,64.06175013963896,7,0,Home & Kitchen,CHANGED_MIND,OPENED_LIKE_NEW,ISP provided complimentary router so unneeded,0.615,0
0.17673498222905207,0.11132631375066637,0,0.025444520617890706,456.7107085037282,214.0101486696518,5,1,Electronics,WRONG_ITEM,UNOPENED,Ordered wrong color variant by accident,0.745,0
0.0494342970653041,0.09777038416294018,0,0.039082369670058625,95.98669399281007,46.20293914812029,3,1,Home & Kitchen,CHANGED_MIND,UNOPENED,"Changed mind, found cheaper elsewhere",0.835,0
0.07853421156044509,0.19336828142165016,0,0.013926209821550494,291.7007873965998,128.56942889559983,12,1,Footwear,CHANGED_MIND,UNOPENED,ISP provided complimentary router so unneeded,0.79,0
0.06248908340236352,0.018374186832503164,0,0.015092737152626223,642.9377803249805,268.362637957183,2,1,Designer Handbags,DOES_NOT_FIT,UNOPENED,Too loose around the waist,0.84,0
0.8729975146471742,0.8206485066253056,5,0.014974285451752598,194.71487131610826,95.67421192763923,12,0,Footwear,DEFECTIVE,USED,"Wore to wedding party over the weekend, no longer needed",0.29,1
0.05006754342217098,0.041904804072079416,0,0.011100142808006289,227.51055414305114,109.83320113444853,12,1,Apparel,DOES_NOT_FIT,OPENED_LIKE_NEW,Too loose around the waist,0.5900000000000001,0
0.10543355763496651,0.21104261224229928,0,0.034170104588501594,719.0110627002325,376.5132031678674,5,1,Luxury Apparel,WRONG_ITEM,UNOPENED,Do not need this anymore,0.825,0
0.05705141780661829,0.02797990484943197,0,0.018092488345509687,106.22075306360523,48.461509026003704,4,1,Electronics,WRONG_ITEM,OPENED_LIKE_NEW,Do not need this anymore,0.55,0
0.9214725615327326,0.7110161913871826,5,0.012442198280200536,564.5508728087849,303.03679673101436,20,1,Electronics,DEFECTIVE,OPENED_LIKE_NEW,"Dress worn once for gala evening, return please",0.47000000000000003,1
0.0769080988958151,0.1268087021720981,0,0.011247185771511764,212.07811311602308,116.07587055471652,6,1,Electronics,CHANGED_MIND,OPENED_LIKE_NEW,Ordered wrong color variant by accident,0.54,0
0.19372136535848822,0.001234995233602404,0,0.038554353562697166,781.3791278659804,409.11734275929,2,1,Electronics,DOES_NOT_FIT,UNOPENED,Too loose around the waist,0.76,0
0.10185317401409465,0.12889900714481256,0,0.024665397407707606,208.3876708251787,78.75600473010888,2,1,Footwear,CHANGED_MIND,UNOPENED,"Changed mind, found cheaper elsewhere",0.84,0
0.025395246177082033,0.07698248539779773,0,0.0311404228820994,274.15000446262013,132.87680248217688,9,1,Designer Handbags,CHANGED_MIND,UNOPENED,ISP provided complimentary router so unneeded,0.8049999999999999,0
0.9364604207482716,0.7262922004210371,3,0.023452042364502525,554.7502543933025,290.48301633075516,7,0,Electronics,CHANGED_MIND,OPENED_LIKE_NEW,"Dress worn once for gala evening, return please",0.535,1
0.5797174052513236,0.893935266623326,6,0.026762305792962203,284.7689103553564,138.5826779280724,21,0,Apparel,DEFECTIVE,OPENED_LIKE_NEW,"Dress worn once for gala evening, return please",0.545,1
0.10949145752151693,0.15446181005030346,0,0.03606714953436155,181.91768032567816,64.77677679638064,1,1,Apparel,WRONG_ITEM,UNOPENED,Ordered wrong color variant by accident,0.845,0
0.9189269129781399,0.8930674902888371,5,0.02353026771554493,84.31066690937223,40.61894810072241,11,0,Home & Kitchen,DEFECTIVE,OPENED_LIKE_NEW,"Wore to wedding party over the weekend, no longer needed",0.595,1
0.09089559301774854,0.16280824426037302,0,0.013197790909239723,205.90745876583492,113.22495867386883,3,1,Apparel,WRONG_ITEM,UNOPENED,"Changed mind, found cheaper elsewhere",0.835,0
0.028678166994900084,0.24429354605532932,0,0.02220723882168612,264.45719884274627,133.94151430081664,4,1,Home & Kitchen,CHANGED_MIND,OPENED_LIKE_NEW,ISP provided complimentary router so unneeded,0.63,0
0.7551573174440005,0.9067657785903713,2,0.027570311226026954,136.13858845403405,56.552872557487795,16,0,Home & Kitchen,DEFECTIVE,USED,"Dress worn once for gala evening, return please",0.26999999999999996,1
0.14016680940144527,0.20196148548531465,0,0.03286855404329847,244.39875343612448,106.83076753421473,12,0,Footwear,WRONG_ITEM,OPENED_LIKE_NEW,Do not need this anymore,0.5900000000000001,0
0.8680253972787597,0.7336585355037704,3,0.02088978195921699,26.583631636983434,11.030005100274872,13,0,Home & Kitchen,DEFECTIVE,OPENED_LIKE_NEW,"Dress worn once for gala evening, return please",0.585,1
0.08596307627685162,0.09904317290231385,0,0.030864016200695864,131.8534778493451,57.98108017359124,14,0,Footwear,CHANGED_MIND,UNOPENED,Ordered wrong color variant by accident,0.78,0
0.06275794355737895,0.09331294790733502,0,0.016818088817894546,45.128879036322004,21.241699377782076,4,1,Home & Kitchen,CHANGED_MIND,UNOPENED,Do not need this anymore,0.83,0
0.10686766381215212,0.061949034600961454,0,0.1587939874460973,480.5515050079066,251.16828367790916,2,1,Designer Handbags,DEFECTIVE,DAMAGED,Left speaker makes a buzzing sound,0.33999999999999997,0
0.08748063206770836,0.0479181877629731,0,0.08435915118709407,118.843152597193,50.63183259704791,3,1,Footwear,DEFECTIVE,DAMAGED,Left speaker makes a buzzing sound,0.33499999999999996,0
0.0917881005614421,0.14504309230683307,0,0.02600807640180635,192.17390051819729,96.6589851436953,13,1,Home & Kitchen,CHANGED_MIND,OPENED_LIKE_NEW,Ordered wrong color variant by accident,0.585,0
0.12568814603309214,0.07181230762264944,0,0.24243902831233888,61.14979590457949,23.79678534003453,4,1,Electronics,DEFECTIVE,DAMAGED,Screen flickers and has green lines,0.24999999999999994,0
0.021361317496065582,0.16186867853865075,0,0.036940916468499604,91.9576315584823,49.23475126794163,12,1,Home & Kitchen,DOES_NOT_FIT,OPENED_LIKE_NEW,Too loose around the waist,0.5900000000000001,0
0.030848130252120957,0.23360900670137857,0,0.020548680617189032,157.64816100109115,70.49621421399976,11,0,Electronics,WRONG_ITEM,UNOPENED,ISP provided complimentary router so unneeded,0.715,0
0.06621978218969143,0.07121822549048071,0,0.019218698947788597,971.5100414858896,444.78863337413367,12,1,Luxury Apparel,DOES_NOT_FIT,UNOPENED,"Size 9 fits too small, need half size up",0.79,0
0.07603538584808066,0.1525834458277296,0,0.0314845202266958,99.97160020172178,43.258693158897366,8,1,Home & Kitchen,DOES_NOT_FIT,UNOPENED,"Sleeves are too long, otherwise nice fabric",0.8099999999999999,0
0.041939496800650566,0.04528733738367008,0,0.030433535618949487,250.46848332692724,113.9713444056097,1,0,Luxury Apparel,CHANGED_MIND,UNOPENED,Ordered wrong color variant by accident,0.845,0
0.1476283271100379,0.02671923077368596,0,0.027019366588867104,337.612829093582,183.1837834945941,3,1,Electronics,DOES_NOT_FIT,OPENED_LIKE_NEW,"Size 9 fits too small, need half size up",0.555,0
0.10703821640958647,0.20149813744378953,0,0.026506796264687854,90.35853811159024,43.06761487946024,3,0,Luxury Apparel,DOES_NOT_FIT,OPENED_LIKE_NEW,Did not fit my shoulders properly,0.635,0
0.19125260159719829,0.1504029550365828,0,0.0345756657828037,1065.679497484153,421.59981147082124,2,0,Designer Handbags,DOES_NOT_FIT,UNOPENED,Too loose around the waist,0.84,0
0.04756582918806947,0.06109809888509918,0,0.1498748398671398,1014.2391113253956,537.5514195333897,2,0,Designer Handbags,DEFECTIVE,DAMAGED,Missing power cable and scratches on lens,0.33999999999999997,0
0.06594477930935336,0.023687055897448208,0,0.21268933759145647,100.57165977573743,51.746418395149654,2,1,Footwear,DEFECTIVE,DAMAGED,Screen flickers and has green lines,0.33999999999999997,0
0.07508597297433917,0.06675498992914705,0,0.09624100335189359,196.56131428605758,86.5564697370304,3,1,Home & Kitchen,DEFECTIVE,OPENED_LIKE_NEW,Stopped powering on after 2 days,0.635,0
0.12558952337158535,0.042003551936215855,0,0.03210621234832546,262.26919632438785,103.16305334979899,11,0,Apparel,DOES_NOT_FIT,UNOPENED,"Sleeves are too long, otherwise nice fabric",0.7949999999999999,0
0.037228619993629114,0.005909646511584099,0,0.02925914501329798,191.95085992441471,88.17060867132884,3,0,Footwear,DOES_NOT_FIT,UNOPENED,Did not fit my shoulders properly,0.835,0
0.05015312249507681,0.03909059959055147,0,0.1810609769816494,161.61088618627159,88.4911888219741,3,1,Footwear,DEFECTIVE,OPENED_LIKE_NEW,Stopped powering on after 2 days,0.635,0
0.04455915546021197,0.17378613851189845,0,0.022129563043128762,142.75489410454406,70.45233154582851,10,1,Footwear,CHANGED_MIND,UNOPENED,Ordered wrong color variant by accident,0.7999999999999999,0
0.14463850723838656,0.24781399842554708,0,0.013851828683623757,53.63015358064574,26.53983415463354,8,1,Home & Kitchen,DOES_NOT_FIT,UNOPENED,"Size 9 fits too small, need half size up",0.8099999999999999,0
0.12410964506115366,0.06854016663995147,0,0.012382581069669598,48.5560186390184,25.678276279062658,11,0,Footwear,WRONG_ITEM,UNOPENED,Ordered wrong color variant by accident,0.7949999999999999,0
0.05453611844937373,0.08084289052888019,0,0.01679969206680964,451.79571476504725,164.401579098808,8,1,Designer Handbags,DOES_NOT_FIT,OPENED_LIKE_NEW,"Sleeves are too long, otherwise nice fabric",0.61,0
0.11343076236348869,0.016903140898053726,0,0.034010695234670846,89.27082252536908,40.88624944192799,8,0,Home & Kitchen,CHANGED_MIND,OPENED_LIKE_NEW,Do not need this anymore,0.61,0
0.1784142357610625,0.16271934226179854,0,0.02598873359654006,114.19178210672828,47.57234011676798,9,0,Home & Kitchen,DOES_NOT_FIT,UNOPENED,"Size 9 fits too small, need half size up",0.8049999999999999,0
0.14050765193567424,0.24853484030529188,0,0.029855175695481358,687.0287641492289,340.8556508671647,9,1,Electronics,DOES_NOT_FIT,OPENED_LIKE_NEW,"Size 9 fits too small, need half size up",0.525,0
0.7093425255276732,0.7168398559282199,4,0.021245936317558195,288.34695323897955,111.03104749817476,24,0,Apparel,CHANGED_MIND,USED,"Dress worn once for gala evening, return please",0.22999999999999998,1
0.14420088034771986,0.05023342216476412,0,0.02607483053419244,51.5860236528479,22.701677432570765,8,1,Apparel,WRONG_ITEM,OPENED_LIKE_NEW,Do not need this anymore,0.61,0
0.1561093992011443,0.08689288105974552,0,0.02994735173461654,243.7487392171755,130.51174363166075,5,0,Footwear,DOES_NOT_FIT,UNOPENED,Did not fit my shoulders properly,0.825,0
0.05050347064120896,0.03993159158093082,0,0.10591072226617096,297.9329630935532,159.51336611559907,5,1,Footwear,DEFECTIVE,OPENED_LIKE_NEW,Screen flickers and has green lines,0.625,0
0.09019442693647275,0.08420332943764214,0,0.16856285613624716,196.48606420075893,72.27246424838638,1,0,Footwear,DEFECTIVE,OPENED_LIKE_NEW,Screen flickers and has green lines,0.645,0
0.8398716892235636,0.7357597754178657,5,0.026521352605050563,240.05772410935612,118.04813126122514,14,0,Footwear,DEFECTIVE,OPENED_LIKE_NEW,"Tags removed for event photoshoot, want refund",0.5800000000000001,1
0.02650886849445718,0.07578208898633215,0,0.017893377097325285,124.03751205466774,45.58732687077847,11,0,Footwear,CHANGED_MIND,UNOPENED,Do not need this anymore,0.7949999999999999,0
0.1886524081455913,0.13845056017809407,0,0.019165729319740706,500.49855980616877,219.93934142502508,9,1,Luxury Apparel,CHANGED_MIND,UNOPENED,"Changed mind, found cheaper elsewhere",0.8049999999999999,0
0.12810698000491114,0.12891985692412444,0,0.03758175919643252,616.4776401707632,338.0958203907241,5,1,Luxury Apparel,DOES_NOT_FIT,OPENED_LIKE_NEW,"Size 9 fits too small, need half size up",0.625,0
0.17325649239411725,0.05212762858933395,0,0.037917856439317485,57.00075941850592,29.269316630563917,4,1,Home & Kitchen,WRONG_ITEM,OPENED_LIKE_NEW,Do not need this anymore,0.63,0
0.0694810281519554,0.08779743204450696,0,0.22756963731826657,974.8734641364406,495.2416540909319,4,1,Luxury Apparel,DEFECTIVE,OPENED_LIKE_NEW,Screen flickers and has green lines,0.63,0
0.059608288082745306,0.008091928305125218,0,0.14850663039007744,241.28843738435006,117.98768554448803,5,1,Electronics,DEFECTIVE,OPENED_LIKE_NEW,Screen flickers and has green lines,0.545,0
0.08229795077680141,0.24390255021497873,0,0.029229162320359957,251.18215499944927,94.5713208277861,7,1,Apparel,DOES_NOT_FIT,OPENED_LIKE_NEW,"Sleeves are too long, otherwise nice fabric",0.615,0
0.13206188269544095,0.09227571905133944,0,0.1628005261992191,191.7195578815188,96.42764463704653,5,0,Apparel,DEFECTIVE,OPENED_LIKE_NEW,Screen flickers and has green lines,0.625,0
0.05147095290687426,0.1256415191158606,0,0.02195989083316939,209.79383090820897,88.8491317065083,13,0,Luxury Apparel,WRONG_ITEM,UNOPENED,Ordered wrong color variant by accident,0.7849999999999999,0
0.028862400220114166,0.0025811906949486985,0,0.10297826915631987,1157.2135294434418,532.2093380585025,4,1,Designer Handbags,DEFECTIVE,OPENED_LIKE_NEW,Stopped powering on after 2 days,0.63,0
0.1938479890075796,0.108124469582533,0,0.019354483992557785,627.1245608946831,274.619311261538,7,1,Electronics,WRONG_ITEM,UNOPENED,ISP provided complimentary router so unneeded,0.735,0
0.039019643167113906,0.16020657867255156,0,0.01648114547528799,758.7220276814824,364.2170879335272,6,0,Electronics,WRONG_ITEM,OPENED_LIKE_NEW,Do not need this anymore,0.54,0
0.5684111839078916,0.717177895590987,5,0.025615231721368793,151.44511653656303,54.76751534550418,10,0,Footwear,DEFECTIVE,OPENED_LIKE_NEW,"Wore to church event, returned Monday",0.6,1
0.1990759370905581,0.01444514024909166,0,0.030851056865756593,1181.0675533055598,469.87121575408037,9,1,Designer Handbags,DOES_NOT_FIT,OPENED_LIKE_NEW,Did not fit my shoulders properly,0.605,0
0.045604886363695314,0.030346234855607224,0,0.019098254427027866,52.78759802792784,25.783166244938958,4,1,Footwear,DOES_NOT_FIT,UNOPENED,Did not fit my shoulders properly,0.83,0
0.031212523663411287,0.12735553203744743,0,0.0399009056155893,984.2055126269818,465.5724019358908,14,1,Electronics,CHANGED_MIND,UNOPENED,"Changed mind, found cheaper elsewhere",0.7000000000000001,0
0.07512565174159011,0.15597395907290962,0,0.025811243917349548,534.2567253128309,200.95643342781588,4,0,Designer Handbags,WRONG_ITEM,OPENED_LIKE_NEW,"Changed mind, found cheaper elsewhere",0.63,0
0.17958875874328403,0.11244616220533063,0,0.015838675354622953,126.13382149125465,54.59399117787936,14,0,Apparel,WRONG_ITEM,UNOPENED,ISP provided complimentary router so unneeded,0.78,0
0.1689568212020374,0.1834035951403505,0,0.03307914680924019,52.796266737230766,22.872968856363514,12,1,Designer Handbags,DOES_NOT_FIT,OPENED_LIKE_NEW,"Sleeves are too long, otherwise nice fabric",0.5900000000000001,0
0.10664194729435826,0.004798069205764172,0,0.017794396262351027,234.07970135858713,88.34681526958707,4,1,Footwear,WRONG_ITEM,UNOPENED,ISP provided complimentary router so unneeded,0.83,0
0.11635582366146652,0.053800468004309376,0,0.010363623239316798,319.7936908154681,174.343445755941,6,1,Designer Handbags,WRONG_ITEM,UNOPENED,Ordered wrong color variant by accident,0.82,0
0.16427668013893815,0.23989416108025835,0,0.024635621317790873,55.17745463631346,25.359111091786406,6,0,Footwear,WRONG_ITEM,OPENED_LIKE_NEW,Do not need this anymore,0.62,0
0.07906905349279492,0.0844357082739616,0,0.09667403873332159,606.3597189452627,230.4225948612332,2,1,Designer Handbags,DEFECTIVE,OPENED_LIKE_NEW,Screen flickers and has green lines,0.64,0
0.0784416668402108,0.1843392693469499,0,0.024280543881062995,128.36927841508657,55.05697449166112,4,1,Apparel,WRONG_ITEM,UNOPENED,Do not need this anymore,0.83,0
0.10270041831307761,0.19625413595926422,0,0.036762540668207035,287.7170387885803,145.98206599721908,11,1,Footwear,DOES_NOT_FIT,UNOPENED,Did not fit my shoulders properly,0.7949999999999999,0
0.0767732412346423,0.17203367652163554,0,0.023128093721661757,95.03442106266408,49.244396119690535,12,0,Footwear,WRONG_ITEM,UNOPENED,Do not need this anymore,0.79,0
0.5172918570330463,0.9524933577979185,6,0.01922954929249468,779.1537130976053,375.4514109305829,19,1,Luxury Apparel,DEFECTIVE,USED,"Wore to church event, returned Monday",0.255,1
0.18112119332717655,0.15916742054180183,0,0.028418007542801854,117.31636705040036,53.22427762451924,7,1,Electronics,WRONG_ITEM,OPENED_LIKE_NEW,"Changed mind, found cheaper elsewhere",0.535,0
0.039521970106215415,0.07374337687214856,0,0.16707772653815467,212.06263928229717,75.98937680646209,2,1,Home & Kitchen,DEFECTIVE,OPENED_LIKE_NEW,Stopped powering on after 2 days,0.64,0
0.5381564072206114,0.900570548657551,6,0.011441686719973468,122.65780420769997,43.22727126961791,3,0,Designer Handbags,CHANGED_MIND,USED,"Dress worn once for gala evening, return please",0.33499999999999996,1
0.930425629234766,0.906502340648522,6,0.017065028170041283,106.54728485410519,44.74353562576314,3,0,Footwear,CHANGED_MIND,OPENED_LIKE_NEW,"Wore to church event, returned Monday",0.635,1
0.15943763561261273,0.1653426527676036,0,0.015555867036024039,72.88006721687319,26.942239838897674,9,1,Home & Kitchen,DOES_NOT_FIT,OPENED_LIKE_NEW,"Size 9 fits too small, need half size up",0.605,0
0.13885448954624088,0.19109316555543399,0,0.01795139284975012,64.29615479585885,23.56031862893024,7,1,Luxury Apparel,CHANGED_MIND,UNOPENED,Ordered wrong color variant by accident,0.815,0
0.1942148062721055,0.07386119436935507,0,0.03307669443514401,196.78248143492254,83.90567451207428,14,0,Footwear,DOES_NOT_FIT,UNOPENED,"Sleeves are too long, otherwise nice fabric",0.78,0
0.05702370719519992,0.030346604539851607,0,0.028450389041166,238.02428967539169,113.9614719000053,7,1,Home & Kitchen,WRONG_ITEM,UNOPENED,"Changed mind, found cheaper elsewhere",0.815,0
0.7386359599621213,0.7117463425608581,2,0.029369775551887675,244.646402705008,99.95381252908177,16,0,Footwear,CHANGED_MIND,OPENED_LIKE_NEW,"Wore to wedding party over the weekend, no longer needed",0.5700000000000001,1
0.19639465928459313,0.15047039740908053,0,0.027472679746217393,907.7648881382572,465.0969330243222,14,0,Designer Handbags,DOES_NOT_FIT,UNOPENED,"Size 9 fits too small, need half size up",0.78,0
0.1381661493196705,0.032023936591550006,0,0.020148025179834952,280.2230010896637,110.66654254987732,5,0,Apparel,DOES_NOT_FIT,UNOPENED,"Size 9 fits too small, need half size up",0.825,0
0.08699006429075241,0.108019220736049,0,0.023182149690833563,193.55838518599452,104.25348206745701,4,1,Apparel,DOES_NOT_FIT,UNOPENED,Too loose around the waist,0.83,0
0.0633246881298509,0.030375344075229516,0,0.01592411469579812,268.9043475575491,128.84878868967394,4,1,Home & Kitchen,DOES_NOT_FIT,UNOPENED,Too loose around the waist,0.83,0
0.07146322206304884,0.2039867347421543,0,0.03584109989090308,257.79144313982647,137.60528454822307,12,1,Footwear,WRONG_ITEM,UNOPENED,Ordered wrong color variant by accident,0.79,0
0.0654033836312051,0.18876048218656957,0,0.023816184918224202,256.5496020447669,127.17115937949535,7,1,Home & Kitchen,WRONG_ITEM,UNOPENED,Ordered wrong color variant by accident,0.815,0
0.12093816804496421,0.06561618376810716,0,0.11016289080985017,672.2312259204484,367.66607829762273,3,1,Electronics,DEFECTIVE,DAMAGED,Missing power cable and scratches on lens,0.25499999999999995,0
0.18872985196948142,0.010793433949252917,0,0.014944444471883114,192.80537720729183,95.47644810047828,9,0,Designer Handbags,CHANGED_MIND,UNOPENED,Do not need this anymore,0.8049999999999999,0
0.8680033984356252,0.7597831825669881,6,0.02011705385903658,256.19333270308,127.21544043880421,28,0,Footwear,CHANGED_MIND,OPENED_LIKE_NEW,"Wore to wedding party over the weekend, no longer needed",0.51,1
0.7440067424713317,0.8652973533284564,3,0.020167210938325596,385.1562035298319,178.32901637152887,13,0,Electronics,DEFECTIVE,OPENED_LIKE_NEW,"Tags removed for event photoshoot, want refund",0.505,1
0.8099983859225408,0.9445304164410261,4,0.02272582707958496,922.9009829700633,352.5613978885623,7,1,Electronics,DEFECTIVE,USED,"Used for Saturday dinner, slightly tight",0.23499999999999993,1
0.1030803453955622,0.002332904956773324,0,0.01740036593564869,224.77697165607634,123.2591475441608,2,1,Footwear,WRONG_ITEM,UNOPENED,Do not need this anymore,0.84,0
0.037852057925698866,0.10037357896532206,0,0.03400212906097479,276.68133616952264,127.55479675144258,7,1,Electronics,CHANGED_MIND,UNOPENED,Do not need this anymore,0.735,0
0.15195283328534148,0.15399636256504476,0,0.015640742038462482,452.24609967545774,229.1794903846478,3,0,Electronics,WRONG_ITEM,UNOPENED,ISP provided complimentary router so unneeded,0.755,0
0.7494019313594075,0.7014642917920155,4,0.025219815200561876,80.96117173067732,40.41150627555125,8,0,Luxury Apparel,DEFECTIVE,USED,"Tags removed for event photoshoot, want refund",0.31,1
0.046322472821480866,0.09580734801193802,0,0.14254992772135436,114.90619449297175,43.63879992637596,3,0,Footwear,DEFECTIVE,DAMAGED,Screen flickers and has green lines,0.33499999999999996,0
0.07500875878823869,0.21916269045705014,0,0.03989003012881742,126.2851208893833,55.53036186375554,3,1,Home & Kitchen,WRONG_ITEM,UNOPENED,ISP provided complimentary router so unneeded,0.835,0
0.11386922196635582,0.08861957804650746,0,0.1808175368117533,132.66956699890306,57.38282064155151,3,1,Footwear,DEFECTIVE,DAMAGED,Missing power cable and scratches on lens,0.33499999999999996,0
0.14521126636942525,0.0008045659010696704,0,0.02858768012379522,122.76057787137329,62.46542692127612,10,0,Footwear,WRONG_ITEM,UNOPENED,ISP provided complimentary router so unneeded,0.7999999999999999,0
0.036738315168163796,0.14705056673709763,0,0.024429186696583713,785.0976100500637,284.9674439238692,5,0,Luxury Apparel,DOES_NOT_FIT,OPENED_LIKE_NEW,Did not fit my shoulders properly,0.625,0
0.12439708173706365,0.14037114698988093,0,0.026819802832485126,190.95910831402506,92.67123072906358,5,0,Home & Kitchen,WRONG_ITEM,UNOPENED,ISP provided complimentary router so unneeded,0.825,0
0.16489801994253855,0.06745518003205359,0,0.034751482305401864,162.02031262244975,59.204110712955874,9,1,Footwear,WRONG_ITEM,UNOPENED,ISP provided complimentary router so unneeded,0.8049999999999999,0
0.5263479181597907,0.793586729234897,5,0.025697939542229348,219.61225705375185,111.50219243642755,28,0,Apparel,CHANGED_MIND,OPENED_LIKE_NEW,"Tags removed for event photoshoot, want refund",0.51,1
0.7327710753987242,0.8232557194275373,5,0.012949050534125678,115.25300724256067,50.34295996550608,10,0,Home & Kitchen,CHANGED_MIND,OPENED_LIKE_NEW,"Tags removed for event photoshoot, want refund",0.6,1
0.0359480773423311,0.055152988177802814,0,0.027946758821912165,893.3692125174603,491.0578103954883,10,1,Luxury Apparel,CHANGED_MIND,UNOPENED,"Changed mind, found cheaper elsewhere",0.7999999999999999,0
0.1879603996418404,0.16064129988379788,0,0.02263744159882216,199.948775294764,101.40008712186582,13,0,Footwear,WRONG_ITEM,UNOPENED,Do not need this anymore,0.7849999999999999,0
0.04130051436620972,0.10247622242407206,0,0.035194068569068516,130.5540617815871,60.62597118934962,4,0,Home & Kitchen,WRONG_ITEM,UNOPENED,"Changed mind, found cheaper elsewhere",0.83,0
0.7644962123879891,0.751653350877419,6,0.01724470883304577,428.03309494064126,152.05419487527195,28,0,Designer Handbags,DEFECTIVE,OPENED_LIKE_NEW,"Dress worn once for gala evening, return please",0.51,1
0.5108862937511098,0.9328751722292166,3,0.015461416199456249,640.9713688370259,262.63488705492335,17,0,Electronics,DEFECTIVE,USED,"Wore to church event, returned Monday",0.18499999999999994,1
0.1893222641207613,0.06482418971644344,0,0.02288970438216805,265.00081888326554,137.3729035381705,1,1,Footwear,WRONG_ITEM,UNOPENED,ISP provided complimentary router so unneeded,0.845,0
0.053498255212329926,0.2006608274489276,0,0.02374560660213678,600.2438916190121,226.1094696858831,12,1,Designer Handbags,DOES_NOT_FIT,OPENED_LIKE_NEW,"Size 9 fits too small, need half size up",0.5900000000000001,0
0.030478196788426205,0.07279393069737652,0,0.16439839590040095,546.7468150336083,271.13264537306435,3,1,Designer Handbags,DEFECTIVE,DAMAGED,Stopped powering on after 2 days,0.33499999999999996,0
0.15779232181839975,0.03972704191733839,0,0.02830675448432924,62.22237262636352,31.12829853624028,1,0,Footwear,CHANGED_MIND,UNOPENED,Ordered wrong color variant by accident,0.845,0
0.7956298203202128,0.9678520939033681,4,0.011379160327128424,106.18347653545501,43.15693771226808,19,0,Electronics,CHANGED_MIND,USED,"Tags removed for event photoshoot, want refund",0.175,1
0.054021738885667775,0.024697879907199984,0,0.23406327868857624,329.4735918254271,133.23580775160772,2,1,Luxury Apparel,DEFECTIVE,DAMAGED,Zipper arrived broken and jammed,0.33999999999999997,0
0.8417292180880837,0.8259271558861512,5,0.025534211139103622,42.97569333020594,19.232234684762044,17,0,Home & Kitchen,DEFECTIVE,USED,"Wore to church event, returned Monday",0.26499999999999996,1
0.5151261200824772,0.7175428969674992,3,0.02812874906688822,63.29247705733867,28.892011733619892,28,0,Footwear,DEFECTIVE,USED,"Wore to wedding party over the weekend, no longer needed",0.20999999999999996,1
0.09399720846812719,0.08683583156471067,0,0.036995000370618175,65.31514025956781,31.531402381931358,11,0,Luxury Apparel,DOES_NOT_FIT,UNOPENED,Did not fit my shoulders properly,0.7949999999999999,0
0.1934109981584391,0.14004204586546048,0,0.038104673860992755,39.370916803656534,17.077476265918985,10,1,Apparel,CHANGED_MIND,UNOPENED,Do not need this anymore,0.7999999999999999,0
0.06682840237316921,0.18270524124518245,0,0.0394389127149174,337.57487243532745,162.317786880973,12,0,Designer Handbags,WRONG_ITEM,OPENED_LIKE_NEW,ISP provided complimentary router so unneeded,0.5900000000000001,0
0.05565757389675323,0.14133256364290248,0,0.023917974600650087,292.3014656486727,137.8801957163088,4,1,Apparel,WRONG_ITEM,UNOPENED,ISP provided complimentary router so unneeded,0.83,0
0.08291114697562739,0.028523946221983343,0,0.014537404862048037,301.3676387434327,120.6053195864911,3,1,Luxury Apparel,DOES_NOT_FIT,UNOPENED,Did not fit my shoulders properly,0.835,0
0.882777226028512,0.857142380719107,6,0.020467818227487326,56.5614397640348,29.52665180822007,18,0,Footwear,CHANGED_MIND,USED,"Tags removed for event photoshoot, want refund",0.26,1
0.1139658594171029,0.006766836190000159,0,0.20033196652906066,670.5043321174694,245.6359559145168,3,0,Luxury Apparel,DEFECTIVE,OPENED_LIKE_NEW,Zipper arrived broken and jammed,0.635,0
0.7062352886878954,0.8357149603964131,5,0.013315490803265514,285.0669904250776,148.2334308654631,16,0,Footwear,CHANGED_MIND,OPENED_LIKE_NEW,"Wore to church event, returned Monday",0.5700000000000001,1
0.1404240207192395,0.1155738902501518,0,0.022352966247535255,204.0177034665124,93.66174769204805,10,1,Footwear,CHANGED_MIND,UNOPENED,Do not need this anymore,0.7999999999999999,0
0.028095503764645133,0.05125026487703317,0,0.2170886149295827,572.7182580124713,206.40268642219905,5,1,Luxury Apparel,DEFECTIVE,OPENED_LIKE_NEW,Left speaker makes a buzzing sound,0.625,0
0.16153007588912596,0.0503409455339936,0,0.017758625046641163,70.29424719388138,29.245430397302606,5,0,Footwear,CHANGED_MIND,UNOPENED,"Changed mind, found cheaper elsewhere",0.825,0
0.1562152710239543,0.12984646487598434,0,0.016146438224521376,1058.2828906563673,556.5682973351273,7,1,Designer Handbags,DOES_NOT_FIT,UNOPENED,Did not fit my shoulders properly,0.815,0
0.17670411650828124,0.05969905284538482,0,0.023537180325429643,295.87215543874066,149.23865348184654,6,0,Home & Kitchen,CHANGED_MIND,UNOPENED,"Changed mind, found cheaper elsewhere",0.82,0
0.02489013582060077,0.016301147815123013,0,0.023917941304369982,1094.6954387994099,501.086283798169,12,1,Electronics,DOES_NOT_FIT,UNOPENED,"Sleeves are too long, otherwise nice fabric",0.7100000000000001,0
0.10960625144617225,0.026368424989157646,0,0.02970340314172882,993.6396662962616,423.3739650661387,3,0,Designer Handbags,WRONG_ITEM,UNOPENED,Do not need this anymore,0.835,0
0.15961013316655895,0.2411191634752029,0,0.016112993773830672,647.0623721858999,263.6310639256292,10,1,Luxury Apparel,WRONG_ITEM,UNOPENED,Ordered wrong color variant by accident,0.7999999999999999,0
0.1627137954260911,0.14439834147028938,0,0.02903747252650911,965.5804251544371,414.42141627245627,14,1,Designer Handbags,CHANGED_MIND,UNOPENED,Ordered wrong color variant by accident,0.78,0
0.1847162123132678,0.133257216811535,0,0.014738644685060441,216.37225749642067,110.05823995954411,5,0,Home & Kitchen,DOES_NOT_FIT,OPENED_LIKE_NEW,Did not fit my shoulders properly,0.625,0
0.07701710187215481,0.21429481424968824,0,0.03718429764297299,361.2092053582584,197.47462379784034,6,0,Luxury Apparel,DOES_NOT_FIT,UNOPENED,"Sleeves are too long, otherwise nice fabric",0.82,0
0.04532807504877652,0.05050391710062249,0,0.015526745177140783,270.84717025216435,130.23916685111394,7,1,Home & Kitchen,DOES_NOT_FIT,UNOPENED,Too loose around the waist,0.815,0
0.047378770980009116,0.11008085459208725,0,0.028458940752094063,47.95262337208041,25.246254134547357,5,0,Home & Kitchen,DOES_NOT_FIT,UNOPENED,Did not fit my shoulders properly,0.825,0
0.16464863637947633,0.12630169339415956,0,0.03901379845777511,524.6027359591156,286.86435075611945,14,0,Designer Handbags,CHANGED_MIND,UNOPENED,Ordered wrong color variant by accident,0.78,0
0.8005639994616321,0.8777079565111036,5,0.0133190979059157,267.5301335337771,116.50882139556495,28,0,Home & Kitchen,CHANGED_MIND,USED,"Used for Saturday dinner, slightly tight",0.20999999999999996,1
0.04920201304084629,0.00315187999393976,0,0.026792670509151476,651.7835616623046,321.89681979829675,14,1,Luxury Apparel,DOES_NOT_FIT,UNOPENED,Did not fit my shoulders properly,0.78,0
0.1802464495432044,0.01985164616075738,0,0.03194489471021087,76.53828462683511,39.92507953034461,11,0,Apparel,WRONG_ITEM,OPENED_LIKE_NEW,Do not need this anymore,0.595,0
0.8685785812377452,0.8514222513959524,5,0.02420485597246623,404.64613129314813,179.75739945113872,17,1,Electronics,DEFECTIVE,OPENED_LIKE_NEW,"Tags removed for event photoshoot, want refund",0.48500000000000004,1
0.1268127967023613,0.045926519717321396,0,0.1408257051053251,160.90842299383246,82.97240425894006,2,0,Footwear,DEFECTIVE,DAMAGED,Stopped powering on after 2 days,0.33999999999999997,0
0.6508436213168927,0.7486532460780082,4,0.024240280406615612,998.134726741375,369.4371067846868,4,0,Designer Handbags,DEFECTIVE,USED,"Used for Saturday dinner, slightly tight",0.32999999999999996,1
0.06317734029607006,0.035492997440248475,0,0.020438242347464997,562.4071355302787,281.07155247183044,12,1,Designer Handbags,DOES_NOT_FIT,UNOPENED,Did not fit my shoulders properly,0.79,0
0.13720656527870134,0.1552321418696078,0,0.02057124839828963,1016.0791615783215,451.40072053492236,8,1,Luxury Apparel,DOES_NOT_FIT,UNOPENED,"Sleeves are too long, otherwise nice fabric",0.8099999999999999,0
0.14728364194197008,0.06341421382957368,0,0.10146500606596547,210.94882957074435,87.54815265857376,2,1,Home & Kitchen,DEFECTIVE,DAMAGED,Screen flickers and has green lines,0.33999999999999997,0
0.14353889540349754,0.017410287040601435,0,0.015246443115278781,1032.6552203307122,408.3489582182995,6,0,Luxury Apparel,WRONG_ITEM,UNOPENED,"Changed mind, found cheaper elsewhere",0.82,0
0.17066740254372922,0.06981902211360261,0,0.02928645730176123,845.214665271404,382.48579596084943,10,1,Luxury Apparel,DOES_NOT_FIT,UNOPENED,"Sleeves are too long, otherwise nice fabric",0.7999999999999999,0
0.6373898045135291,0.7595404253839069,4,0.010663787091248525,108.58526034119905,52.18961145042435,22,0,Home & Kitchen,CHANGED_MIND,OPENED_LIKE_NEW,"Tags removed for event photoshoot, want refund",0.54,1
0.9222371683018171,0.9439372550336546,2,0.02532129553070605,954.5989181738265,461.0683952528616,14,0,Luxury Apparel,DEFECTIVE,OPENED_LIKE_NEW,"Wore to wedding party over the weekend, no longer needed",0.5800000000000001,1
0.06685163436188055,0.22679875767645746,0,0.030121969357175024,690.1111319373103,256.85790982446593,4,1,Designer Handbags,DOES_NOT_FIT,UNOPENED,Too loose around the waist,0.83,0
0.10046999788515659,0.11508956780048157,0,0.0359369082856801,175.32826055164182,74.70388450584895,11,0,Apparel,CHANGED_MIND,OPENED_LIKE_NEW,"Changed mind, found cheaper elsewhere",0.595,0
0.1958240591319187,0.02768014833157892,0,0.02267645284935834,88.74862319883013,44.195112523031746,5,0,Luxury Apparel,WRONG_ITEM,OPENED_LIKE_NEW,ISP provided complimentary router so unneeded,0.625,0
0.1852537793958471,0.07000933238762236,0,0.03575025030397363,378.9731473358014,201.67208849907675,10,1,Luxury Apparel,DOES_NOT_FIT,UNOPENED,"Sleeves are too long, otherwise nice fabric",0.7999999999999999,0
0.15571314264742112,0.20122669421035966,0,0.010540196668013636,1156.8600142058701,573.0323278139482,14,1,Electronics,CHANGED_MIND,UNOPENED,ISP provided complimentary router so unneeded,0.7000000000000001,0
0.074855197169504,0.20734866621471174,0,0.0184456359524479,1052.3944538967085,392.03385456125767,13,1,Designer Handbags,DOES_NOT_FIT,OPENED_LIKE_NEW,Did not fit my shoulders properly,0.585,0
0.816658689857358,0.8513955734605749,4,0.011930689403908816,91.52080277118073,32.259326441453794,19,0,Apparel,DEFECTIVE,OPENED_LIKE_NEW,"Wore to wedding party over the weekend, no longer needed",0.555,1
0.10437823378361107,0.0753163151900001,0,0.027950724528932762,106.74039711986973,43.761836005173215,2,0,Home & Kitchen,CHANGED_MIND,OPENED_LIKE_NEW,Do not need this anymore,0.64,0
0.1537747757716886,0.012035708994588362,0,0.037086849855759614,259.37256545757486,125.42244069275445,9,0,Apparel,CHANGED_MIND,UNOPENED,"Changed mind, found cheaper elsewhere",0.8049999999999999,0
0.12677988261932918,0.22307562453491306,0,0.015559905385861434,131.6042281413612,52.36559005806663,7,0,Luxury Apparel,CHANGED_MIND,UNOPENED,"Changed mind, found cheaper elsewhere",0.815,0
0.8575602254150856,0.7097076746834153,2,0.02165613670166979,1194.7075187819196,622.6089429936774,22,0,Luxury Apparel,CHANGED_MIND,OPENED_LIKE_NEW,"Wore to wedding party over the weekend, no longer needed",0.54,1
0.11386022402784611,0.015910227321660586,0,0.034941205431571296,734.8150694855642,274.0761739640494,12,1,Designer Handbags,WRONG_ITEM,UNOPENED,ISP provided complimentary router so unneeded,0.79,0
0.5422357781705103,0.9546955094422458,4,0.023384005258761567,1001.9726872074364,526.8330106654948,14,1,Electronics,DEFECTIVE,USED,"Used for Saturday dinner, slightly tight",0.19999999999999996,1
0.12291902336869802,0.12936158793876032,0,0.022912822309629703,407.65804183769836,178.11362232204152,7,1,Designer Handbags,DOES_NOT_FIT,UNOPENED,"Size 9 fits too small, need half size up",0.815,0
0.12060435524492033,0.06019234310151316,0,0.23172895929232384,554.3208166798578,261.3167640525923,4,1,Electronics,DEFECTIVE,OPENED_LIKE_NEW,Missing power cable and scratches on lens,0.55,0
0.7840883988913949,0.8656752054457711,6,0.024052675461710325,315.42282331477526,142.72023401571468,27,1,Designer Handbags,DEFECTIVE,OPENED_LIKE_NEW,"Tags removed for event photoshoot, want refund",0.515,1
0.03876046450550258,0.09612783191120314,0,0.024630012058637935,204.36167137500493,110.37700790132358,1,1,Apparel,DOES_NOT_FIT,OPENED_LIKE_NEW,"Sleeves are too long, otherwise nice fabric",0.645,0
0.09808463865128628,0.07435939161765598,0,0.16606523011418445,775.5606763965443,282.44868424339353,4,0,Electronics,DEFECTIVE,DAMAGED,Zipper arrived broken and jammed,0.24999999999999994,0
0.06579048455153247,0.09046327330128467,0,0.024174800650195408,92.95254478276513,35.136509913665996,4,1,Luxury Apparel,DOES_NOT_FIT,UNOPENED,Did not fit my shoulders properly,0.83,0
0.05598586001286976,0.09715326909010508,0,0.13632899120751862,157.5612909808227,61.32593359877748,1,1,Home & Kitchen,DEFECTIVE,DAMAGED,Screen flickers and has green lines,0.345,0
0.7748510319840958,0.7785913003444728,6,0.014139851568768534,639.2242489973357,224.4323752157575,17,0,Electronics,CHANGED_MIND,USED,"Dress worn once for gala evening, return please",0.18499999999999994,1
0.020996324244399293,0.021906880910185778,0,0.08624263162513959,165.309874791602,69.0618584798587,1,1,Designer Handbags,DEFECTIVE,DAMAGED,Missing power cable and scratches on lens,0.345,0
0.1644654223243663,0.1430121608423252,0,0.02538003177869249,380.4470349214211,204.05305018954155,10,0,Designer Handbags,CHANGED_MIND,UNOPENED,ISP provided complimentary router so unneeded,0.7999999999999999,0
0.09146270742269451,0.021773191698942873,0,0.028511995483534038,172.05253643285764,72.09769122237093,7,1,Luxury Apparel,WRONG_ITEM,UNOPENED,ISP provided complimentary router so unneeded,0.815,0
0.08596355203331515,0.08742225246851759,0,0.16390291865782017,218.12116065870768,119.65327847934499,1,1,Apparel,DEFECTIVE,DAMAGED,Screen flickers and has green lines,0.345,0
0.043668041581636695,0.06868288137987988,0,0.021837282267929393,141.00274909817864,60.94198249430879,9,0,Footwear,WRONG_ITEM,UNOPENED,Ordered wrong color variant by accident,0.8049999999999999,0
0.18336998046017988,0.1785081611167141,0,0.028237156422721114,110.07749741226507,56.66328087176647,2,1,Footwear,DOES_NOT_FIT,OPENED_LIKE_NEW,"Sleeves are too long, otherwise nice fabric",0.64,0
0.19191089206729803,0.20529957063755663,0,0.010046953155744187,778.2255894127521,280.33792876698817,6,1,Luxury Apparel,WRONG_ITEM,OPENED_LIKE_NEW,Do not need this anymore,0.62,0
0.6159232491501748,0.716666916097376,2,0.022075909058987753,213.81222621046686,79.73005052735327,21,0,Home & Kitchen,DEFECTIVE,USED,"Dress worn once for gala evening, return please",0.245,1
0.08909099894809631,0.1140591272388855,0,0.021071590652827498,58.28187513342809,25.282068855726244,14,1,Footwear,DOES_NOT_FIT,UNOPENED,"Sleeves are too long, otherwise nice fabric",0.78,0
0.15521204860551527,0.017751916133313866,0,0.012405400422457104,122.56210525489566,65.98071399694953,5,1,Footwear,WRONG_ITEM,UNOPENED,Ordered wrong color variant by accident,0.825,0
0.8008576910253113,0.8900275878683181,6,0.0172383998167573,728.6465178019046,256.5026916232717,17,0,Luxury Apparel,DEFECTIVE,USED,"Wore to wedding party over the weekend, no longer needed",0.26499999999999996,1
0.786243220884294,0.9557203453213463,4,0.022251469366896384,265.2671132032449,131.2527381132204,12,0,Footwear,CHANGED_MIND,OPENED_LIKE_NEW,"Tags removed for event photoshoot, want refund",0.5900000000000001,1
0.5542512873816606,0.9526869260400357,4,0.011328876887115497,659.402268155406,249.53590221809043,9,0,Electronics,CHANGED_MIND,USED,"Wore to church event, returned Monday",0.22499999999999998,1
0.5052679748289068,0.8181695928357389,3,0.015900814153083125,603.7605728052195,281.01430732941884,24,0,Designer Handbags,CHANGED_MIND,USED,"Dress worn once for gala evening, return please",0.22999999999999998,1
0.5196825825390263,0.7344409226346488,5,0.021172847929008504,438.07412968028353,217.21235357693155,6,0,Luxury Apparel,CHANGED_MIND,USED,"Wore to church event, returned Monday",0.31999999999999995,1
0.7935312418663728,0.9367692216371739,2,0.023849856533384506,538.7200497725719,261.0601398827218,9,0,Luxury Apparel,CHANGED_MIND,USED,"Tags removed for event photoshoot, want refund",0.305,1
0.06956861136597534,0.07657837469455317,0,0.0336695547976238,557.8466390258353,284.3210815835353,5,0,Designer Handbags,WRONG_ITEM,UNOPENED,"Changed mind, found cheaper elsewhere",0.825,0
0.8700900681507253,0.9401174545451594,2,0.028332704716824142,539.9428557954236,223.4139716289415,5,0,Electronics,DEFECTIVE,USED,"Dress worn once for gala evening, return please",0.24499999999999994,1
0.7619894359673511,0.8039282785625357,5,0.022021483336004656,858.4796006668365,418.66419330782793,26,0,Designer Handbags,DEFECTIVE,OPENED_LIKE_NEW,"Wore to church event, returned Monday",0.52,1
0.08741951966362185,0.041715050424688205,0,0.022915880153866225,205.40920713501413,108.46004775132151,3,1,Electronics,CHANGED_MIND,UNOPENED,ISP provided complimentary router so unneeded,0.755,0
0.08225794293281434,0.038614936805830946,0,0.010763432797172526,202.60115622878317,96.71783386429861,8,1,Footwear,DOES_NOT_FIT,UNOPENED,"Sleeves are too long, otherwise nice fabric",0.8099999999999999,0
0.08130874998463251,0.01792797221191275,0,0.02228886684685696,110.58481114243324,53.680535512999555,7,1,Apparel,DOES_NOT_FIT,UNOPENED,Too loose around the waist,0.815,0
0.09875130242884975,0.036459372819754,0,0.11704173422334832,296.7098906927878,130.78981602236527,4,1,Apparel,DEFECTIVE,OPENED_LIKE_NEW,Missing power cable and scratches on lens,0.63,0
0.14388936244044268,0.035138241894590194,0,0.024567690989781933,71.94259504857996,32.45265883961573,9,1,Designer Handbags,CHANGED_MIND,OPENED_LIKE_NEW,Ordered wrong color variant by accident,0.605,0
0.933807833202966,0.807577879636024,4,0.010779920251498232,75.9087174664385,32.458366581558636,4,0,Designer Handbags,DEFECTIVE,OPENED_LIKE_NEW,"Wore to wedding party over the weekend, no longer needed",0.63,1
0.04880448856337494,0.005838024082046478,0,0.03268640841850531,151.09382744251994,61.623459537899436,2,1,Footwear,WRONG_ITEM,OPENED_LIKE_NEW,ISP provided complimentary router so unneeded,0.64,0
0.1370108137921425,0.011613896020052562,0,0.24250620092240427,404.2013921577293,213.28928748424687,5,1,Luxury Apparel,DEFECTIVE,OPENED_LIKE_NEW,Screen flickers and has green lines,0.625,0
0.1285297177663031,0.20667683993537186,0,0.039520394896313926,104.31149540015508,56.560519343058274,6,0,Footwear,DOES_NOT_FIT,UNOPENED,"Sleeves are too long, otherwise nice fabric",0.82,0
0.09010674108243567,0.09637797618423058,0,0.02021161312763517,173.88709202058592,66.22124886874403,6,0,Home & Kitchen,WRONG_ITEM,OPENED_LIKE_NEW,"Changed mind, found cheaper elsewhere",0.62,0
0.749170168411105,0.8516773474748011,3,0.025238036252097397,254.25373953283602,111.38558090885773,8,0,Apparel,CHANGED_MIND,OPENED_LIKE_NEW,"Dress worn once for gala evening, return please",0.61,1
0.6360499622081721,0.7726137712487864,6,0.013892476734097438,106.87119535086886,44.724483341515075,3,0,Electronics,DEFECTIVE,OPENED_LIKE_NEW,"Wore to church event, returned Monday",0.555,1
0.05513219997700182,0.09664173858664074,0,0.17481050046250746,120.50118573338958,56.16482184659764,2,0,Apparel,DEFECTIVE,DAMAGED,Stopped powering on after 2 days,0.33999999999999997,0
0.562638515605563,0.8243322497766168,3,0.022524686428421273,607.1214848792436,261.2782281169862,19,0,Designer Handbags,DEFECTIVE,USED,"Tags removed for event photoshoot, want refund",0.255,1
0.1988927100019457,0.22007869053723175,0,0.028702178744783202,700.477738971448,332.11897855529855,6,1,Electronics,WRONG_ITEM,UNOPENED,Do not need this anymore,0.74,0
0.05623617940803799,0.09878443581607965,0,0.01118378598672698,591.6334034847189,271.32598777620075,8,0,Luxury Apparel,WRONG_ITEM,OPENED_LIKE_NEW,Do not need this anymore,0.61,0
0.060994952498577726,0.24100721179137843,0,0.037283638328117256,877.6861531288508,400.8193652613853,10,0,Luxury Apparel,WRONG_ITEM,UNOPENED,Ordered wrong color variant by accident,0.7999999999999999,0
0.13309599075419903,0.013065234382346292,0,0.21438666502673043,59.325723840883285,30.187427831887344,2,1,Footwear,DEFECTIVE,OPENED_LIKE_NEW,Left speaker makes a buzzing sound,0.64,0
0.06963816228524426,0.21927264525454723,0,0.03832126281476193,65.9188915864068,29.171424665238547,6,0,Home & Kitchen,CHANGED_MIND,UNOPENED,"Changed mind, found cheaper elsewhere",0.82,0
0.14752835916114906,0.04834074359731466,0,0.22680307882747264,186.90116858611296,79.4453286842379,4,1,Apparel,DEFECTIVE,OPENED_LIKE_NEW,Missing power cable and scratches on lens,0.63,0
0.6286025999866416,0.7569024655041043,4,0.025235963827553942,131.29863937633266,59.38047828840928,25,0,Home & Kitchen,CHANGED_MIND,USED,"Tags removed for event photoshoot, want refund",0.22499999999999998,1
0.10861858640021275,0.1443197573082828,0,0.03596731436873657,294.7033194854431,127.1694456672153,4,0,Home & Kitchen,CHANGED_MIND,UNOPENED,"Changed mind, found cheaper elsewhere",0.83,0
0.1275774598738194,0.07645277946547177,0,0.17749992174744744,1149.0146865898423,448.22477283226846,1,1,Designer Handbags,DEFECTIVE,OPENED_LIKE_NEW,Screen flickers and has green lines,0.645,0
0.03966755785573185,0.21349049173885554,0,0.023174494499012446,257.9164349069416,136.33928057229167,7,1,Home & Kitchen,DOES_NOT_FIT,UNOPENED,Did not fit my shoulders properly,0.815,0
0.5281059171285821,0.947370133636097,5,0.018966381107388443,165.36893447616387,78.60291424870297,8,0,Footwear,CHANGED_MIND,USED,"Wore to church event, returned Monday",0.31,1
0.14042973887491128,0.001911609442976403,0,0.16106338961402888,837.7575692194504,414.30579405465807,1,1,Electronics,DEFECTIVE,DAMAGED,Left speaker makes a buzzing sound,0.26499999999999996,0
0.14465583767667944,0.033608782352030464,0,0.01898186765115044,456.1100094837356,233.02087580406123,2,1,Luxury Apparel,DOES_NOT_FIT,UNOPENED,"Size 9 fits too small, need half size up",0.84,0
0.07017677703461955,0.05267624096680079,0,0.03872344057114289,27.43740340620395,15.078613861065392,11,1,Apparel,WRONG_ITEM,UNOPENED,"Changed mind, found cheaper elsewhere",0.7949999999999999,0
0.804569584485828,0.9319714038457527,2,0.01589238792692386,28.936701358441493,14.398147455476922,25,0,Footwear,DEFECTIVE,OPENED_LIKE_NEW,"Tags removed for event photoshoot, want refund",0.525,1
0.17014602746012164,0.18511903298837978,0,0.014285508619025158,232.1926786206665,116.97508560323892,2,1,Home & Kitchen,WRONG_ITEM,UNOPENED,Ordered wrong color variant by accident,0.84,0
0.1385372928206099,0.19152898319889655,0,0.035377643190331966,193.74113141530106,71.24267150199832,1,1,Apparel,CHANGED_MIND,UNOPENED,ISP provided complimentary router so unneeded,0.845,0
0.10777300574009797,0.019412333667901266,0,0.022226290930972926,512.243527385728,186.0478576659207,1,1,Designer Handbags,WRONG_ITEM,UNOPENED,Do not need this anymore,0.845,0
0.06534666941603232,0.011099809879131485,0,0.21739998570156777,285.61420714022944,104.09589504787473,1,1,Home & Kitchen,DEFECTIVE,DAMAGED,Screen flickers and has green lines,0.345,0
0.19192073731250625,0.1306441498341863,0,0.018986970338616217,46.13707070094496,20.767442195445476,9,1,Footwear,WRONG_ITEM,UNOPENED,Ordered wrong color variant by accident,0.8049999999999999,0
0.16301279800833476,0.17677161931667454,0,0.011506780343919214,124.56612902676807,53.635018220539756,5,1,Designer Handbags,CHANGED_MIND,UNOPENED,ISP provided complimentary router so unneeded,0.825,0
0.058387764226232625,0.023238432305604784,0,0.1277707648144813,972.0399822243862,520.8633579254769,2,1,Designer Handbags,DEFECTIVE,OPENED_LIKE_NEW,Left speaker makes a buzzing sound,0.64,0
0.6822962125374049,0.9537110805970992,4,0.016429914024957637,156.0201712445427,61.66007652468687,20,1,Home & Kitchen,CHANGED_MIND,USED,"Dress worn once for gala evening, return please",0.24999999999999997,1
0.13528568759165194,0.24474527879370223,0,0.02810479288130136,123.39887313122594,59.177594161925086,4,1,Footwear,CHANGED_MIND,UNOPENED,Do not need this anymore,0.83,0
0.04212572212376976,0.22216477006634966,0,0.025092518523395092,561.2457007659848,262.19881401803684,9,0,Electronics,WRONG_ITEM,UNOPENED,"Changed mind, found cheaper elsewhere",0.725,0
0.13246109530209246,0.017943951556628257,0,0.03047851663670207,91.53121208677064,45.105714195543506,8,1,Home & Kitchen,DOES_NOT_FIT,OPENED_LIKE_NEW,"Size 9 fits too small, need half size up",0.61,0
0.1680562629891554,0.20098962688813007,0,0.02657502902223667,643.3970750804714,243.5741714031826,2,0,Luxury Apparel,DOES_NOT_FIT,UNOPENED,"Sleeves are too long, otherwise nice fabric",0.84,0
0.12079499955240763,0.027140938044671437,0,0.1644382218790509,103.17537555506709,38.87293976675612,3,0,Footwear,DEFECTIVE,DAMAGED,Stopped powering on after 2 days,0.33499999999999996,0
0.7833009636012814,0.715212969750413,6,0.024972904682524,408.40068250289534,142.9512406190054,19,0,Electronics,DEFECTIVE,OPENED_LIKE_NEW,"Used for Saturday dinner, slightly tight",0.47500000000000003,1
0.11200324506270137,0.011712977131900781,0,0.018285086734626983,860.0927254486307,311.81623141063955,3,1,Electronics,WRONG_ITEM,UNOPENED,Do not need this anymore,0.755,0
0.17108092862408042,0.000954980664645777,0,0.017404716076057068,228.74861544181965,94.53128717586806,2,0,Apparel,DOES_NOT_FIT,UNOPENED,"Size 9 fits too small, need half size up",0.84,0
0.03834062985188244,0.09005847970010697,0,0.018111798591535767,256.7457730941526,105.95117125252149,8,1,Apparel,CHANGED_MIND,UNOPENED,Ordered wrong color variant by accident,0.8099999999999999,0
0.8550196122992032,0.9497242005470057,4,0.018676348391530588,275.23436455995784,117.1022065598971,4,0,Footwear,DEFECTIVE,OPENED_LIKE_NEW,"Wore to church event, returned Monday",0.63,1
0.19353411496821948,0.022322381131393232,0,0.030610577995097282,612.8242869300373,262.0006209820406,6,1,Designer Handbags,DOES_NOT_FIT,OPENED_LIKE_NEW,Did not fit my shoulders properly,0.62,0
0.10225254423731812,0.07038570916343312,0,0.08074175584055254,233.6655829467505,115.10581824923193,2,1,Designer Handbags,DEFECTIVE,OPENED_LIKE_NEW,Zipper arrived broken and jammed,0.64,0
0.13994937444407718,0.2415118762821693,0,0.03283113370752349,286.462494626118,140.51217404825027,10,0,Home & Kitchen,CHANGED_MIND,OPENED_LIKE_NEW,Ordered wrong color variant by accident,0.6,0
0.07364939755509978,0.02634123056271412,0,0.03345471590034807,787.2130969120625,283.1111159280158,14,1,Luxury Apparel,CHANGED_MIND,OPENED_LIKE_NEW,Do not need this anymore,0.5800000000000001,0
0.08480908386217612,0.23919995387107154,0,0.025012034371306037,541.9657977828574,239.2995355550112,9,1,Electronics,DOES_NOT_FIT,UNOPENED,"Size 9 fits too small, need half size up",0.725,0
0.05759889032092948,0.0921767927161988,0,0.0210943976796153,39.39763055155491,19.837239863380635,14,1,Apparel,DOES_NOT_FIT,UNOPENED,"Sleeves are too long, otherwise nice fabric",0.78,0
0.07414557614750426,0.08221798868164233,0,0.2245591601903822,285.9131034504434,137.65878103789862,3,1,Electronics,DEFECTIVE,OPENED_LIKE_NEW,Zipper arrived broken and jammed,0.555,0
0.10501072474933672,0.22003918448037127,0,0.016472220375293625,826.2633123596513,389.6248156511064,2,0,Designer Handbags,CHANGED_MIND,UNOPENED,Do not need this anymore,0.84,0
0.07315426596292991,0.03415022591279315,0,0.029549192814318295,896.7730514335036,370.4797872382284,14,1,Luxury Apparel,WRONG_ITEM,UNOPENED,Do not need this anymore,0.78,0
0.1038282385229008,0.03951309076115033,0,0.201245170158045,79.7842005958646,42.12948867730715,1,1,Apparel,DEFECTIVE,DAMAGED,Stopped powering on after 2 days,0.345,0
0.6293343184095108,0.8029800765717228,6,0.011161839041606995,55.66585838835101,25.22622956078881,23,0,Footwear,CHANGED_MIND,USED,"Tags removed for event photoshoot, want refund",0.235,1
0.054787047974636294,0.08354802257421945,0,0.08249787607134215,479.749096459446,200.2804280122241,1,1,Luxury Apparel,DEFECTIVE,OPENED_LIKE_NEW,Zipper arrived broken and jammed,0.645,0
0.023478973565168187,0.031092099750127555,0,0.02240928024755906,611.7229179590381,263.56568206399743,10,0,Luxury Apparel,WRONG_ITEM,UNOPENED,"Changed mind, found cheaper elsewhere",0.7999999999999999,0
0.1155687821141769,0.14878291872642038,0,0.010297714633835069,578.3503849660646,313.87066611449217,7,0,Designer Handbags,WRONG_ITEM,UNOPENED,Ordered wrong color variant by accident,0.815,0
0.08747419641684134,0.06775422674589532,0,0.13301685584587014,237.8476289920097,120.01417851944832,5,1,Footwear,DEFECTIVE,DAMAGED,Zipper arrived broken and jammed,0.32499999999999996,0
0.11383328857774502,0.2440034558198034,0,0.013766506442879602,29.660607844634775,14.949884885072656,10,0,Footwear,DOES_NOT_FIT,UNOPENED,Too loose around the waist,0.7999999999999999,0
0.16528799672567887,0.03005180728014406,0,0.017967484988758182,60.36074150528954,24.667124574171588,5,0,Designer Handbags,CHANGED_MIND,UNOPENED,"Changed mind, found cheaper elsewhere",0.825,0
0.12050844360942731,0.0517960527712579,0,0.13917625083860896,471.21758209134316,165.05372417931,2,1,Designer Handbags,DEFECTIVE,OPENED_LIKE_NEW,Left speaker makes a buzzing sound,0.64,0
0.07396409496174247,0.16161468540948262,0,0.03922583331449071,1022.5905593013234,362.7322933741765,11,1,Luxury Apparel,WRONG_ITEM,UNOPENED,Do not need this anymore,0.7949999999999999,0
0.1817409088414711,0.19579960332465648,0,0.03341128370712941,571.2750804441429,245.42037930540567,7,1,Electronics,CHANGED_MIND,OPENED_LIKE_NEW,Ordered wrong color variant by accident,0.535,0
0.07452483118997467,0.016423714738591444,0,0.016847060904810973,326.06021657450856,145.68873063877035,12,1,Electronics,WRONG_ITEM,UNOPENED,ISP provided complimentary router so unneeded,0.7100000000000001,0
0.1545399931874049,0.11845245709948665,0,0.01173533348341482,288.39219527175607,155.31213552903913,14,1,Apparel,CHANGED_MIND,UNOPENED,Ordered wrong color variant by accident,0.78,0
0.16133411776671353,0.24783197539105514,0,0.02633446998400789,289.76129631963164,105.79793662735268,3,0,Home & Kitchen,DOES_NOT_FIT,UNOPENED,Too loose around the waist,0.835,0
0.08582253468704684,0.05634531700169146,0,0.0158749925240281,63.72081094548592,30.234424227743737,4,1,Home & Kitchen,DOES_NOT_FIT,UNOPENED,Too loose around the waist,0.83,0
0.16063793403451493,0.14457459985509016,0,0.01440888128764629,248.0590367317045,118.37152526890212,10,1,Home & Kitchen,CHANGED_MIND,UNOPENED,Ordered wrong color variant by accident,0.7999999999999999,0
0.0898698271028592,0.16853257388401574,0,0.017797149377284986,440.42296185328416,234.96440314677923,4,1,Electronics,WRONG_ITEM,UNOPENED,"Changed mind, found cheaper elsewhere",0.75,0
0.07229081102085567,0.11749706703948415,0,0.03670423412188044,219.62337132357004,79.60043641074842,14,1,Home & Kitchen,CHANGED_MIND,UNOPENED,Do not need this anymore,0.78,0
0.03914939575626615,0.0007841590771916819,0,0.18725670433895777,559.3011734760853,210.77542705222368,2,1,Luxury Apparel,DEFECTIVE,DAMAGED,Missing power cable and scratches on lens,0.33999999999999997,0
0.9310703544755466,0.8483047227047735,2,0.014837865882257783,162.66598206754458,79.04331549512615,23,1,Home & Kitchen,DEFECTIVE,OPENED_LIKE_NEW,"Tags removed for event photoshoot, want refund",0.535,1
0.029911098336563385,0.0274703815047892,0,0.21718413345027893,151.40783936073183,69.54395660007087,4,1,Footwear,DEFECTIVE,OPENED_LIKE_NEW,Stopped powering on after 2 days,0.63,0
0.6947672009942611,0.7122919839400413,5,0.013314995596403117,556.8283009405934,218.18598278612043,18,0,Electronics,CHANGED_MIND,OPENED_LIKE_NEW,"Dress worn once for gala evening, return please",0.48000000000000004,1
0.028996225158742173,0.21091241601295593,0,0.03943577587492347,960.0457338362178,499.95052118192723,6,0,Electronics,WRONG_ITEM,OPENED_LIKE_NEW,Ordered wrong color variant by accident,0.54,0
0.6088897086426704,0.9689755531436959,2,0.013938514089068568,286.64319784950385,157.3567559882835,25,0,Apparel,CHANGED_MIND,USED,"Tags removed for event photoshoot, want refund",0.22499999999999998,1
0.8202752625857219,0.97472024490171,5,0.02139079559134207,341.06846848426477,149.18306746107228,5,0,Designer Handbags,DEFECTIVE,USED,"Used for Saturday dinner, slightly tight",0.32499999999999996,1
0.12684096836818148,0.018270390506753748,0,0.02867029793851738,1178.1662906442616,457.15388663925006,11,0,Designer Handbags,CHANGED_MIND,UNOPENED,Ordered wrong color variant by accident,0.7949999999999999,0
0.162667120931909,0.22697469844490484,0,0.038311047784606624,1153.7573011103188,524.1426284704611,3,0,Designer Handbags,CHANGED_MIND,OPENED_LIKE_NEW,Ordered wrong color variant by accident,0.635,0
0.9397885585961766,0.9120468579976428,3,0.013233428724739238,156.14752927869174,77.08476289518153,26,1,Footwear,CHANGED_MIND,USED,"Tags removed for event photoshoot, want refund",0.21999999999999997,1
0.6113031421185875,0.8793722513936885,4,0.023332009580932383,69.74242954735561,32.29193485997082,23,0,Apparel,CHANGED_MIND,OPENED_LIKE_NEW,"Wore to wedding party over the weekend, no longer needed",0.535,1
0.1588928439761494,0.12472391613398548,0,0.010363093503283223,27.485578996805348,11.582584296454943,11,0,Apparel,WRONG_ITEM,UNOPENED,"Changed mind, found cheaper elsewhere",0.7949999999999999,0
0.18671493231772077,0.05716919490090219,0,0.029030910666150614,297.60801000425187,123.30911660162147,9,1,Electronics,CHANGED_MIND,UNOPENED,Do not need this anymore,0.725,0
0.8816189403206678,0.9040812038355851,2,0.011907985546264212,142.89305577126925,50.84620085262374,22,0,Home & Kitchen,DEFECTIVE,OPENED_LIKE_NEW,"Wore to wedding party over the weekend, no longer needed",0.54,1
0.10656022638854164,0.16560850292526702,0,0.013555078707944547,375.1065291346322,161.133508348071,13,1,Luxury Apparel,DOES_NOT_FIT,UNOPENED,"Size 9 fits too small, need half size up",0.7849999999999999,0
0.18551558443808897,0.248313753855741,0,0.011347338969868476,922.7691912546547,391.5723201639255,7,1,Luxury Apparel,CHANGED_MIND,UNOPENED,ISP provided complimentary router so unneeded,0.815,0
0.09064247352130642,0.18856624333675567,0,0.03755279296436226,1143.0771696229563,532.0161398028677,1,1,Electronics,DOES_NOT_FIT,UNOPENED,Did not fit my shoulders properly,0.765,0
0.08428180867409052,0.1968872714646948,0,0.017530041497869006,694.3258734468806,292.8081164059074,2,0,Electronics,WRONG_ITEM,UNOPENED,Do not need this anymore,0.76,0
0.1381935932674177,0.060099728223376725,0,0.015747788372044772,1105.157340543507,409.3068866914363,8,0,Electronics,DOES_NOT_FIT,UNOPENED,Too loose around the waist,0.73,0
0.08577452800554113,0.022085278296300893,0,0.08661809376536347,81.78182921805461,31.489631634647846,2,0,Designer Handbags,DEFECTIVE,OPENED_LIKE_NEW,Screen flickers and has green lines,0.64,0
0.17601866381108006,0.07061968599425666,0,0.03851377511725887,714.6818598674645,312.5466991913061,2,1,Designer Handbags,WRONG_ITEM,UNOPENED,Ordered wrong color variant by accident,0.84,0
0.7610399756012545,0.844675547863355,3,0.0251755250751465,367.69543652850865,154.65640635618485,14,0,Electronics,CHANGED_MIND,OPENED_LIKE_NEW,"Tags removed for event photoshoot, want refund",0.5000000000000001,1
0.1362322593293226,0.09464565131504055,0,0.23173489867270064,140.34819833826123,71.02644789686079,3,1,Apparel,DEFECTIVE,DAMAGED,Screen flickers and has green lines,0.33499999999999996,0
0.1057404319941978,0.12438496303652555,0,0.01614040327171852,187.56083339609202,72.62865251014175,12,0,Footwear,CHANGED_MIND,OPENED_LIKE_NEW,Ordered wrong color variant by accident,0.5900000000000001,0
0.07968164583209489,0.2137575504049838,0,0.016212274276325656,44.56852842269402,16.214098318492105,12,1,Footwear,DOES_NOT_FIT,UNOPENED,"Size 9 fits too small, need half size up",0.79,0
0.9233530342263985,0.8419377226293137,6,0.018188241436340367,980.6191539691854,507.14208674783885,8,0,Luxury Apparel,DEFECTIVE,OPENED_LIKE_NEW,"Wore to church event, returned Monday",0.61,1
0.07979438596080883,0.1734045143684488,0,0.0331336844755566,799.3947967645072,304.02504166964263,8,1,Designer Handbags,WRONG_ITEM,UNOPENED,ISP provided complimentary router so unneeded,0.8099999999999999,0
0.17765895503307028,0.13477363818400218,0,0.018474172791100113,141.93775099536583,50.744764063110935,1,0,Footwear,DOES_NOT_FIT,UNOPENED,Too loose around the waist,0.845,0
0.043016024220035164,0.1913866876289652,0,0.010000349042660985,139.55560283263034,63.42830565293785,11,0,Home & Kitchen,WRONG_ITEM,OPENED_LIKE_NEW,ISP provided complimentary router so unneeded,0.595,0
0.029834195600175015,0.2432695407430832,0,0.016783759937490157,108.65464789997723,44.63408009517293,12,1,Apparel,WRONG_ITEM,UNOPENED,"Changed mind, found cheaper elsewhere",0.79,0
0.061474999181122994,0.000368455521577854,0,0.03188034382263989,1161.540779767171,458.64447841283106,14,1,Designer Handbags,WRONG_ITEM,UNOPENED,Do not need this anymore,0.78,0
0.7983712363115401,0.9077309715484402,3,0.02696850758181049,141.2230291787425,57.984224237840124,8,1,Apparel,DEFECTIVE,OPENED_LIKE_NEW,"Dress worn once for gala evening, return please",0.61,1
0.062288367422994054,0.07126213330985129,0,0.21885250930595812,74.94384113306573,31.790293193595964,1,1,Footwear,DEFECTIVE,DAMAGED,Left speaker makes a buzzing sound,0.345,0
0.18234923541484702,0.2016733799236848,0,0.03954575208287427,232.4182714125722,99.62354478452598,8,0,Apparel,CHANGED_MIND,UNOPENED,ISP provided complimentary router so unneeded,0.8099999999999999,0
0.7657870252975869,0.8850839911892496,5,0.011569116326342478,174.7366637535629,85.94670333339043,26,0,Footwear,DEFECTIVE,OPENED_LIKE_NEW,"Wore to wedding party over the weekend, no longer needed",0.52,1
0.05011783472019087,0.1951579293563893,0,0.027513183415423345,1144.5772714092097,410.3131646589338,13,0,Electronics,DOES_NOT_FIT,OPENED_LIKE_NEW,"Size 9 fits too small, need half size up",0.505,0
0.06775870475998406,0.15038846982495602,0,0.01889679736617792,221.46664511959162,111.13219650149304,8,0,Apparel,WRONG_ITEM,UNOPENED,ISP provided complimentary router so unneeded,0.8099999999999999,0
0.0384528735319654,0.12846361605169193,0,0.025266716667731677,468.36569345002766,251.31799274635293,13,0,Designer Handbags,DOES_NOT_FIT,UNOPENED,Did not fit my shoulders properly,0.7849999999999999,0
0.16895113757717983,0.1743023454774092,0,0.03142979907204992,151.97193954860774,81.18324357895025,13,0,Footwear,CHANGED_MIND,UNOPENED,Do not need this anymore,0.7849999999999999,0
0.11029740554292711,0.07289810616558165,0,0.2264874536438487,357.92304363694154,183.04692014148713,1,1,Electronics,DEFECTIVE,DAMAGED,Left speaker makes a buzzing sound,0.26499999999999996,0
0.055143308532168575,0.08633548806122196,0,0.02006831362809528,1175.089543331403,612.5829271860509,10,1,Luxury Apparel,WRONG_ITEM,UNOPENED,Do not need this anymore,0.7999999999999999,0
0.14621057508624677,0.18176419040384753,0,0.026862183832077134,1138.625173845882,511.5293526007026,13,1,Electronics,CHANGED_MIND,UNOPENED,ISP provided complimentary router so unneeded,0.705,0
0.6712329694414525,0.7456498943408454,5,0.02572411304522116,891.9549612076861,380.74971311804484,27,0,Designer Handbags,DEFECTIVE,USED,"Wore to church event, returned Monday",0.21499999999999997,1
0.024534814512661287,0.20974933192950268,0,0.01034253950362221,218.51743939798902,118.88472362430251,1,1,Footwear,WRONG_ITEM,OPENED_LIKE_NEW,ISP provided complimentary router so unneeded,0.645,0
0.09877903906667664,0.05874335124898819,0,0.03114613030130145,987.8686447380787,453.71430081585214,13,0,Electronics,CHANGED_MIND,OPENED_LIKE_NEW,Do not need this anymore,0.505,0
0.19406634954610633,0.012917180414490276,0,0.025143867949135843,873.4065788941581,456.37947515736516,11,0,Luxury Apparel,DOES_NOT_FIT,UNOPENED,"Sleeves are too long, otherwise nice fabric",0.7949999999999999,0
0.05226601014340221,0.20000087044092035,0,0.02658121227155636,500.0022711083573,188.17235757365484,12,0,Designer Handbags,CHANGED_MIND,OPENED_LIKE_NEW,Do not need this anymore,0.5900000000000001,0
0.17575323660360423,0.03931830204492884,0,0.019293635776272976,376.45281707642675,197.3677395789655,3,1,Designer Handbags,CHANGED_MIND,UNOPENED,Ordered wrong color variant by accident,0.835,0
0.14108653895760165,0.19917034929784308,0,0.01751403696377497,196.8403773919247,91.40267110604015,9,0,Apparel,WRONG_ITEM,OPENED_LIKE_NEW,Ordered wrong color variant by accident,0.605,0
0.16990946782188882,0.22652176512031513,0,0.010364703144321604,210.355477741168,75.80520606699396,10,0,Home & Kitchen,WRONG_ITEM,UNOPENED,ISP provided complimentary router so unneeded,0.7999999999999999,0
0.09135162646005628,0.028763272904367823,0,0.13215202191876402,122.06358844939805,57.889693118791364,5,1,Home & Kitchen,DEFECTIVE,OPENED_LIKE_NEW,Stopped powering on after 2 days,0.625,0
0.06342649553694,0.07326990505902804,0,0.14876965554755783,43.79713008523862,22.194281885206035,5,1,Home & Kitchen,DEFECTIVE,DAMAGED,Screen flickers and has green lines,0.32499999999999996,0
0.07143649842668709,0.10819171989981566,0,0.030563316496657042,116.42544321589581,42.06650714487226,14,1,Apparel,WRONG_ITEM,UNOPENED,Do not need this anymore,0.78,0
0.08730578846230645,0.23611214567357586,0,0.029252031918956742,209.6567658834819,99.89231435072075,3,1,Footwear,WRONG_ITEM,UNOPENED,"Changed mind, found cheaper elsewhere",0.835,0
0.5895464625317466,0.8171334819486384,3,0.02501879596726636,157.5925611616646,63.91490252855387,4,0,Electronics,CHANGED_MIND,USED,"Used for Saturday dinner, slightly tight",0.24999999999999994,1
0.05592148410056097,0.043201892759450605,0,0.24666268596017143,118.30295415323346,53.678805945120544,3,1,Designer Handbags,DEFECTIVE,OPENED_LIKE_NEW,Missing power cable and scratches on lens,0.635,0
0.05228564276219788,0.24266913635243603,0,0.013399105141823926,508.17716273944586,252.85726656306392,9,1,Electronics,WRONG_ITEM,OPENED_LIKE_NEW,ISP provided complimentary router so unneeded,0.525,0
0.14681979704494016,0.10568215922348306,0,0.020395725038581544,134.34340410203941,54.12094599893339,1,0,Apparel,WRONG_ITEM,UNOPENED,Ordered wrong color variant by accident,0.845,0
0.056959928967223974,0.1207599243897225,0,0.018056012682028222,104.05195784674378,50.085536092809924,1,1,Footwear,WRONG_ITEM,OPENED_LIKE_NEW,Ordered wrong color variant by accident,0.645,0
0.14590985312098598,0.060363720055937514,0,0.09308650940104427,127.67699207071769,68.9819182295104,3,1,Designer Handbags,DEFECTIVE,OPENED_LIKE_NEW,Zipper arrived broken and jammed,0.635,0
0.07351234225532007,0.023016746520618858,0,0.027971337614511448,196.50341402982318,94.26287714406183,3,0,Apparel,DOES_NOT_FIT,UNOPENED,"Sleeves are too long, otherwise nice fabric",0.835,0
0.6203309125358936,0.704230991580053,3,0.029300307389089432,331.03593300167887,160.62037515041496,4,0,Electronics,CHANGED_MIND,OPENED_LIKE_NEW,"Wore to wedding party over the weekend, no longer needed",0.55,1
0.11186188308423226,0.06100074170794857,0,0.1331942570163202,99.55146978511809,46.74276562219165,1,1,Apparel,DEFECTIVE,DAMAGED,Stopped powering on after 2 days,0.345,0
0.17589721405010447,0.2366834322308489,0,0.013177174132112729,67.57786846437295,36.42090648844389,10,1,Home & Kitchen,DOES_NOT_FIT,OPENED_LIKE_NEW,"Sleeves are too long, otherwise nice fabric",0.6,0
0.15257634110026266,0.22074845620744327,0,0.016078979024060296,186.58611455508552,91.46972263089692,10,1,Home & Kitchen,WRONG_ITEM,UNOPENED,Ordered wrong color variant by accident,0.7999999999999999,0
0.14242013938045509,0.10203792271667453,0,0.010461846750739254,716.1942258929453,286.9219512475414,9,1,Electronics,CHANGED_MIND,OPENED_LIKE_NEW,ISP provided complimentary router so unneeded,0.525,0
0.7026144107643006,0.9681226842234688,6,0.017980706352848694,255.94544183271734,99.23212636983111,10,0,Apparel,DEFECTIVE,OPENED_LIKE_NEW,"Wore to wedding party over the weekend, no longer needed",0.6,1
0.10741986474325375,0.09770069544389436,0,0.09732182714839925,27.287984112477805,11.917114510727739,2,0,Home & Kitchen,DEFECTIVE,DAMAGED,Left speaker makes a buzzing sound,0.33999999999999997,0
0.0366725869492461,0.18709608741905784,0,0.037436459915456764,144.35576749490866,57.9938221558614,6,1,Apparel,WRONG_ITEM,UNOPENED,"Changed mind, found cheaper elsewhere",0.82,0
0.09819259742118977,0.18086195446250025,0,0.01027162484741113,187.09984710829173,88.43430258294516,11,0,Home & Kitchen,WRONG_ITEM,OPENED_LIKE_NEW,ISP provided complimentary router so unneeded,0.595,0
0.1347838844412684,0.0605055199952193,0,0.0314215817013438,50.132658741238515,19.54442091450186,12,1,Footwear,DOES_NOT_FIT,UNOPENED,Did not fit my shoulders properly,0.79,0
0.17794460839780676,0.1846807876816416,0,0.010412366620340358,93.30347160169505,36.65718890002768,5,0,Apparel,CHANGED_MIND,UNOPENED,Do not need this anymore,0.825,0
0.05520482264480643,0.02475597702798864,0,0.09062947027628378,572.3709992523115,284.2089279681042,2,0,Luxury Apparel,DEFECTIVE,OPENED_LIKE_NEW,Screen flickers and has green lines,0.64,0
0.12921171044913857,0.16821791714951995,0,0.012434475356087174,286.6599452986165,148.40338549907142,11,0,Apparel,WRONG_ITEM,UNOPENED,"Changed mind, found cheaper elsewhere",0.7949999999999999,0
0.1649162573292193,0.20574595126044187,0,0.03798131524398284,174.66984068126686,68.13108986889557,12,0,Home & Kitchen,DOES_NOT_FIT,UNOPENED,"Sleeves are too long, otherwise nice fabric",0.79,0
0.1310210494134574,0.18572037341698475,0,0.03213752180062076,168.39848164589202,61.24513745430157,3,1,Home & Kitchen,WRONG_ITEM,OPENED_LIKE_NEW,"Changed mind, found cheaper elsewhere",0.635,0
0.06824468199591661,0.09207666084633574,0,0.17935631465876242,173.04128439532118,69.86900102694055,1,1,Home & Kitchen,DEFECTIVE,OPENED_LIKE_NEW,Screen flickers and has green lines,0.645,0
0.08632080558498421,0.22383652228829232,0,0.029993891425805073,953.3689510327061,420.31089674075145,7,1,Designer Handbags,WRONG_ITEM,OPENED_LIKE_NEW,ISP provided complimentary router so unneeded,0.615,0
0.13344449950210843,0.06209590218580188,0,0.03116382490850459,142.59036676841777,62.52717382277678,2,1,Home & Kitchen,CHANGED_MIND,UNOPENED,"Changed mind, found cheaper elsewhere",0.84,0
0.1368780184238387,0.23407015536723166,0,0.011920190398258628,251.8043902704271,102.85620676319213,2,1,Home & Kitchen,DOES_NOT_FIT,OPENED_LIKE_NEW,"Size 9 fits too small, need half size up",0.64,0
0.69976375452787,0.7061357320570024,4,0.01602092155668626,163.2235917232859,58.96210932586488,15,0,Apparel,CHANGED_MIND,OPENED_LIKE_NEW,"Used for Saturday dinner, slightly tight",0.5750000000000001,1
0.7209930782224243,0.9595909760803596,3,0.012107864362156105,235.2212002207637,101.6000834514284,28,0,Home & Kitchen,DEFECTIVE,OPENED_LIKE_NEW,"Tags removed for event photoshoot, want refund",0.51,1
0.10517258288816395,0.026023659798522936,0,0.10711368463203091,69.12721892458727,25.169109055384297,3,0,Apparel,DEFECTIVE,DAMAGED,Stopped powering on after 2 days,0.33499999999999996,0
0.05341640688222375,0.16605484624724207,0,0.036450718355305244,984.3857952857477,479.4223248506809,1,1,Electronics,WRONG_ITEM,UNOPENED,ISP provided complimentary router so unneeded,0.765,0
0.039877735413998486,0.07229686157398746,0,0.019294206259674068,93.73816025934583,42.46349270363907,12,0,Footwear,DOES_NOT_FIT,UNOPENED,Too loose around the waist,0.79,0
0.08962199593435743,0.03568859751711102,0,0.1401441569851941,1001.1244935710544,508.42965336052913,2,1,Designer Handbags,DEFECTIVE,OPENED_LIKE_NEW,Missing power cable and scratches on lens,0.64,0
0.07540324970253422,0.22844711096831483,0,0.03858445051007518,114.85419905826123,48.340408394369746,13,1,Apparel,DOES_NOT_FIT,UNOPENED,"Size 9 fits too small, need half size up",0.7849999999999999,0
0.1110141476159526,0.23528020313341838,0,0.03628958299426935,158.9788365969642,68.12976814116762,2,1,Electronics,WRONG_ITEM,UNOPENED,Do not need this anymore,0.76,0
0.09193825466747034,0.05031324725515401,0,0.11295672154927175,1036.2274545550595,502.97253398413517,3,1,Electronics,DEFECTIVE,DAMAGED,Stopped powering on after 2 days,0.25499999999999995,0
0.17082350747332464,0.21469106983736805,0,0.03245067560997219,145.78291534367227,68.82547755023879,4,1,Home & Kitchen,DOES_NOT_FIT,UNOPENED,Too loose around the waist,0.83,0
0.040847502795566606,0.06736454174749078,0,0.11047305347567772,215.83613739029312,85.45376412041303,5,1,Footwear,DEFECTIVE,OPENED_LIKE_NEW,Left speaker makes a buzzing sound,0.625,0
0.041159234027039596,0.04132112253573936,0,0.010059764056572109,873.7379567100951,433.793604067853,13,1,Designer Handbags,DOES_NOT_FIT,UNOPENED,"Size 9 fits too small, need half size up",0.7849999999999999,0
0.11268800298438672,0.040340700263845924,0,0.012506630125320693,30.260465770253926,11.594286426696485,12,1,Home & Kitchen,CHANGED_MIND,UNOPENED,Ordered wrong color variant by accident,0.79,0
0.1803539962969664,0.06038421042542044,0,0.02062813981651647,53.970008232366624,21.289671170892024,2,1,Footwear,CHANGED_MIND,UNOPENED,Ordered wrong color variant by accident,0.84,0
0.7336510568510923,0.8701707512667827,4,0.014907046283324222,40.87634378690723,17.503519123503978,11,0,Apparel,CHANGED_MIND,USED,"Tags removed for event photoshoot, want refund",0.295,1
0.6053915169168503,0.7614750985043445,2,0.0291972560542691,194.4826336295741,89.72955901828021,21,0,Home & Kitchen,CHANGED_MIND,USED,"Wore to church event, returned Monday",0.245,1
0.07405076345803185,0.04289443334301443,0,0.17195385065247373,216.51819693492948,106.18685027326318,5,0,Apparel,DEFECTIVE,DAMAGED,Screen flickers and has green lines,0.32499999999999996,0
0.05090490338698092,0.12502818801915674,0,0.02235874285102306,264.39491572408065,125.92701099585274,13,1,Apparel,DOES_NOT_FIT,UNOPENED,Too loose around the waist,0.7849999999999999,0
0.7396268298871918,0.7323104998100968,6,0.022112757786468228,175.95653058907078,73.45152553184899,19,1,Designer Handbags,DEFECTIVE,OPENED_LIKE_NEW,"Dress worn once for gala evening, return please",0.555,1
0.04571155366657974,0.17301841175609223,0,0.01618756341508458,494.55687289811016,261.68732894490927,3,1,Luxury Apparel,WRONG_ITEM,OPENED_LIKE_NEW,ISP provided complimentary router so unneeded,0.635,0
0.056776949011814654,0.12695126598969478,0,0.02257814983498066,61.02388761304649,31.033797069965885,8,0,Luxury Apparel,WRONG_ITEM,OPENED_LIKE_NEW,ISP provided complimentary router so unneeded,0.61,0
0.028975967820897966,0.04742550209769536,0,0.17531531013962148,768.974689672921,375.0492000747187,1,1,Electronics,DEFECTIVE,OPENED_LIKE_NEW,Zipper arrived broken and jammed,0.5650000000000001,0
0.6139725725852218,0.7027940574643657,3,0.02446887324709824,661.3616552431912,342.07181696937323,18,0,Luxury Apparel,DEFECTIVE,OPENED_LIKE_NEW,"Used for Saturday dinner, slightly tight",0.56,1
0.8696247633053125,0.9361313269806073,4,0.0197018931995908,427.00893917076417,217.05361438585902,26,0,Electronics,DEFECTIVE,OPENED_LIKE_NEW,"Wore to church event, returned Monday",0.44,1
0.1012329403452659,0.04586054910085863,0,0.03564922058684423,267.7039661123955,118.66298237046394,11,0,Apparel,CHANGED_MIND,UNOPENED,Do not need this anymore,0.7949999999999999,0
0.033625950915761746,0.09695652247923281,0,0.0341061297838781,1086.0578731136252,424.3168903804759,6,0,Electronics,CHANGED_MIND,UNOPENED,ISP provided complimentary router so unneeded,0.74,0
0.032055250164548875,0.21933761328320966,0,0.02168214816936626,668.4427185503733,363.37426012120756,3,1,Designer Handbags,CHANGED_MIND,UNOPENED,"Changed mind, found cheaper elsewhere",0.835,0
0.5299541275614003,0.8815290420865867,4,0.01148210845149734,475.54395702114044,242.89021486388717,14,0,Luxury Apparel,DEFECTIVE,USED,"Tags removed for event photoshoot, want refund",0.27999999999999997,1
0.09802500189601421,0.2492955884757376,0,0.026771778548398066,412.54809705770606,162.55313569876802,8,0,Electronics,CHANGED_MIND,OPENED_LIKE_NEW,Ordered wrong color variant by accident,0.53,0
0.06556766945720104,0.03725332737595508,0,0.09168132521307337,126.63290484236262,56.07909115368623,1,1,Footwear,DEFECTIVE,DAMAGED,Stopped powering on after 2 days,0.345,0
0.15009279540298484,0.164182371180402,0,0.031262969656874626,49.701870977154236,19.55935024398088,1,0,Luxury Apparel,DOES_NOT_FIT,UNOPENED,"Sleeves are too long, otherwise nice fabric",0.845,0
0.7977579297799353,0.8355170230903292,4,0.01010626951336692,973.2137852209139,491.04661084268963,22,0,Luxury Apparel,CHANGED_MIND,OPENED_LIKE_NEW,"Wore to church event, returned Monday",0.54,1
0.7467886233471032,0.7186097312173562,4,0.025330300990651693,185.52123662612507,93.94646921004001,22,0,Home & Kitchen,CHANGED_MIND,OPENED_LIKE_NEW,"Tags removed for event photoshoot, want refund",0.54,1
0.8382861465781282,0.9248405801481944,5,0.020360161328092496,63.589242503216624,30.791913942643255,22,0,Footwear,CHANGED_MIND,USED,"Wore to church event, returned Monday",0.24,1
0.7792132032733867,0.9078308924157443,4,0.013397620121014706,266.1712318843355,140.56021077547845,10,0,Designer Handbags,CHANGED_MIND,USED,"Wore to church event, returned Monday",0.3,1
0.8374900093034319,0.9543039768360904,3,0.025174306423278413,732.7001549487502,352.30168578753717,7,0,Luxury Apparel,DEFECTIVE,OPENED_LIKE_NEW,"Wore to church event, returned Monday",0.615,1
0.1800430263092018,0.14470168862798513,0,0.02897173972985162,221.51299056417668,98.5254880494101,9,1,Luxury Apparel,WRONG_ITEM,OPENED_LIKE_NEW,"Changed mind, found cheaper elsewhere",0.605,0
0.8223787003811445,0.7758639555285822,3,0.014045083610490698,404.039097540322,160.9288232970418,27,0,Electronics,CHANGED_MIND,USED,"Wore to church event, returned Monday",0.13499999999999995,1
0.05868427466655125,0.10621271071702174,0,0.03723515541650602,164.44140285314754,63.734869207795526,7,1,Footwear,CHANGED_MIND,UNOPENED,"Changed mind, found cheaper elsewhere",0.815,0
0.033854900488557334,0.1740390362844813,0,0.021483962933091634,251.0035103109738,120.9591322121852,12,0,Footwear,CHANGED_MIND,UNOPENED,Ordered wrong color variant by accident,0.79,0
0.16332346109744633,0.06798650985461219,0,0.030770767673831745,97.61704579077266,52.49978417860451,13,1,Home & Kitchen,CHANGED_MIND,UNOPENED,ISP provided complimentary router so unneeded,0.7849999999999999,0
0.10272865659933868,0.03245118001753421,0,0.12581701658968636,261.47483868310644,127.84242007297043,3,1,Electronics,DEFECTIVE,DAMAGED,Missing power cable and scratches on lens,0.25499999999999995,0
0.05936881033962692,0.14882581648187226,0,0.01793905080776072,207.04145981831385,106.2097731486046,7,0,Home & Kitchen,DOES_NOT_FIT,UNOPENED,"Size 9 fits too small, need half size up",0.815,0
0.16004454376603758,0.19021283273269543,0,0.015631672170767563,49.30586042074265,24.14950582298805,7,0,Home & Kitchen,CHANGED_MIND,UNOPENED,Ordered wrong color variant by accident,0.815,0
0.06788513779326567,0.04323462264033473,0,0.08529534577487648,341.1086811590571,121.68550114802962,5,1,Designer Handbags,DEFECTIVE,DAMAGED,Missing power cable and scratches on lens,0.32499999999999996,0
0.17825343906822458,0.06084917080463262,0,0.026720115087190244,85.21601196691128,41.190819243940254,13,1,Designer Handbags,CHANGED_MIND,UNOPENED,ISP provided complimentary router so unneeded,0.7849999999999999,0
0.07814492223573691,0.22447979673941645,0,0.036643545668021076,417.33711729962744,221.26887565629966,5,1,Luxury Apparel,WRONG_ITEM,UNOPENED,Do not need this anymore,0.825,0
0.1993083812297802,0.20635391603098702,0,0.03534614043265687,93.47740242999973,43.498819294574446,8,0,Home & Kitchen,DOES_NOT_FIT,OPENED_LIKE_NEW,"Size 9 fits too small, need half size up",0.61,0
0.5302651612853155,0.7265770223100675,6,0.029977852240665806,418.9015293340567,209.29861226299968,8,0,Luxury Apparel,DEFECTIVE,USED,"Used for Saturday dinner, slightly tight",0.31,1
0.8629992738620673,0.9402465158820241,2,0.02995256594804313,91.41153344563865,32.731742897782446,5,1,Home & Kitchen,CHANGED_MIND,OPENED_LIKE_NEW,"Dress worn once for gala evening, return please",0.625,1
0.0940144732390255,0.03252016745723674,0,0.010672776674861655,458.09511948412387,232.1386253735611,7,0,Luxury Apparel,WRONG_ITEM,OPENED_LIKE_NEW,"Changed mind, found cheaper elsewhere",0.615,0
0.09360348985925922,0.0312777989210354,0,0.19123814093376235,88.80499958492294,31.337178717215448,2,1,Apparel,DEFECTIVE,OPENED_LIKE_NEW,Missing power cable and scratches on lens,0.64,0
0.8439590238963923,0.8746480637619225,6,0.025246052490019197,35.70795458910804,18.476150037433406,22,0,Footwear,DEFECTIVE,USED,"Wore to wedding party over the weekend, no longer needed",0.24,1
0.1315147160065346,0.14084883767816003,0,0.028738421443435948,1042.7425663673025,487.3646340573346,2,0,Electronics,WRONG_ITEM,OPENED_LIKE_NEW,"Changed mind, found cheaper elsewhere",0.56,0
0.1245710683798723,0.24766978926644145,0,0.03270190501205704,146.6307964990622,72.06601588584684,9,1,Footwear,CHANGED_MIND,UNOPENED,Do not need this anymore,0.8049999999999999,0
0.6751537122613048,0.7640851294953797,2,0.021937037537755187,280.25007698133663,150.16581134561494,14,0,Home & Kitchen,DEFECTIVE,OPENED_LIKE_NEW,"Wore to church event, returned Monday",0.5800000000000001,1
0.06444768615371374,0.0527677466221695,0,0.1159781027568764,1194.9320870187048,652.7000843085583,4,1,Designer Handbags,DEFECTIVE,DAMAGED,Stopped powering on after 2 days,0.32999999999999996,0
0.7922790183683512,0.9252359367096925,6,0.024302003225673996,728.0635340857831,262.590383174851,13,0,Designer Handbags,DEFECTIVE,OPENED_LIKE_NEW,"Wore to wedding party over the weekend, no longer needed",0.585,1
0.101857581659479,0.16869657554185263,0,0.03032594841651054,127.60872006615548,68.69667384595172,7,1,Apparel,WRONG_ITEM,UNOPENED,Ordered wrong color variant by accident,0.815,0
0.05012426580262058,0.12508986155389015,0,0.03072651929652468,848.6775348344987,407.13419935771043,14,1,Luxury Apparel,CHANGED_MIND,OPENED_LIKE_NEW,Do not need this anymore,0.5800000000000001,0
0.055787467748741826,0.015620656868662198,0,0.18810985556054083,735.1904547217478,283.6888245049368,2,1,Electronics,DEFECTIVE,OPENED_LIKE_NEW,Zipper arrived broken and jammed,0.56,0
0.14692504620270141,0.1137929979334141,0,0.03003281774809459,255.27594693679143,98.01209849329052,5,1,Footwear,WRONG_ITEM,OPENED_LIKE_NEW,"Changed mind, found cheaper elsewhere",0.625,0
0.023446076239430604,0.1947756465989467,0,0.02829092275457848,851.5819007616611,440.8051866133156,3,1,Electronics,WRONG_ITEM,UNOPENED,Ordered wrong color variant by accident,0.755,0
0.12436542152718508,0.09609201469288248,0,0.1711089634048601,606.6549338854902,261.0905973957487,2,0,Designer Handbags,DEFECTIVE,DAMAGED,Missing power cable and scratches on lens,0.33999999999999997,0
0.04766438771195682,0.1431518082205056,0,0.018310375729779366,278.35956585856826,129.89319586875533,4,0,Home & Kitchen,DOES_NOT_FIT,OPENED_LIKE_NEW,Did not fit my shoulders properly,0.63,0
0.09706922346605433,0.035492466087701006,0,0.08883818983621028,76.8227678326668,33.3923242403713,5,1,Designer Handbags,DEFECTIVE,OPENED_LIKE_NEW,Stopped powering on after 2 days,0.625,0
0.538054420143757,0.869917147551239,2,0.02761946011279315,1064.1811871617176,512.7321608962012,27,0,Electronics,CHANGED_MIND,USED,"Dress worn once for gala evening, return please",0.13499999999999995,1
0.058021729665127586,0.21574920783971802,0,0.03658280305939624,268.1181585454321,133.38482032694122,10,0,Electronics,CHANGED_MIND,UNOPENED,Ordered wrong color variant by accident,0.72,0
0.6289337970172053,0.9247392874588203,6,0.02994475799807205,33.25715146558302,17.608769516684674,4,0,Footwear,DEFECTIVE,USED,"Tags removed for event photoshoot, want refund",0.32999999999999996,1
0.13207349604775845,0.2433456547912053,0,0.023950285525792828,258.0316809071278,93.53101759730434,7,0,Footwear,WRONG_ITEM,UNOPENED,"Changed mind, found cheaper elsewhere",0.815,0
0.08035022901409324,0.016754134437802493,0,0.039260294004372115,987.6897324353306,514.1018732281385,1,1,Luxury Apparel,DOES_NOT_FIT,UNOPENED,Did not fit my shoulders properly,0.845,0
0.18883374165810096,0.02127587152994634,0,0.021567927775400002,122.40047129104246,48.00039994678968,14,1,Luxury Apparel,DOES_NOT_FIT,UNOPENED,Too loose around the waist,0.78,0
0.049817551014897404,0.04691072110475787,0,0.12565556846711923,52.768979374884296,20.23680954638628,5,1,Apparel,DEFECTIVE,DAMAGED,Left speaker makes a buzzing sound,0.32499999999999996,0
0.046509601439376366,0.24326919947807457,0,0.032778775207554206,1162.603299712692,509.15990302571396,6,1,Luxury Apparel,DOES_NOT_FIT,OPENED_LIKE_NEW,Did not fit my shoulders properly,0.62,0
0.056187902616145355,0.07982931972091867,0,0.13546316606699493,107.33042776897078,42.556643239642874,5,1,Footwear,DEFECTIVE,OPENED_LIKE_NEW,Stopped powering on after 2 days,0.625,0
0.043342216080362365,0.06411576525419149,0,0.02065959245421663,821.8332814490473,297.9252224240773,4,1,Electronics,DOES_NOT_FIT,OPENED_LIKE_NEW,Did not fit my shoulders properly,0.55,0
0.5947281228494044,0.9265266192816694,2,0.012938438471675414,119.22741529369343,62.34780502554823,23,0,Home & Kitchen,DEFECTIVE,USED,"Dress worn once for gala evening, return please",0.235,1
0.040140290448647545,0.00827368356181899,0,0.16237145916360185,108.1653656015975,50.04613230603797,3,1,Home & Kitchen,DEFECTIVE,DAMAGED,Zipper arrived broken and jammed,0.33499999999999996,0
0.8617122007175637,0.7384015766827681,2,0.0216139816910857,164.0149091072126,62.13143198597089,11,0,Apparel,CHANGED_MIND,USED,"Wore to wedding party over the weekend, no longer needed",0.295,1
0.7807993184880421,0.776619317001016,4,0.01975668637088025,47.62488917619201,21.0462391700559,14,1,Home & Kitchen,DEFECTIVE,OPENED_LIKE_NEW,"Used for Saturday dinner, slightly tight",0.5800000000000001,1
0.07516342424770767,0.20559530279633859,0,0.011709361809921048,525.5844389052627,232.14343818257439,11,0,Electronics,WRONG_ITEM,UNOPENED,ISP provided complimentary router so unneeded,0.715,0
0.15050109373384138,0.14357189377255275,0,0.030016370115825433,941.3771713560371,491.8136492700349,9,1,Luxury Apparel,CHANGED_MIND,UNOPENED,Ordered wrong color variant by accident,0.8049999999999999,0
0.0764975894100447,0.13450567634097574,0,0.035203242353176,297.09906101539053,156.83974176861852,8,0,Home & Kitchen,DOES_NOT_FIT,UNOPENED,Did not fit my shoulders properly,0.8099999999999999,0
0.08686410727238783,0.048791629304662604,0,0.02468177612219766,900.304084129809,403.7988186684769,10,1,Luxury Apparel,WRONG_ITEM,UNOPENED,Ordered wrong color variant by accident,0.7999999999999999,0
0.7174313884911507,0.9347045179029041,4,0.017228075581343726,1037.3618227815089,447.47739193983784,25,0,Electronics,DEFECTIVE,OPENED_LIKE_NEW,"Used for Saturday dinner, slightly tight",0.445,1
0.0790819590221011,0.11349747779992475,0,0.03287340876024605,59.65055766259843,23.22099833439268,9,0,Home & Kitchen,CHANGED_MIND,OPENED_LIKE_NEW,Ordered wrong color variant by accident,0.605,0
0.9281501715483913,0.74913765566678,2,0.02135454635862109,184.31147833203292,82.55769910181291,26,0,Footwear,DEFECTIVE,OPENED_LIKE_NEW,"Tags removed for event photoshoot, want refund",0.52,1
0.10381688231498643,0.022982672579761845,0,0.17395258552204718,471.7209760864007,227.52680674157924,1,1,Electronics,DEFECTIVE,OPENED_LIKE_NEW,Zipper arrived broken and jammed,0.5650000000000001,0
0.045420237807166905,0.14271935420986906,0,0.015558110661499711,101.62684235663501,40.014752104689435,2,1,Footwear,DOES_NOT_FIT,UNOPENED,Did not fit my shoulders properly,0.84,0
0.5822770009409677,0.9311990664369867,5,0.015714151353217805,279.95904001272356,152.2936037881565,17,0,Apparel,DEFECTIVE,OPENED_LIKE_NEW,"Tags removed for event photoshoot, want refund",0.5650000000000001,1
0.12282688458867753,0.0357502806664316,0,0.021236447301387438,965.3694254839282,408.81285425745745,6,0,Luxury Apparel,DOES_NOT_FIT,UNOPENED,"Size 9 fits too small, need half size up",0.82,0
0.035663099294501975,0.13919622773204698,0,0.03535362554488104,963.2746090864628,370.8844480504739,3,0,Designer Handbags,CHANGED_MIND,UNOPENED,Ordered wrong color variant by accident,0.835,0
0.14109763059424402,0.05512606585891178,0,0.016546226036565168,265.36973765892594,106.1303250786748,11,0,Home & Kitchen,WRONG_ITEM,UNOPENED,Do not need this anymore,0.7949999999999999,0
0.06738452237324202,0.00016334769032488872,0,0.03612007102376553,242.96357363251204,115.52086675392108,8,1,Footwear,WRONG_ITEM,OPENED_LIKE_NEW,Ordered wrong color variant by accident,0.61,0
0.15504783750899162,0.03801214185612295,0,0.02374970783762726,447.4144893245858,164.98646658478836,5,1,Electronics,CHANGED_MIND,UNOPENED,Do not need this anymore,0.745,0
0.10750348733868635,0.23018491258565885,0,0.011201773571520834,105.15175121079332,41.16777150176911,9,1,Apparel,DOES_NOT_FIT,UNOPENED,Too loose around the waist,0.8049999999999999,0
0.06286639765982534,0.22710863796984382,0,0.024042071627028705,153.23233855845018,76.9402753642613,7,0,Footwear,CHANGED_MIND,UNOPENED,Ordered wrong color variant by accident,0.815,0
0.04008398652064035,0.04872653541000508,0,0.15309748640058013,189.15043990033044,104.01600982023254,2,1,Apparel,DEFECTIVE,DAMAGED,Screen flickers and has green lines,0.33999999999999997,0
0.15850080093476848,0.0994664257543568,0,0.03482659156822141,71.94479991093205,25.619020732035725,11,1,Apparel,DOES_NOT_FIT,OPENED_LIKE_NEW,"Sleeves are too long, otherwise nice fabric",0.595,0
0.046578288420355496,0.03404115561142597,0,0.16679872876812518,194.16051364882995,103.31691453427315,2,1,Footwear,DEFECTIVE,DAMAGED,Screen flickers and has green lines,0.33999999999999997,0
0.1117737217190824,0.12531891115643234,0,0.011507290294689464,34.60067698046155,15.92433850452792,12,1,Apparel,WRONG_ITEM,UNOPENED,Ordered wrong color variant by accident,0.79,0
0.09887215038470203,0.20979509874507465,0,0.014820387541355355,68.96712805577754,30.33227766149125,2,0,Designer Handbags,DOES_NOT_FIT,UNOPENED,"Sleeves are too long, otherwise nice fabric",0.84,0
0.06274614021540635,0.012403593334709362,0,0.03173794860542887,55.68807498824306,26.266054632533734,1,1,Apparel,WRONG_ITEM,UNOPENED,Do not need this anymore,0.845,0
0.6264723875751002,0.7485788940994061,2,0.017595030458386347,245.39758846131227,105.13291960616974,26,1,Apparel,DEFECTIVE,OPENED_LIKE_NEW,"Tags removed for event photoshoot, want refund",0.52,1
0.8378463421449751,0.7351361631037622,5,0.02545542839330158,314.8426568917124,152.84938046698045,28,0,Electronics,DEFECTIVE,OPENED_LIKE_NEW,"Dress worn once for gala evening, return please",0.43,1
0.12184067987137936,0.23228617930292184,0,0.02161967553925942,116.75161904795092,41.310353457134504,13,0,Designer Handbags,DOES_NOT_FIT,UNOPENED,Too loose around the waist,0.7849999999999999,0
0.12749161292645791,0.05247356376614322,0,0.21179148881194138,311.93369601335706,130.70544323909013,5,1,Electronics,DEFECTIVE,OPENED_LIKE_NEW,Zipper arrived broken and jammed,0.545,0
0.02541869699803741,0.24037308114352804,0,0.0300360372010244,1122.5179018007952,452.4861596708646,2,0,Luxury Apparel,CHANGED_MIND,OPENED_LIKE_NEW,Do not need this anymore,0.64,0
0.09949026945933592,0.06784999682926378,0,0.13398344904379003,258.2300396292983,139.29762229026946,1,1,Home & Kitchen,DEFECTIVE,OPENED_LIKE_NEW,Zipper arrived broken and jammed,0.645,0
0.1792739211852808,0.18476674398484313,0,0.018323940391748623,102.44441157904873,55.5937202860067,11,0,Home & Kitchen,WRONG_ITEM,UNOPENED,ISP provided complimentary router so unneeded,0.7949999999999999,0
0.5046280231710614,0.9004939925078004,2,0.02412492325110524,762.3198675017651,417.76788249787086,11,0,Designer Handbags,CHANGED_MIND,USED,"Wore to church event, returned Monday",0.295,1
0.6403457460936763,0.7951921218621094,2,0.011578788058931111,553.6458383907354,222.6817294703491,10,0,Designer Handbags,CHANGED_MIND,USED,"Tags removed for event photoshoot, want refund",0.3,1
0.6545240159799399,0.9336801012715757,4,0.028709690270549912,255.45036352601534,108.43913563050945,3,0,Designer Handbags,DEFECTIVE,USED,"Dress worn once for gala evening, return please",0.33499999999999996,1
0.18715350118077095,0.015452115172305658,0,0.012770815843341356,69.76752203171307,32.7239376148006,2,1,Apparel,CHANGED_MIND,UNOPENED,ISP provided complimentary router so unneeded,0.84,0
0.5677125219526988,0.9710613868062054,6,0.01893429054517041,162.91743909629577,65.0581016873143,14,0,Footwear,DEFECTIVE,USED,"Wore to wedding party over the weekend, no longer needed",0.27999999999999997,1
0.10477284543825205,0.16547840815925288,0,0.03253531410862128,232.31372274522607,108.16021010709807,6,0,Home & Kitchen,DOES_NOT_FIT,UNOPENED,"Sleeves are too long, otherwise nice fabric",0.82,0
0.1827847594988943,0.20435196182652735,0,0.03271144344095876,40.291518462126675,14.157456170095298,7,1,Home & Kitchen,CHANGED_MIND,UNOPENED,ISP provided complimentary router so unneeded,0.815,0
0.047618146035411486,0.06635235939134523,0,0.14990357311003277,506.7912607872016,267.0371221478633,4,1,Luxury Apparel,DEFECTIVE,DAMAGED,Screen flickers and has green lines,0.32999999999999996,0
0.181201312663731,0.22729381601339643,0,0.01941634229545082,215.04034850329697,86.94654076941387,6,0,Apparel,DOES_NOT_FIT,UNOPENED,"Sleeves are too long, otherwise nice fabric",0.82,0
0.05430976995340096,0.046158114336842304,0,0.02026322862590782,538.7508389445932,278.0977062358541,3,1,Designer Handbags,WRONG_ITEM,UNOPENED,ISP provided complimentary router so unneeded,0.835,0
0.041580396825088184,0.18373146184872355,0,0.02594364742567916,374.01659750415126,167.77034996452826,9,1,Designer Handbags,CHANGED_MIND,OPENED_LIKE_NEW,"Changed mind, found cheaper elsewhere",0.605,0
0.07398957255986409,0.1490204888095765,0,0.023015317685657326,230.71041373149933,86.12803067899176,4,1,Luxury Apparel,WRONG_ITEM,OPENED_LIKE_NEW,Ordered wrong color variant by accident,0.63,0
0.11840522277298345,0.22560325832152586,0,0.020318730596730568,890.2801243782429,428.87666613216857,11,1,Electronics,WRONG_ITEM,UNOPENED,Do not need this anymore,0.715,0
0.9191997114392665,0.9298746848437595,4,0.02133210517810926,205.68338701437952,108.94581971400984,6,0,Apparel,DEFECTIVE,USED,"Used for Saturday dinner, slightly tight",0.31999999999999995,1
0.6797834530641207,0.7915025176401776,3,0.010216221672703927,998.7992460620985,509.583520056369,6,0,Electronics,DEFECTIVE,USED,"Wore to wedding party over the weekend, no longer needed",0.23999999999999994,1
0.5470045331450681,0.8615200667171561,5,0.019279633963337747,177.7025507905693,97.0457878112746,4,0,Electronics,CHANGED_MIND,OPENED_LIKE_NEW,"Wore to church event, returned Monday",0.55,1
0.05864525974340398,0.016808545022640287,0,0.027845421385057287,228.188336211584,81.34656086894996,14,1,Apparel,DOES_NOT_FIT,UNOPENED,"Sleeves are too long, otherwise nice fabric",0.78,0
0.7964229374271599,0.8490417252664072,6,0.012065300177500968,72.44406616024958,33.58469667050483,28,0,Home & Kitchen,CHANGED_MIND,OPENED_LIKE_NEW,"Dress worn once for gala evening, return please",0.51,1
0.05852648975672749,0.09383157286513161,0,0.2191858390122886,295.4809817912573,118.7639025140656,3,1,Apparel,DEFECTIVE,OPENED_LIKE_NEW,Screen flickers and has green lines,0.635,0
0.19455025390363587,0.10780846744788947,0,0.02042556385941264,98.40545128444975,35.48038575192032,9,1,Luxury Apparel,DOES_NOT_FIT,OPENED_LIKE_NEW,"Size 9 fits too small, need half size up",0.605,0
0.14456202607039786,0.11448224860850698,0,0.01679564878108317,752.2055553372699,301.3122006200168,9,1,Luxury Apparel,DOES_NOT_FIT,UNOPENED,"Sleeves are too long, otherwise nice fabric",0.8049999999999999,0
0.12397371578199608,0.08980218674567259,0,0.03470656679835457,992.007546489464,441.9096807227468,12,0,Electronics,WRONG_ITEM,UNOPENED,Ordered wrong color variant by accident,0.7100000000000001,0
0.657868599200757,0.8015167430365464,3,0.026114290513364356,420.6882000452299,164.8306323412937,24,0,Electronics,DEFECTIVE,OPENED_LIKE_NEW,"Wore to church event, returned Monday",0.45,1
0.03524390153755523,0.1166732802211021,0,0.024463962967595256,256.2498953607994,101.02594193909252,6,0,Apparel,CHANGED_MIND,UNOPENED,Ordered wrong color variant by accident,0.82,0
0.088578429260312,0.20210143472342273,0,0.0347087083224692,130.76804589416128,57.776566332609384,10,1,Footwear,CHANGED_MIND,UNOPENED,Ordered wrong color variant by accident,0.7999999999999999,0
0.07459146035287094,0.23313871960482802,0,0.01355931297224741,281.78109132540425,137.1635089876905,8,1,Footwear,WRONG_ITEM,UNOPENED,Ordered wrong color variant by accident,0.8099999999999999,0
0.739207468709029,0.7091445370196588,2,0.019511923836440164,137.13072887575137,52.417365745439234,19,1,Footwear,CHANGED_MIND,USED,"Wore to church event, returned Monday",0.255,1
0.7953843215752956,0.97192225406312,3,0.0212437762212905,869.1138006749771,316.0880768337566,27,0,Designer Handbags,DEFECTIVE,USED,"Used for Saturday dinner, slightly tight",0.21499999999999997,1
0.09518005924705907,0.029089621291123968,0,0.028383875066095313,283.0825935088925,136.54645909501346,8,1,Home & Kitchen,WRONG_ITEM,UNOPENED,ISP provided complimentary router so unneeded,0.8099999999999999,0
0.0299843962808748,0.03546662049850829,0,0.17361277450494475,507.7209971145726,262.3540626375095,2,1,Luxury Apparel,DEFECTIVE,OPENED_LIKE_NEW,Missing power cable and scratches on lens,0.64,0
0.8666019521194951,0.871312685628902,5,0.017469158902654103,336.1901935653632,124.78534925461167,26,0,Designer Handbags,DEFECTIVE,USED,"Tags removed for event photoshoot, want refund",0.21999999999999997,1
0.6597039575689493,0.8156883048181615,6,0.02351645850208147,205.9939516818327,74.98625363459429,4,0,Footwear,CHANGED_MIND,OPENED_LIKE_NEW,"Wore to wedding party over the weekend, no longer needed",0.63,1
0.09114667677760842,0.04544471680434048,0,0.014704381159504171,252.5080911777426,90.49461818507463,14,1,Apparel,DOES_NOT_FIT,UNOPENED,Too loose around the waist,0.78,0
0.09545291766238186,0.04205091394162955,0,0.03637990647035422,686.1669953990407,271.91159960090823,11,1,Electronics,DOES_NOT_FIT,UNOPENED,"Size 9 fits too small, need half size up",0.715,0
0.11043691168994776,0.18287158992577895,0,0.03874354026758301,295.71736492468597,155.9129454233158,12,1,Designer Handbags,CHANGED_MIND,UNOPENED,ISP provided complimentary router so unneeded,0.79,0
0.18817474055014827,0.22910513613301656,0,0.029062430705857296,770.591959144261,331.8493600550753,10,1,Electronics,CHANGED_MIND,OPENED_LIKE_NEW,Do not need this anymore,0.52,0
0.15543161881468182,0.13282350458773298,0,0.030323142136848835,537.0111684646027,266.51826313931724,2,1,Luxury Apparel,CHANGED_MIND,UNOPENED,ISP provided complimentary router so unneeded,0.84,0
0.871012182922047,0.7410021518487885,5,0.02665859431148456,173.5815462423345,90.07722409643074,27,0,Home & Kitchen,DEFECTIVE,OPENED_LIKE_NEW,"Dress worn once for gala evening, return please",0.515,1
0.09763430714138265,0.09476012134575876,0,0.03745182197551667,331.3563503561455,171.92174563114924,10,1,Luxury Apparel,DOES_NOT_FIT,UNOPENED,Did not fit my shoulders properly,0.7999999999999999,0
0.10712370305169275,0.12852386063781493,0,0.01925404844468452,182.58660517022932,75.78115346786477,5,0,Apparel,WRONG_ITEM,UNOPENED,ISP provided complimentary router so unneeded,0.825,0
0.027068494563497417,0.06799965133608901,0,0.010191371302197721,1174.8915529859537,638.1416913724788,7,1,Designer Handbags,WRONG_ITEM,UNOPENED,"Changed mind, found cheaper elsewhere",0.815,0
0.6778198838625372,0.9039438392151009,4,0.0169161219682085,818.4680622197322,418.3075750939859,8,0,Designer Handbags,DEFECTIVE,OPENED_LIKE_NEW,"Wore to wedding party over the weekend, no longer needed",0.61,1
0.19041612404460334,0.100053068962418,0,0.03349893948868143,98.13032392383266,53.781939326042675,14,1,Apparel,CHANGED_MIND,UNOPENED,ISP provided complimentary router so unneeded,0.78,0
0.024638527777583207,0.15088220162528024,0,0.02978517944953981,214.21252819538543,80.13209039153128,1,1,Home & Kitchen,WRONG_ITEM,UNOPENED,"Changed mind, found cheaper elsewhere",0.845,0
0.18893536102516348,0.0452958197625207,0,0.028682602097195233,86.23592175884836,35.48119079585294,13,1,Apparel,CHANGED_MIND,UNOPENED,"Changed mind, found cheaper elsewhere",0.7849999999999999,0
0.1183625375110624,0.10429835464114412,0,0.01480676802929519,72.00751066573328,31.224541791697362,4,1,Footwear,CHANGED_MIND,OPENED_LIKE_NEW,ISP provided complimentary router so unneeded,0.63,0
0.15631093608959012,0.22449116171194713,0,0.012523829867781486,133.1035745788353,49.25485967602941,3,0,Apparel,WRONG_ITEM,UNOPENED,Do not need this anymore,0.835,0
0.507466616284669,0.8852812311403078,6,0.022048988839331755,69.8302562990937,27.706031716863972,11,0,Home & Kitchen,CHANGED_MIND,USED,"Wore to church event, returned Monday",0.295,1
0.02308200797378739,0.08349472056944038,0,0.24569740132825374,197.13306268184132,78.12285550354189,1,1,Designer Handbags,DEFECTIVE,DAMAGED,Missing power cable and scratches on lens,0.345,0
0.8907842857761203,0.9594098634277317,4,0.018392547656136203,98.72206783212599,35.33049239681496,3,0,Electronics,CHANGED_MIND,USED,"Used for Saturday dinner, slightly tight",0.25499999999999995,1
0.12331097589242189,0.09822377722329476,0,0.010859572827329635,185.39440788595311,65.30712817578981,8,0,Home & Kitchen,CHANGED_MIND,OPENED_LIKE_NEW,"Changed mind, found cheaper elsewhere",0.61,0
0.8543173811671728,0.785801190356944,3,0.010805160060184641,186.79686077036718,80.23614130830778,4,0,Apparel,DEFECTIVE,USED,"Dress worn once for gala evening, return please",0.32999999999999996,1
0.14659405373642942,0.05441986625037022,0,0.12679066077629142,220.09568777434305,88.98433452599441,2,1,Apparel,DEFECTIVE,DAMAGED,Zipper arrived broken and jammed,0.33999999999999997,0
0.18276379245336172,0.09368049262684411,0,0.026496056883286156,38.90760355166294,16.933532481319872,9,1,Home & Kitchen,WRONG_ITEM,UNOPENED,Ordered wrong color variant by accident,0.8049999999999999,0
0.1698254371389791,0.20141220134083548,0,0.016729556765605787,302.2517223722527,155.19449049437696,5,1,Electronics,CHANGED_MIND,OPENED_LIKE_NEW,"Changed mind, found cheaper elsewhere",0.545,0
0.1874717156304786,0.023840230318250888,0,0.023501759182786755,431.4469635985056,226.13761532895396,7,1,Designer Handbags,WRONG_ITEM,UNOPENED,ISP provided complimentary router so unneeded,0.815,0
0.03503448464240338,0.05278148563950935,0,0.03257405012759483,39.10580846983429,17.539231817007984,10,1,Home & Kitchen,WRONG_ITEM,UNOPENED,ISP provided complimentary router so unneeded,0.7999999999999999,0
0.09957926624234961,0.08360029474718716,0,0.021837169459567714,654.7310808390702,250.28632328762887,4,0,Designer Handbags,CHANGED_MIND,UNOPENED,Do not need this anymore,0.83,0
0.12295925809104671,0.20135808232499658,0,0.03280482789370477,67.32247379078777,25.572434529767587,12,0,Apparel,DOES_NOT_FIT,UNOPENED,"Sleeves are too long, otherwise nice fabric",0.79,0
0.0682713861940844,0.0902686815852593,0,0.022253667442254477,828.4487715266805,299.3484369138157,9,1,Luxury Apparel,DOES_NOT_FIT,UNOPENED,"Sleeves are too long, otherwise nice fabric",0.8049999999999999,0
0.5156027169017299,0.8097349576242945,4,0.023943273842759606,78.1947193130327,37.4006043295385,27,0,Home & Kitchen,CHANGED_MIND,USED,"Tags removed for event photoshoot, want refund",0.21499999999999997,1
0.0667690648292539,0.2215215272033791,0,0.0368706983279985,106.75398117736478,42.27444318837832,14,0,Footwear,CHANGED_MIND,OPENED_LIKE_NEW,Do not need this anymore,0.5800000000000001,0
0.07346951636861007,0.024053158518014872,0,0.1943052533595896,252.16778825077853,122.20515667594951,2,1,Home & Kitchen,DEFECTIVE,OPENED_LIKE_NEW,Stopped powering on after 2 days,0.64,0
0.1683830805048829,0.09924804055186853,0,0.014689509121265825,227.93651053433783,96.21083885472984,4,0,Apparel,WRONG_ITEM,UNOPENED,ISP provided complimentary router so unneeded,0.83,0
0.8020718713531096,0.7757803037548944,5,0.011624592696133453,1191.3948827658055,454.2077444137956,25,0,Designer Handbags,DEFECTIVE,OPENED_LIKE_NEW,"Wore to church event, returned Monday",0.525,1
0.1979157789134266,0.24431998314161182,0,0.03381454311724119,804.9306360151172,374.7446418958159,4,1,Luxury Apparel,CHANGED_MIND,UNOPENED,Do not need this anymore,0.83,0
0.17589827816801026,0.07235988040487198,0,0.024030436374546313,195.33224157578803,84.43003602476635,4,0,Footwear,DOES_NOT_FIT,OPENED_LIKE_NEW,Too loose around the waist,0.63,0
0.09694756173624824,0.0825711668755211,0,0.02692695450053608,1026.6664524975345,400.7137433592017,8,0,Luxury Apparel,DOES_NOT_FIT,OPENED_LIKE_NEW,"Sleeves are too long, otherwise nice fabric",0.61,0
0.18819794697561945,0.17227191343705742,0,0.034698196380400906,177.9524404732532,90.0267340472531,13,1,Footwear,CHANGED_MIND,UNOPENED,ISP provided complimentary router so unneeded,0.7849999999999999,0
0.022916071521104097,0.2045951061948838,0,0.011204165772560996,269.7261784997872,147.91582668029142,12,1,Home & Kitchen,WRONG_ITEM,UNOPENED,Ordered wrong color variant by accident,0.79,0
0.07293214319182001,0.052579639071448414,0,0.03296090091574122,94.58224375306963,49.47715177531062,8,1,Apparel,WRONG_ITEM,UNOPENED,"Changed mind, found cheaper elsewhere",0.8099999999999999,0
0.03851166658834581,0.031488799094839565,0,0.03937454665301847,821.6531219932054,426.74809908326387,1,1,Electronics,DOES_NOT_FIT,OPENED_LIKE_NEW,Did not fit my shoulders properly,0.5650000000000001,0
0.07837928792327326,0.1691209373801511,0,0.027827254819257914,190.86628303381042,92.85768578221156,7,0,Apparel,DOES_NOT_FIT,UNOPENED,"Sleeves are too long, otherwise nice fabric",0.815,0
0.12356465116323775,0.10726559232566649,0,0.018277680831416405,931.5543438593144,368.2010333637742,1,0,Designer Handbags,CHANGED_MIND,UNOPENED,Ordered wrong color variant by accident,0.845,0
0.14462377510779456,0.05833320566233166,0,0.028759905098633617,906.6107898696736,356.97145076979086,9,1,Luxury Apparel,WRONG_ITEM,UNOPENED,Do not need this anymore,0.8049999999999999,0
0.030789794155035494,0.03274343574854352,0,0.028179909018130764,258.5977617120773,92.83643205035487,6,1,Apparel,WRONG_ITEM,UNOPENED,ISP provided complimentary router so unneeded,0.82,0
0.15214722662749633,0.08532966148751303,0,0.024355851097585673,1117.477077820856,465.31108664370066,2,1,Luxury Apparel,WRONG_ITEM,OPENED_LIKE_NEW,ISP provided complimentary router so unneeded,0.64,0
0.1037606481091075,0.0034206036901702763,0,0.012447961600145151,96.1126875620656,34.17483139071082,2,1,Home & Kitchen,WRONG_ITEM,OPENED_LIKE_NEW,ISP provided complimentary router so unneeded,0.64,0
0.1336475586886852,0.10659958920040563,0,0.02644435608184066,73.02797612149062,29.882055078378013,7,0,Home & Kitchen,CHANGED_MIND,UNOPENED,"Changed mind, found cheaper elsewhere",0.815,0
0.13948840547349053,0.24132568090759995,0,0.011512503208066276,269.85568823519816,125.58442560427618,1,0,Apparel,DOES_NOT_FIT,UNOPENED,Did not fit my shoulders properly,0.845,0
0.12150552201601228,0.12506963380194008,0,0.012081822577125503,144.2571480139464,67.82717223362528,3,1,Designer Handbags,WRONG_ITEM,UNOPENED,ISP provided complimentary router so unneeded,0.835,0
0.6534313571460012,0.9568350586417506,4,0.018131810747189444,64.4024011432263,31.746762204092587,23,0,Home & Kitchen,DEFECTIVE,OPENED_LIKE_NEW,"Dress worn once for gala evening, return please",0.535,1
0.07280361585938178,0.1313675768389733,0,0.030934983565155103,1084.3063689944017,551.302820744989,8,0,Luxury Apparel,DOES_NOT_FIT,UNOPENED,Too loose around the waist,0.8099999999999999,0
0.14174499221709036,0.1699082955987859,0,0.0383777393209626,106.3516268115474,37.24672398942803,10,0,Apparel,WRONG_ITEM,UNOPENED,Do not need this anymore,0.7999999999999999,0
0.06895182069167577,0.054472844906686,0,0.029855037553419943,199.2706899355205,93.39663331376384,9,1,Footwear,DOES_NOT_FIT,UNOPENED,"Size 9 fits too small, need half size up",0.8049999999999999,0
0.022923819777701665,0.18219451361266187,0,0.019705912374564746,207.89039697682355,95.9031010318981,1,0,Home & Kitchen,DOES_NOT_FIT,UNOPENED,"Size 9 fits too small, need half size up",0.845,0
0.6542289164425582,0.7376813547891501,2,0.01188837795320962,1004.5612664101793,536.113762831852,13,0,Electronics,CHANGED_MIND,OPENED_LIKE_NEW,"Wore to church event, returned Monday",0.505,1
0.7924046210439348,0.7289615521609353,3,0.018040544337764815,885.5694721219824,448.0664289631926,17,0,Electronics,DEFECTIVE,USED,"Used for Saturday dinner, slightly tight",0.18499999999999994,1
0.04127935201239595,7.679711345603968e-06,0,0.03136411137641815,453.65156414399854,181.86721827721377,7,0,Designer Handbags,DOES_NOT_FIT,UNOPENED,Too loose around the waist,0.815,0
0.02232154456211458,0.13507485169037492,0,0.035534522062779454,288.3487027249617,133.5484104702445,2,0,Footwear,DOES_NOT_FIT,UNOPENED,Too loose around the waist,0.84,0
0.08687997260618625,0.00850563854892411,0,0.17330837626224194,480.77573159985775,226.6506878293276,2,1,Designer Handbags,DEFECTIVE,OPENED_LIKE_NEW,Zipper arrived broken and jammed,0.64,0
0.08997074261777842,0.06007478086259169,0,0.012848958256851294,405.30539572311903,149.6910230642102,12,0,Electronics,WRONG_ITEM,UNOPENED,"Changed mind, found cheaper elsewhere",0.7100000000000001,0
0.04299660360711791,0.09873361585795459,0,0.15549760467412516,171.26473578887956,89.86666682699763,3,1,Home & Kitchen,DEFECTIVE,DAMAGED,Missing power cable and scratches on lens,0.33499999999999996,0
0.19920240208832382,0.14567861233617038,0,0.03437421463132515,114.9087816925857,47.24460672443259,11,1,Apparel,DOES_NOT_FIT,UNOPENED,Did not fit my shoulders properly,0.7949999999999999,0
0.09248666977902084,0.16812681566841228,0,0.03046575067765296,405.67774419336297,152.79527077326034,1,1,Luxury Apparel,DOES_NOT_FIT,OPENED_LIKE_NEW,Too loose around the waist,0.645,0
0.13383132616379156,0.03208146554719113,0,0.027354775246879903,215.69108521548497,105.71501061977257,7,1,Footwear,DOES_NOT_FIT,OPENED_LIKE_NEW,"Sleeves are too long, otherwise nice fabric",0.615,0
0.11795137438574758,0.08728594215656646,0,0.16499302863401402,887.0890598543026,420.3334428896253,2,1,Designer Handbags,DEFECTIVE,OPENED_LIKE_NEW,Stopped powering on after 2 days,0.64,0
0.05359518916358287,0.006422411217352042,0,0.01853624157030801,553.9190993516385,262.2370385615662,6,0,Designer Handbags,CHANGED_MIND,UNOPENED,Ordered wrong color variant by accident,0.82,0
0.17299267949057698,0.04906142917654141,0,0.013766493696954313,1157.6367390702198,430.18812895273345,10,0,Electronics,CHANGED_MIND,OPENED_LIKE_NEW,Do not need this anymore,0.52,0
0.7153209815482351,0.8639578440621245,4,0.020827488418148764,139.7973021582141,50.523497500997834,28,1,Luxury Apparel,CHANGED_MIND,OPENED_LIKE_NEW,"Dress worn once for gala evening, return please",0.51,1
0.038987016942986424,0.14639692096815313,0,0.02633034662902963,311.1393187626233,148.58608397056898,9,0,Luxury Apparel,WRONG_ITEM,OPENED_LIKE_NEW,Do not need this anymore,0.605,0
0.1676121503700169,0.010394739961648441,0,0.024943898306441274,214.56036332823982,85.92335491370801,5,1,Footwear,CHANGED_MIND,OPENED_LIKE_NEW,"Changed mind, found cheaper elsewhere",0.625,0
0.06001021768810938,0.06136379029893838,0,0.23264899988543525,247.72921558329733,115.5969038062453,2,1,Home & Kitchen,DEFECTIVE,OPENED_LIKE_NEW,Missing power cable and scratches on lens,0.64,0
0.15143990919630487,0.09120561755194967,0,0.02922896584296273,580.7706457079661,225.33159252053494,5,0,Designer Handbags,CHANGED_MIND,OPENED_LIKE_NEW,"Changed mind, found cheaper elsewhere",0.625,0
0.14631288929790628,0.1391161593372055,0,0.02075864745860774,1097.1534604912117,388.59729913511035,7,1,Designer Handbags,WRONG_ITEM,UNOPENED,ISP provided complimentary router so unneeded,0.815,0
0.07683916722490929,0.01422034944441164,0,0.032995819486648814,854.4446467719994,355.6800522692539,5,1,Electronics,CHANGED_MIND,OPENED_LIKE_NEW,Ordered wrong color variant by accident,0.545,0
0.14161932239727315,0.09898430654898746,0,0.03268761374267303,149.90050725259417,64.82536560479359,5,1,Footwear,CHANGED_MIND,OPENED_LIKE_NEW,Do not need this anymore,0.625,0
0.9206284619697354,0.7702461479693961,4,0.01240894679993131,718.0700113809714,390.53268893908484,17,0,Designer Handbags,CHANGED_MIND,USED,"Tags removed for event photoshoot, want refund",0.26499999999999996,1
0.0880110584708936,0.01550919090719538,0,0.020179158019287022,164.13120493787858,62.761245365399375,8,0,Footwear,DOES_NOT_FIT,UNOPENED,"Sleeves are too long, otherwise nice fabric",0.8099999999999999,0
0.10555328834734397,0.09977493890102007,0,0.15679571091684544,122.55035310080848,52.7139110121888,1,1,Apparel,DEFECTIVE,OPENED_LIKE_NEW,Left speaker makes a buzzing sound,0.645,0
0.04072631211113621,0.22081840035655595,0,0.02244476966564056,131.50046314183135,63.375077383744674,8,1,Apparel,DOES_NOT_FIT,OPENED_LIKE_NEW,"Sleeves are too long, otherwise nice fabric",0.61,0
0.6989150394190056,0.8815053712661969,4,0.01122892580261575,248.77391952361253,133.8654427703164,13,0,Apparel,CHANGED_MIND,USED,"Wore to church event, returned Monday",0.285,1
0.7919444237717237,0.9672784600804669,4,0.013028646287399265,593.8027797972103,279.30187523252096,13,0,Electronics,DEFECTIVE,USED,"Used for Saturday dinner, slightly tight",0.20499999999999996,1
0.09562576416475428,0.040146177908904325,0,0.13747434959226443,187.1158661584858,80.15079874507173,1,1,Designer Handbags,DEFECTIVE,DAMAGED,Left speaker makes a buzzing sound,0.345,0
0.041145905963713064,0.07343656764922184,0,0.11550125903408029,107.93575413005927,49.70152507376303,2,1,Luxury Apparel,DEFECTIVE,OPENED_LIKE_NEW,Screen flickers and has green lines,0.64,0
0.09737986525352221,0.08719130612805055,0,0.1780868741110059,120.00723477394757,61.27597924940136,5,1,Apparel,DEFECTIVE,DAMAGED,Stopped powering on after 2 days,0.32499999999999996,0
0.09023625611436474,0.007928028463119175,0,0.17619459525325193,1093.3015126891285,469.3133680321959,1,1,Electronics,DEFECTIVE,DAMAGED,Left speaker makes a buzzing sound,0.26499999999999996,0
0.07333864434196402,0.03586736425450501,0,0.01454336565806072,144.0121581940002,67.56128278192494,2,1,Footwear,DOES_NOT_FIT,UNOPENED,"Size 9 fits too small, need half size up",0.84,0
0.034510772930528316,0.23489214725629143,0,0.03265400852335588,720.4837452090487,371.5446300859933,5,1,Luxury Apparel,WRONG_ITEM,UNOPENED,Do not need this anymore,0.825,0
0.034433616226180394,0.1192097194332811,0,0.028902793805849904,1001.2373710972155,507.32088041170965,13,0,Luxury Apparel,WRONG_ITEM,OPENED_LIKE_NEW,"Changed mind, found cheaper elsewhere",0.585,0
0.6246811623710298,0.9634464474765772,5,0.012486916828617406,265.6617451208168,144.56994701588678,18,0,Apparel,DEFECTIVE,OPENED_LIKE_NEW,"Used for Saturday dinner, slightly tight",0.56,1
0.5797190854501815,0.9021784979770598,6,0.01080571037555997,510.29047716141974,231.29255722610753,8,0,Luxury Apparel,DEFECTIVE,OPENED_LIKE_NEW,"Used for Saturday dinner, slightly tight",0.61,1
0.09548387936825244,0.09359372482485595,0,0.19428261684001308,157.35143658529017,80.55370882958849,4,1,Home & Kitchen,DEFECTIVE,DAMAGED,Left speaker makes a buzzing sound,0.32999999999999996,0
0.927739769429484,0.7061785216310414,5,0.029650425445120768,48.68633824251209,24.970120424021022,27,0,Footwear,DEFECTIVE,OPENED_LIKE_NEW,"Tags removed for event photoshoot, want refund",0.515,1
0.6261506386481356,0.737010304171084,2,0.018797112794276698,202.0880593480937,86.12798458500676,20,0,Apparel,DEFECTIVE,OPENED_LIKE_NEW,"Wore to wedding party over the weekend, no longer needed",0.55,1
0.029821773490885814,0.14986528491467915,0,0.03707209828332024,484.529824498812,190.54937513034523,4,1,Designer Handbags,CHANGED_MIND,UNOPENED,Do not need this anymore,0.83,0
0.09966392226790678,0.012090677762195218,0,0.03461462753440824,252.24372301130134,117.94918825952749,10,1,Footwear,CHANGED_MIND,OPENED_LIKE_NEW,ISP provided complimentary router so unneeded,0.6,0
0.08355852000891012,0.19994584111144584,0,0.026640610743651018,252.13138485125447,120.08810066803068,11,1,Footwear,CHANGED_MIND,UNOPENED,ISP provided complimentary router so unneeded,0.7949999999999999,0
0.16119298517830352,0.14964074830444,0,0.022424232046469986,288.4351114796878,132.1675342983167,8,1,Home & Kitchen,CHANGED_MIND,UNOPENED,"Changed mind, found cheaper elsewhere",0.8099999999999999,0
0.1289161133372969,0.05512190985368731,0,0.028769523682818293,703.0648734002149,272.06338266049994,2,1,Electronics,DOES_NOT_FIT,OPENED_LIKE_NEW,Too loose around the waist,0.56,0
0.03072567752356587,0.15108982992869277,0,0.03291076808050961,168.93537700355228,66.78936574173522,11,1,Home & Kitchen,CHANGED_MIND,UNOPENED,Ordered wrong color variant by accident,0.7949999999999999,0
0.1399739558047463,0.02002643165240056,0,0.02325501114405864,229.50543974216743,88.79377503534289,11,1,Luxury Apparel,WRONG_ITEM,OPENED_LIKE_NEW,"Changed mind, found cheaper elsewhere",0.595,0
0.04629821339056647,0.03867070570439779,0,0.0886955349554676,134.393196255502,60.79161856252328,2,1,Apparel,DEFECTIVE,DAMAGED,Missing power cable and scratches on lens,0.33999999999999997,0
0.08282825704562229,0.03827841004030406,0,0.2226549233720279,208.57896320778477,94.09817762581902,3,0,Designer Handbags,DEFECTIVE,DAMAGED,Left speaker makes a buzzing sound,0.33499999999999996,0
0.5279186376304494,0.7199235900858146,6,0.021477316993541926,180.65506684415075,94.95351398631674,4,0,Apparel,DEFECTIVE,OPENED_LIKE_NEW,"Tags removed for event photoshoot, want refund",0.63,1
0.12041726161881319,0.23994775510121255,0,0.011460845451997893,51.952113314703794,18.64110258686923,5,0,Apparel,DOES_NOT_FIT,UNOPENED,Too loose around the waist,0.825,0
0.05334983306003721,0.13531752773541952,0,0.02936716544282284,92.8787832204558,50.07969916932575,12,1,Luxury Apparel,WRONG_ITEM,UNOPENED,Do not need this anymore,0.79,0
0.1715897677970686,0.07415312053927328,0,0.01231562590679404,71.71894513524074,26.922494686397897,4,1,Footwear,DOES_NOT_FIT,UNOPENED,"Sleeves are too long, otherwise nice fabric",0.83,0
0.04219108027381044,0.12964042216643348,0,0.01737542327480201,455.44207117380756,249.53719660564963,11,1,Designer Handbags,DOES_NOT_FIT,OPENED_LIKE_NEW,Too loose around the waist,0.595,0
0.8079414120164051,0.9657145867731604,2,0.012851131100662312,483.28179080578036,222.76698264346635,7,1,Electronics,DEFECTIVE,OPENED_LIKE_NEW,"Dress worn once for gala evening, return please",0.535,1
0.03381645113997284,0.0010468609069894663,0,0.030113030013907527,201.5003671203947,87.07994769691251,8,1,Home & Kitchen,CHANGED_MIND,UNOPENED,Do not need this anymore,0.8099999999999999,0
0.10813593368576589,0.1038607501480224,0,0.010720151345346665,117.22719170980217,45.1812881988032,7,0,Apparel,CHANGED_MIND,UNOPENED,Ordered wrong color variant by accident,0.815,0
0.03771635403824637,0.23918010847233745,0,0.027980791751264965,225.38047816506574,93.09853360842153,5,1,Apparel,WRONG_ITEM,OPENED_LIKE_NEW,ISP provided complimentary router so unneeded,0.625,0
0.09076648330892274,0.05923099847418087,0,0.012908970128962742,74.23370029643554,37.82227882789989,12,1,Apparel,DOES_NOT_FIT,UNOPENED,"Size 9 fits too small, need half size up",0.79,0
0.14195824493307965,0.13673221899636923,0,0.024252696186003043,278.6694280054342,101.5881010605993,12,1,Apparel,WRONG_ITEM,UNOPENED,"Changed mind, found cheaper elsewhere",0.79,0
0.07050814638282488,0.08748446339267851,0,0.033472774366383636,1191.3169593878868,474.3039089567222,11,0,Designer Handbags,DOES_NOT_FIT,UNOPENED,"Size 9 fits too small, need half size up",0.7949999999999999,0
0.8934383003616863,0.9325743729209015,6,0.014493147952835333,134.8164595547862,58.23189000690879,13,0,Home & Kitchen,CHANGED_MIND,USED,"Used for Saturday dinner, slightly tight",0.285,1
0.1960797203347805,0.04522297534472458,0,0.03397473913314346,427.6635484408075,212.19556305924118,6,1,Electronics,WRONG_ITEM,UNOPENED,Do not need this anymore,0.74,0
0.07460143055843617,0.057835976311654005,0,0.2215440014654423,972.8320553813056,509.0680686780451,5,1,Designer Handbags,DEFECTIVE,DAMAGED,Screen flickers and has green lines,0.32499999999999996,0
0.030731118562038626,0.1730126382599362,0,0.014199621301652886,139.350106205063,64.06170795191967,5,0,Home & Kitchen,DOES_NOT_FIT,UNOPENED,"Size 9 fits too small, need half size up",0.825,0
0.6812327681360738,0.8454912692248421,5,0.02993052617597238,62.18476127103505,30.16528103052688,28,0,Apparel,DEFECTIVE,USED,"Wore to church event, returned Monday",0.20999999999999996,1
0.09128017394941075,0.033252449726832195,0,0.014762102901229285,1141.1568032449156,600.157527559128,2,0,Luxury Apparel,CHANGED_MIND,UNOPENED,Ordered wrong color variant by accident,0.84,0
0.18326755287470395,0.24788319395684663,0,0.016249461700255537,122.74581777511698,59.38980364105059,3,1,Apparel,WRONG_ITEM,UNOPENED,Do not need this anymore,0.835,0
0.08289433018188415,0.04183895333783336,0,0.1408279123870508,188.28967378444935,87.57704560678002,3,0,Home & Kitchen,DEFECTIVE,OPENED_LIKE_NEW,Stopped powering on after 2 days,0.635,0
0.04906241013156322,0.11793495937960977,0,0.0266041532862955,701.5328489284129,275.0159166497753,7,0,Luxury Apparel,DOES_NOT_FIT,OPENED_LIKE_NEW,Did not fit my shoulders properly,0.615,0
0.15360885060541163,0.0062997737052674085,0,0.02064495566629488,945.0466723013349,437.3473610210047,12,0,Luxury Apparel,WRONG_ITEM,UNOPENED,ISP provided complimentary router so unneeded,0.79,0
0.06700923785195485,0.17373827983576193,0,0.0270217283246822,963.6425869694091,478.93521982081984,7,1,Electronics,DOES_NOT_FIT,UNOPENED,"Size 9 fits too small, need half size up",0.735,0
0.12981942596652224,0.1220444188277035,0,0.013995463770025703,96.86657991848054,42.022649488891375,12,1,Footwear,WRONG_ITEM,UNOPENED,ISP provided complimentary router so unneeded,0.79,0
0.7696846791528749,0.8438381994602853,5,0.01576369051919059,47.498655036064235,21.33866838590882,24,0,Designer Handbags,DEFECTIVE,OPENED_LIKE_NEW,"Dress worn once for gala evening, return please",0.53,1
0.07141267794120376,0.18365207517763377,0,0.010718387958114505,185.82764810909248,100.03006550039304,11,1,Apparel,DOES_NOT_FIT,OPENED_LIKE_NEW,"Size 9 fits too small, need half size up",0.595,0
0.05139366808006991,0.11791237268764884,0,0.012742659754514146,197.06252587187197,90.66971676531097,5,0,Footwear,WRONG_ITEM,UNOPENED,Ordered wrong color variant by accident,0.825,0
0.09332579435830983,0.1303442553684353,0,0.036897239754070305,267.7013906808378,94.90359697100432,12,1,Designer Handbags,CHANGED_MIND,OPENED_LIKE_NEW,Do not need this anymore,0.5900000000000001,0
0.1750996792458382,0.14427927059697662,0,0.03671975366385527,189.15993643862245,96.85598180988235,3,1,Home & Kitchen,DOES_NOT_FIT,UNOPENED,Too loose around the waist,0.835,0
0.09734120540392664,0.1874649828220672,0,0.037391244006695676,703.6626379177593,271.72427445943237,9,1,Electronics,DOES_NOT_FIT,UNOPENED,"Size 9 fits too small, need half size up",0.725,0
0.06838357070543567,0.049661144224351444,0,0.017405710827871988,109.264248571535,50.37374221328883,1,1,Footwear,WRONG_ITEM,UNOPENED,Ordered wrong color variant by accident,0.845,0
0.7645962332587247,0.8194199292277211,6,0.022308415596416706,134.62691370918446,49.48315168123663,25,0,Electronics,CHANGED_MIND,USED,"Tags removed for event photoshoot, want refund",0.14499999999999996,1
0.05092930286437852,0.1295193745100862,0,0.016419840360949407,368.6099080513897,158.52532336469005,11,1,Electronics,DOES_NOT_FIT,UNOPENED,Did not fit my shoulders properly,0.715,0
0.16613590232186837,0.0034655339782150296,0,0.029481364607098673,815.896776007195,415.8880068690163,8,0,Luxury Apparel,WRONG_ITEM,UNOPENED,ISP provided complimentary router so unneeded,0.8099999999999999,0
0.18789552903085638,0.005034462237322457,0,0.014613511165396486,1067.9587011049518,471.72132300788417,11,0,Electronics,CHANGED_MIND,UNOPENED,Do not need this anymore,0.715,0
0.09339678306135027,0.06630272037231474,0,0.19544132276425835,1120.8188678471495,615.766547211347,1,1,Designer Handbags,DEFECTIVE,DAMAGED,Screen flickers and has green lines,0.345,0
0.14962834296756924,0.0718053023012877,0,0.03639257206883031,97.09626086728346,38.471108657976494,2,1,Designer Handbags,CHANGED_MIND,UNOPENED,Ordered wrong color variant by accident,0.84,0
0.18152942914346867,0.06404787860983874,0,0.016619531788652456,200.2253400426868,104.48205777684524,9,0,Luxury Apparel,DOES_NOT_FIT,UNOPENED,Did not fit my shoulders properly,0.8049999999999999,0
0.11001048665439563,0.1687233007635387,0,0.01717199152225089,919.3268883730111,461.503117489802,2,1,Luxury Apparel,DOES_NOT_FIT,OPENED_LIKE_NEW,Did not fit my shoulders properly,0.64,0
0.07626764448349403,0.10267065825257071,0,0.016290708322906026,1172.810787054569,561.9177087739658,8,1,Electronics,CHANGED_MIND,UNOPENED,Do not need this anymore,0.73,0
0.920544746321982,0.7849479522161572,2,0.025637818259937793,235.61112706830406,115.0562480097941,25,0,Home & Kitchen,CHANGED_MIND,USED,"Used for Saturday dinner, slightly tight",0.22499999999999998,1
0.19381501554802408,0.09838883402657889,0,0.013921519707692719,209.7199362921167,103.99213868090006,7,0,Footwear,WRONG_ITEM,UNOPENED,Do not need this anymore,0.815,0
0.12351090322258666,0.05170447328334907,0,0.02513367825008066,402.1400944201901,175.1293190467512,14,0,Electronics,DOES_NOT_FIT,OPENED_LIKE_NEW,Did not fit my shoulders properly,0.5000000000000001,0
0.1361393436520395,0.18630368567270864,0,0.016966740727040294,510.17741835046587,206.02612750419604,7,1,Electronics,CHANGED_MIND,UNOPENED,Ordered wrong color variant by accident,0.735,0
0.589384226237841,0.9193484215988348,6,0.028185053888739847,126.8138510632586,63.439362596640514,17,0,Home & Kitchen,CHANGED_MIND,USED,"Used for Saturday dinner, slightly tight",0.26499999999999996,1
0.18145915208559402,0.2115310526325579,0,0.015484401656176778,1149.298582555499,488.8372437079511,11,1,Designer Handbags,DOES_NOT_FIT,OPENED_LIKE_NEW,"Size 9 fits too small, need half size up",0.595,0
0.08106331901129055,0.015607831819445084,0,0.02458520962314649,54.97874430125539,21.97544195812914,11,1,Home & Kitchen,DOES_NOT_FIT,UNOPENED,Too loose around the waist,0.7949999999999999,0
0.6426241797952766,0.9264713705776715,3,0.027509773007917925,390.8609282553048,203.92763384150481,18,0,Luxury Apparel,DEFECTIVE,USED,"Wore to church event, returned Monday",0.26,1
0.1743015687265624,0.19116273759621838,0,0.014400853420455446,214.83878289770047,115.79913798290063,1,1,Apparel,CHANGED_MIND,OPENED_LIKE_NEW,Do not need this anymore,0.645,0
0.10873026223973042,0.0331616849107834,0,0.1650984839632413,789.0410502872222,356.73656991027076,1,1,Electronics,DEFECTIVE,DAMAGED,Screen flickers and has green lines,0.26499999999999996,0
0.04159152951157457,0.07801601116300516,0,0.034071880916608975,261.88996267626726,98.85298702535972,4,0,Home & Kitchen,CHANGED_MIND,OPENED_LIKE_NEW,ISP provided complimentary router so unneeded,0.63,0
0.19142961543177045,0.08220565446215233,0,0.0298694121619216,912.1171693097501,467.3590294923358,10,1,Electronics,CHANGED_MIND,UNOPENED,"Changed mind, found cheaper elsewhere",0.72,0
0.19023494640066743,0.07822988700720565,0,0.03575519363654663,61.21389844495693,30.05652494394877,5,0,Home & Kitchen,DOES_NOT_FIT,UNOPENED,"Sleeves are too long, otherwise nice fabric",0.825,0
0.15355599131251746,0.1694308103003301,0,0.017569442084054587,1052.7300505376359,404.00799342369726,2,1,Electronics,DOES_NOT_FIT,OPENED_LIKE_NEW,"Size 9 fits too small, need half size up",0.56,0
0.029654262473749554,0.17936624765297804,0,0.02426427145698201,258.50195548863593,110.29746655948503,7,1,Apparel,DOES_NOT_FIT,OPENED_LIKE_NEW,"Size 9 fits too small, need half size up",0.615,0
0.05029014593138831,0.20911054811746743,0,0.026467288949202153,77.0288429073476,38.05816418958811,10,1,Home & Kitchen,CHANGED_MIND,OPENED_LIKE_NEW,"Changed mind, found cheaper elsewhere",0.6,0
0.11200045492811012,0.15107824556007995,0,0.023826950146197456,1001.3024212288874,516.5844785850404,6,1,Designer Handbags,DOES_NOT_FIT,UNOPENED,"Size 9 fits too small, need half size up",0.82,0
0.8192249698209737,0.7295123856710094,5,0.026777077238081377,818.3750574181754,400.5167084714863,17,0,Designer Handbags,DEFECTIVE,USED,"Used for Saturday dinner, slightly tight",0.26499999999999996,1
0.6633422781817422,0.9461982757239619,2,0.024507432004697148,55.96237829552848,24.150878127843907,27,0,Apparel,CHANGED_MIND,OPENED_LIKE_NEW,"Wore to church event, returned Monday",0.515,1
0.8988711628820637,0.713215076475266,2,0.029228332392840985,211.76970628787976,100.86065826931008,16,0,Footwear,DEFECTIVE,OPENED_LIKE_NEW,"Wore to wedding party over the weekend, no longer needed",0.5700000000000001,1
0.06870066616783846,0.06219794718479427,0,0.03826174658465786,107.02492491438376,54.05840295044588,9,1,Footwear,DOES_NOT_FIT,UNOPENED,"Sleeves are too long, otherwise nice fabric",0.8049999999999999,0
0.09076192367727426,0.034813517696175994,0,0.010321458930860769,671.3385109376909,365.9840586380278,12,1,Luxury Apparel,WRONG_ITEM,UNOPENED,"Changed mind, found cheaper elsewhere",0.79,0
0.08644451488565681,0.08929808349826121,0,0.020322748535483263,643.8308512736357,282.0835273500646,9,1,Electronics,CHANGED_MIND,UNOPENED,Ordered wrong color variant by accident,0.725,0
0.17838463281086261,0.12638019793087257,0,0.025232735145657062,200.51104987584566,109.5888948770356,9,1,Electronics,DOES_NOT_FIT,OPENED_LIKE_NEW,Too loose around the waist,0.525,0
0.06499512035638935,0.018341016864900667,0,0.02989438746925626,188.72575179313998,81.72374825828614,4,1,Footwear,WRONG_ITEM,UNOPENED,ISP provided complimentary router so unneeded,0.83,0
0.09599460209852206,0.1962659802616078,0,0.01587137920298947,991.493849976072,475.6686022149526,11,0,Luxury Apparel,CHANGED_MIND,UNOPENED,Do not need this anymore,0.7949999999999999,0
0.0954145592803144,0.11450715414596715,0,0.017699416215582874,912.4526259284908,412.95320015273967,6,0,Electronics,CHANGED_MIND,UNOPENED,ISP provided complimentary router so unneeded,0.74,0
0.6443845442374296,0.8668940324130661,2,0.02991468904102646,144.6971269055523,77.28827450880624,28,1,Footwear,CHANGED_MIND,USED,"Tags removed for event photoshoot, want refund",0.20999999999999996,1
0.6552575779660548,0.715325157938996,3,0.014084842127368578,140.14116441511317,55.20538647318424,16,0,Apparel,CHANGED_MIND,OPENED_LIKE_NEW,"Wore to church event, returned Monday",0.5700000000000001,1
0.020040866879285996,0.2287503844368818,0,0.03531638233692787,229.13036365891045,87.88591114614816,2,1,Home & Kitchen,DOES_NOT_FIT,UNOPENED,"Size 9 fits too small, need half size up",0.84,0
0.04166544371779749,0.016901187368095788,0,0.03172087566318764,280.4221891891684,122.29412570116688,10,1,Footwear,CHANGED_MIND,UNOPENED,ISP provided complimentary router so unneeded,0.7999999999999999,0
0.5536133023982217,0.8434699898049898,6,0.0169766381491726,128.07685419624937,60.742513320218315,7,0,Footwear,DEFECTIVE,OPENED_LIKE_NEW,"Dress worn once for gala evening, return please",0.615,1
0.14936926038719642,0.02765089971829021,0,0.011067706924194292,1193.4231511154292,473.24678279373796,1,0,Luxury Apparel,CHANGED_MIND,UNOPENED,ISP provided complimentary router so unneeded,0.845,0
0.02699796823809968,0.018987532909592,0,0.08662283387923891,494.5006377559191,252.4328620441052,4,1,Electronics,DEFECTIVE,DAMAGED,Screen flickers and has green lines,0.24999999999999994,0
0.06436177846850367,0.044418340687836656,0,0.19484975150646458,630.317121281061,329.2077854389613,5,0,Designer Handbags,DEFECTIVE,OPENED_LIKE_NEW,Left speaker makes a buzzing sound,0.625,0
0.1758864215082362,0.0024776738727884107,0,0.033341389194495974,151.70174006646033,83.09737517606636,9,1,Apparel,DOES_NOT_FIT,UNOPENED,"Size 9 fits too small, need half size up",0.8049999999999999,0
0.10698177365757834,0.24672398634707438,0,0.032637080836172096,328.38166615143535,150.29339122216612,7,0,Luxury Apparel,CHANGED_MIND,UNOPENED,Ordered wrong color variant by accident,0.815,0
0.14897763313221576,0.08575306077519237,0,0.09655237194450758,859.3915162995954,360.1846635655993,5,0,Luxury Apparel,DEFECTIVE,OPENED_LIKE_NEW,Zipper arrived broken and jammed,0.625,0
0.02125680713846266,0.1008702422567499,0,0.01704263265174914,250.18904939312966,104.44545215926092,8,0,Apparel,CHANGED_MIND,UNOPENED,"Changed mind, found cheaper elsewhere",0.8099999999999999,0
0.8723856622792177,0.7001674228737427,6,0.016156383000522384,91.32043393463454,36.22804643027269,18,0,Apparel,DEFECTIVE,OPENED_LIKE_NEW,"Wore to wedding party over the weekend, no longer needed",0.56,1
0.03227359155778329,0.04678106760262543,0,0.026666487096568596,105.12429503037973,45.569169708975,3,1,Apparel,WRONG_ITEM,OPENED_LIKE_NEW,Do not need this anymore,0.635,0
0.08783603846249395,0.21897623124997365,0,0.03715896997031546,611.8300871207977,254.54039926128837,5,1,Luxury Apparel,DOES_NOT_FIT,UNOPENED,"Size 9 fits too small, need half size up",0.825,0
0.03922412672042545,0.23835071984552375,0,0.011806808347008924,106.85382633127712,43.768742034955615,8,0,Footwear,WRONG_ITEM,OPENED_LIKE_NEW,"Changed mind, found cheaper elsewhere",0.61,0
0.07767223150523869,0.04107171081810232,0,0.03349484292771091,58.68691204064704,27.99256146617501,1,0,Home & Kitchen,CHANGED_MIND,OPENED_LIKE_NEW,Do not need this anymore,0.645,0
0.042292284807047144,0.01763390939823914,0,0.03728288511057629,260.5493689296986,133.98752102618417,5,1,Electronics,WRONG_ITEM,UNOPENED,Ordered wrong color variant by accident,0.745,0
0.11803355679928446,0.0194641299021924,0,0.038663445743142025,326.47495371059534,170.3967686650126,2,0,Designer Handbags,WRONG_ITEM,OPENED_LIKE_NEW,ISP provided complimentary router so unneeded,0.64,0
0.050385801041221555,0.21348572053546322,0,0.01039686438715882,633.6653296205976,319.2966825098659,2,1,Designer Handbags,DOES_NOT_FIT,OPENED_LIKE_NEW,Too loose around the waist,0.64,0
0.18826319314870102,0.22730053405162176,0,0.034588746086429346,269.2526211568586,104.96650192443626,9,0,Footwear,CHANGED_MIND,UNOPENED,Ordered wrong color variant by accident,0.8049999999999999,0
0.07115317322811118,0.07224213123026463,0,0.021311617930050965,133.1631843559269,61.11005874237285,4,1,Apparel,DOES_NOT_FIT,OPENED_LIKE_NEW,"Sleeves are too long, otherwise nice fabric",0.63,0
0.048778357405959455,0.17281166594649733,0,0.015026996179135194,110.33483257875058,49.724491545514574,13,1,Home & Kitchen,WRONG_ITEM,OPENED_LIKE_NEW,ISP provided complimentary router so unneeded,0.585,0
0.16335930107422592,0.18486730830968182,0,0.029366030692315664,220.6969822729974,101.39019518431847,2,1,Designer Handbags,WRONG_ITEM,UNOPENED,Do not need this anymore,0.84,0
0.03574037032397938,0.09434079419916269,0,0.022405495908698773,35.9481458475823,14.551723878703493,9,0,Footwear,WRONG_ITEM,UNOPENED,"Changed mind, found cheaper elsewhere",0.8049999999999999,0
0.1920169041079681,0.23840815195742238,0,0.02056981162757618,36.85252996078911,14.218405809759693,12,0,Apparel,CHANGED_MIND,OPENED_LIKE_NEW,Ordered wrong color variant by accident,0.5900000000000001,0
0.676498007045093,0.9653783154313843,5,0.012823981270743698,925.6783786551262,344.1084478965915,12,0,Electronics,DEFECTIVE,USED,"Dress worn once for gala evening, return please",0.20999999999999996,1
0.9415659098260745,0.8068526197505578,4,0.02550469077798112,437.4056560609129,208.0011630218526,7,0,Electronics,DEFECTIVE,OPENED_LIKE_NEW,"Tags removed for event photoshoot, want refund",0.535,1
0.05456289525320662,0.036505254824240635,0,0.03814192418704394,277.3530014237192,146.30198534597577,11,1,Apparel,DOES_NOT_FIT,UNOPENED,Too loose around the waist,0.7949999999999999,0
0.13257802102998684,0.20206705280406956,0,0.012071108107341248,428.3552885931878,176.79962951520304,1,1,Luxury Apparel,CHANGED_MIND,OPENED_LIKE_NEW,Do not need this anymore,0.645,0
0.7860403948786759,0.7996681765717794,3,0.012970135632873615,731.9018074797107,375.3754453219216,16,0,Electronics,CHANGED_MIND,OPENED_LIKE_NEW,"Wore to church event, returned Monday",0.49000000000000005,1
0.08878222900279518,0.033067178774620426,0,0.01590064591938469,90.30790892158059,37.02439302534357,12,1,Home & Kitchen,CHANGED_MIND,UNOPENED,Do not need this anymore,0.79,0
0.13570311269113566,0.15023637113442975,0,0.030882395847011176,124.68804574616613,64.18934739362699,5,1,Apparel,CHANGED_MIND,OPENED_LIKE_NEW,ISP provided complimentary router so unneeded,0.625,0
0.04653139595024884,0.0469040747518154,0,0.21615958266204316,248.98403136983833,92.61524317104805,1,1,Designer Handbags,DEFECTIVE,DAMAGED,Left speaker makes a buzzing sound,0.345,0
0.17906311418383816,0.08573241568979897,0,0.030516103747270956,69.40438094616863,33.869988753936575,5,1,Designer Handbags,DOES_NOT_FIT,OPENED_LIKE_NEW,"Sleeves are too long, otherwise nice fabric",0.625,0
0.0768982360784547,0.013935213396860435,0,0.028294382846443512,319.33242664488097,136.4703683753565,2,1,Luxury Apparel,WRONG_ITEM,UNOPENED,ISP provided complimentary router so unneeded,0.84,0
0.03450454621157245,0.03679081277373633,0,0.01893931706487531,144.12102064978228,76.6961994076679,4,1,Designer Handbags,CHANGED_MIND,UNOPENED,Ordered wrong color variant by accident,0.83,0
0.021088467773116116,0.12096505471607785,0,0.013697423743976544,396.9077437944203,212.42975242939147,9,0,Electronics,CHANGED_MIND,UNOPENED,ISP provided complimentary router so unneeded,0.725,0
0.04102029192561829,0.09658323197183327,0,0.11498504408820169,228.93067982837815,105.15597751986435,4,1,Apparel,DEFECTIVE,DAMAGED,Screen flickers and has green lines,0.32999999999999996,0
0.17920617096741664,0.13849831387578274,0,0.02603677657468926,78.75095010130997,30.180976574719043,9,0,Footwear,DOES_NOT_FIT,OPENED_LIKE_NEW,"Size 9 fits too small, need half size up",0.605,0
0.18496804720079257,0.08195954971250852,0,0.02116246764888688,921.3954437769305,384.92648791172724,13,0,Designer Handbags,CHANGED_MIND,OPENED_LIKE_NEW,Do not need this anymore,0.585,0
0.19137124039502051,0.18448194224970008,0,0.0279228772772026,267.2461691498069,96.18755699715155,2,0,Apparel,WRONG_ITEM,UNOPENED,Do not need this anymore,0.84,0
0.6156782114851439,0.8302101735818548,6,0.01453957078943042,902.9300172704963,482.0216107155775,22,0,Electronics,DEFECTIVE,OPENED_LIKE_NEW,"Wore to wedding party over the weekend, no longer needed",0.46,1
0.09627862158756623,0.08553315002797374,0,0.03884652196412699,147.33441902757374,65.9777790509627,4,1,Footwear,CHANGED_MIND,UNOPENED,"Changed mind, found cheaper elsewhere",0.83,0
0.08329697702154298,0.2273871182530346,0,0.02706866449845552,924.1225211307078,473.48465664240126,9,0,Luxury Apparel,CHANGED_MIND,UNOPENED,ISP provided complimentary router so unneeded,0.8049999999999999,0
0.08153282754510648,0.10842358283009501,0,0.03545415323218794,124.89522171084782,63.54506850209684,6,0,Home & Kitchen,DOES_NOT_FIT,UNOPENED,Did not fit my shoulders properly,0.82,0
0.1893786180633987,0.15580259326700174,0,0.03224881862355666,246.4017608113121,127.88446777266037,12,0,Apparel,WRONG_ITEM,UNOPENED,Ordered wrong color variant by accident,0.79,0
0.09110960081422328,0.012815864793999543,0,0.022056288137102184,821.5572265495441,361.5427520758575,5,0,Designer Handbags,DOES_NOT_FIT,UNOPENED,Too loose around the waist,0.825,0
0.8370334178871793,0.7999550802512259,5,0.02269488282208059,76.265446334843,38.12310512827855,12,0,Apparel,CHANGED_MIND,OPENED_LIKE_NEW,"Dress worn once for gala evening, return please",0.5900000000000001,1
0.11822527438634467,0.051016097136650146,0,0.018757335204934215,230.8673948600039,103.08696620768019,10,1,Home & Kitchen,CHANGED_MIND,UNOPENED,Do not need this anymore,0.7999999999999999,0
0.04808408725109939,0.09672711903702977,0,0.20157125336887094,1150.2764057461636,500.8545133017868,1,0,Luxury Apparel,DEFECTIVE,DAMAGED,Zipper arrived broken and jammed,0.345,0
0.1055180613245097,0.2244888040462548,0,0.025751480207361538,219.50170077405846,87.89607037079189,5,1,Apparel,DOES_NOT_FIT,UNOPENED,"Size 9 fits too small, need half size up",0.825,0
0.10041076436647531,0.030862466452588777,0,0.01617940107630885,25.25943919859855,9.039166356459326,14,1,Apparel,WRONG_ITEM,UNOPENED,ISP provided complimentary router so unneeded,0.78,0
0.1959110881718473,0.060588423784190576,0,0.02989932128512006,255.75241716989316,117.67989470738955,12,1,Apparel,CHANGED_MIND,UNOPENED,Ordered wrong color variant by accident,0.79,0
0.04756601001511212,0.1820291093340416,0,0.028007542302987493,888.2506836429551,447.63333207196706,11,0,Electronics,DOES_NOT_FIT,UNOPENED,Too loose around the waist,0.715,0
0.9389346654581352,0.8605977184074788,4,0.016832822253812035,203.3277531475652,73.94789272847362,3,1,Footwear,DEFECTIVE,USED,"Dress worn once for gala evening, return please",0.33499999999999996,1
0.18153151729788555,0.029845252834549196,0,0.019835285136574548,986.2646415263002,463.0142402729174,10,1,Designer Handbags,DOES_NOT_FIT,UNOPENED,Too loose around the waist,0.7999999999999999,0
0.0908543936499396,0.11835891484375535,0,0.03563642179606541,434.4050878294749,227.5978302826575,12,1,Designer Handbags,CHANGED_MIND,UNOPENED,"Changed mind, found cheaper elsewhere",0.79,0
0.5396604939395112,0.9175035624184166,2,0.026950952661094728,250.90847729131295,109.41348568098064,14,0,Designer Handbags,DEFECTIVE,USED,"Dress worn once for gala evening, return please",0.27999999999999997,1
0.04978995943945802,0.17665103224855444,0,0.026060433041849705,776.9750821816524,302.47437422326345,5,1,Designer Handbags,WRONG_ITEM,UNOPENED,Ordered wrong color variant by accident,0.825,0
0.058114255169435525,0.010374331377476592,0,0.01966202605587189,689.3038071470629,359.5318930020214,10,0,Electronics,WRONG_ITEM,OPENED_LIKE_NEW,ISP provided complimentary router so unneeded,0.52,0
0.1067005681696285,0.04353963233997515,0,0.24203041944700343,222.79243015835377,119.42410375432094,3,1,Apparel,DEFECTIVE,DAMAGED,Left speaker makes a buzzing sound,0.33499999999999996,0
0.11496583518898984,0.0647260686982849,0,0.01158480059094166,224.67333415805888,84.08637675637495,1,1,Home & Kitchen,WRONG_ITEM,OPENED_LIKE_NEW,Ordered wrong color variant by accident,0.645,0
0.07449952308895409,0.13311772697097435,0,0.02693249763339243,736.6765085050778,282.3320572332524,3,1,Designer Handbags,CHANGED_MIND,UNOPENED,Do not need this anymore,0.835,0
0.08835273286789679,0.15429855677924167,0,0.03909456593901354,884.0521197316389,472.54420333233116,2,1,Luxury Apparel,DOES_NOT_FIT,UNOPENED,"Size 9 fits too small, need half size up",0.84,0
0.15719817049655188,0.1479292422231001,0,0.015760701074090337,813.3553561953152,386.08019645160056,6,1,Luxury Apparel,CHANGED_MIND,UNOPENED,Ordered wrong color variant by accident,0.82,0
0.12844445068230798,0.12244646699706019,0,0.025859698119678268,116.97169495747862,53.08907040937799,5,1,Footwear,WRONG_ITEM,UNOPENED,Ordered wrong color variant by accident,0.825,0
0.04568226773820218,0.08051743973603769,0,0.11158208229878033,138.56089627178105,60.585641776533514,3,1,Electronics,DEFECTIVE,OPENED_LIKE_NEW,Stopped powering on after 2 days,0.555,0
0.13849533911109113,0.10942920623338534,0,0.01830262395853926,687.4785733129113,288.32883475660446,13,1,Luxury Apparel,CHANGED_MIND,UNOPENED,"Changed mind, found cheaper elsewhere",0.7849999999999999,0
0.9197904605569849,0.9583406390890001,2,0.02004743639944191,115.16809835502109,57.28766209450385,18,1,Footwear,DEFECTIVE,USED,"Wore to church event, returned Monday",0.26,1
0.51652082456738,0.8329353216922223,4,0.01672646788540667,1107.8216267189634,390.3970119913922,22,0,Designer Handbags,CHANGED_MIND,USED,"Wore to wedding party over the weekend, no longer needed",0.24,1
0.7487666940732571,0.9073858026986552,4,0.019700359750480824,139.06751498875713,75.72118803280358,21,0,Luxury Apparel,DEFECTIVE,OPENED_LIKE_NEW,"Tags removed for event photoshoot, want refund",0.545,1
0.11324187764769764,0.15354656107975284,0,0.01709829348122522,600.8577787238925,261.8717846490752,2,1,Luxury Apparel,WRONG_ITEM,UNOPENED,ISP provided complimentary router so unneeded,0.84,0
0.03348125156035708,0.026540088386866806,0,0.03512417558856323,90.95048685681232,35.37898034179692,5,1,Apparel,WRONG_ITEM,OPENED_LIKE_NEW,ISP provided complimentary router so unneeded,0.625,0
0.7272101530625626,0.9152491967815036,2,0.011238930371579758,183.62217790052034,68.64569849375644,14,0,Apparel,CHANGED_MIND,OPENED_LIKE_NEW,"Wore to church event, returned Monday",0.5800000000000001,1
0.026562989148611323,0.013185988040554347,0,0.03502492324625324,176.84808100855142,63.493814783239316,7,1,Luxury Apparel,DOES_NOT_FIT,OPENED_LIKE_NEW,"Sleeves are too long, otherwise nice fabric",0.615,0
0.0769269853285786,0.08439934719420249,0,0.12460942400318133,140.970969819627,50.46542306350297,1,1,Apparel,DEFECTIVE,DAMAGED,Screen flickers and has green lines,0.345,0
0.7020853313606941,0.8617316625783974,4,0.021418141075042894,116.41734034795041,48.09277585864896,5,0,Apparel,CHANGED_MIND,USED,"Wore to church event, returned Monday",0.32499999999999996,1
0.03919225140858762,0.0916995801615671,0,0.01298484006618894,929.2512958659798,504.8202822219912,14,1,Electronics,CHANGED_MIND,UNOPENED,Ordered wrong color variant by accident,0.7000000000000001,0
0.19461340220000725,0.21626777484384846,0,0.028023764480188576,217.738066742067,88.628355379574,14,0,Apparel,CHANGED_MIND,OPENED_LIKE_NEW,ISP provided complimentary router so unneeded,0.5800000000000001,0
0.13353867563107172,0.11391238735996936,0,0.024460520193307973,233.38855410316845,94.84529741370605,7,1,Home & Kitchen,DOES_NOT_FIT,UNOPENED,Did not fit my shoulders properly,0.815,0
0.07724713010501359,0.23116044778215916,0,0.011686728845529168,158.5494320636686,84.43711092066974,12,1,Home & Kitchen,DOES_NOT_FIT,UNOPENED,"Sleeves are too long, otherwise nice fabric",0.79,0
0.12986534140726827,0.13660176855303302,0,0.017492325376880655,438.19956731476,228.04329798753463,4,1,Electronics,DOES_NOT_FIT,UNOPENED,"Size 9 fits too small, need half size up",0.75,0
0.12065926371832247,0.12868554843919497,0,0.012987391406200867,29.407743025158858,15.960671336017695,7,0,Apparel,CHANGED_MIND,UNOPENED,"Changed mind, found cheaper elsewhere",0.815,0
0.08785751011163151,0.15080326552487608,0,0.01239145219561855,832.412571438734,446.6004504099741,13,0,Designer Handbags,WRONG_ITEM,OPENED_LIKE_NEW,Ordered wrong color variant by accident,0.585,0
0.12361974553953556,0.03152883059385264,0,0.0274516458242043,235.7454836037794,101.67309185316581,9,1,Footwear,WRONG_ITEM,OPENED_LIKE_NEW,Do not need this anymore,0.605,0
0.8959269865736605,0.881631226940062,4,0.02798497836578405,196.46396059301773,73.9210571992148,3,1,Footwear,DEFECTIVE,USED,"Tags removed for event photoshoot, want refund",0.33499999999999996,1
0.07574450799893405,0.05044873706311423,0,0.03726479493150587,922.0640780534799,447.4589550038944,7,0,Electronics,CHANGED_MIND,OPENED_LIKE_NEW,"Changed mind, found cheaper elsewhere",0.535,0
0.6354348438342298,0.7515325361740598,6,0.025129021759778235,590.0232172197324,233.15234162180968,28,0,Designer Handbags,CHANGED_MIND,OPENED_LIKE_NEW,"Wore to wedding party over the weekend, no longer needed",0.51,1
0.13099195606974953,0.010083463034612994,0,0.019785107623847605,583.5261137257162,221.5016501432392,13,0,Designer Handbags,CHANGED_MIND,UNOPENED,Ordered wrong color variant by accident,0.7849999999999999,0
0.9430945149158778,0.7585472620850919,2,0.012607062600865311,80.9720903188965,40.7947291186062,17,0,Apparel,CHANGED_MIND,OPENED_LIKE_NEW,"Wore to wedding party over the weekend, no longer needed",0.5650000000000001,1
0.09659101866893172,0.1413539849381345,0,0.010630274709590822,34.468609857661505,15.137410838494498,11,0,Footwear,DOES_NOT_FIT,UNOPENED,"Size 9 fits too small, need half size up",0.7949999999999999,0
0.16699794377629223,0.2213097196768913,0,0.012601197027869207,664.5011984371864,353.9438636492134,5,0,Designer Handbags,DOES_NOT_FIT,UNOPENED,Did not fit my shoulders properly,0.825,0
0.08983509579161955,0.20739145785709215,0,0.014010869631983086,282.23348465864467,141.1970839026494,11,1,Footwear,WRONG_ITEM,UNOPENED,Do not need this anymore,0.7949999999999999,0
0.1894401907016423,0.16915430838812662,0,0.02090211795998281,282.9998224442987,114.64700760891358,8,1,Footwear,DOES_NOT_FIT,UNOPENED,"Size 9 fits too small, need half size up",0.8099999999999999,0
0.07979105397111186,0.17520210450043508,0,0.032959488985761586,280.5859580585173,109.69802135202683,1,1,Footwear,CHANGED_MIND,UNOPENED,Ordered wrong color variant by accident,0.845,0
0.16363964633946032,0.18463651334924086,0,0.011913836687607936,489.1788438038401,198.87717120180872,11,1,Luxury Apparel,CHANGED_MIND,OPENED_LIKE_NEW,"Changed mind, found cheaper elsewhere",0.595,0
0.07480827638372547,0.2457367198886752,0,0.029283322404397835,872.5043430404595,475.7971460736125,11,1,Electronics,CHANGED_MIND,UNOPENED,Do not need this anymore,0.715,0
0.08789632084237498,0.20046004211320148,0,0.02303592889913486,1048.6590593053766,404.9203042224685,2,0,Luxury Apparel,WRONG_ITEM,OPENED_LIKE_NEW,"Changed mind, found cheaper elsewhere",0.64,0
0.14319920301835634,0.021877170841087968,0,0.13545748618675835,917.1829915638654,393.2431507842755,1,1,Electronics,DEFECTIVE,DAMAGED,Screen flickers and has green lines,0.26499999999999996,0
0.1294780478179604,0.11114337526735713,0,0.03227109811269346,87.79109440136799,31.753301175684122,8,1,Footwear,CHANGED_MIND,UNOPENED,Ordered wrong color variant by accident,0.8099999999999999,0
0.07398729154515193,0.11857716621710757,0,0.015040601565780357,451.5648560014109,194.1713544122428,13,1,Designer Handbags,CHANGED_MIND,UNOPENED,Ordered wrong color variant by accident,0.7849999999999999,0
0.03033053186388924,0.14582681204605114,0,0.03653030283913863,66.72930106208942,31.33351755245114,13,0,Home & Kitchen,CHANGED_MIND,UNOPENED,Do not need this anymore,0.7849999999999999,0
0.13965305688395233,0.10483367010482209,0,0.031032927620928095,516.4485904495739,232.88084987019928,11,0,Luxury Apparel,CHANGED_MIND,UNOPENED,Do not need this anymore,0.7949999999999999,0
0.021323548019796856,0.1729300285336722,0,0.02984028036834173,84.54501769855969,35.8174985639395,1,1,Electronics,WRONG_ITEM,UNOPENED,ISP provided complimentary router so unneeded,0.765,0
0.19622573134250015,0.1051841406421542,0,0.025058362153955252,275.2307934939226,135.81328877036722,10,1,Apparel,DOES_NOT_FIT,OPENED_LIKE_NEW,"Size 9 fits too small, need half size up",0.6,0
0.09566911704614907,0.07978046813410726,0,0.22694226529751543,569.9901632152296,253.6579760198139,4,1,Designer Handbags,DEFECTIVE,DAMAGED,Missing power cable and scratches on lens,0.32999999999999996,0
0.08948916841733046,0.24167653500461514,0,0.030914987628710512,136.53875680136386,71.35405170786392,9,1,Electronics,CHANGED_MIND,UNOPENED,Ordered wrong color variant by accident,0.725,0
0.10650078935052827,0.017188476605621866,0,0.02649151765489933,139.72017671831807,73.42992224377221,9,1,Footwear,WRONG_ITEM,UNOPENED,Do not need this anymore,0.8049999999999999,0
0.05671902864968974,0.20661615237304573,0,0.02673066073556358,103.34795172762409,56.25942736228934,4,0,Electronics,WRONG_ITEM,UNOPENED,ISP provided complimentary router so unneeded,0.75,0
0.112270743938576,0.07271921355789562,0,0.02408220525967774,260.91089046730946,107.22932080147265,12,0,Home & Kitchen,CHANGED_MIND,OPENED_LIKE_NEW,Do not need this anymore,0.5900000000000001,0
0.04504793154327104,0.012907124693088147,0,0.13063609772633591,239.51322393601197,106.4217786218322,2,1,Apparel,DEFECTIVE,OPENED_LIKE_NEW,Zipper arrived broken and jammed,0.64,0
0.0609466886648372,0.0415462499024373,0,0.01998188429531137,283.47920254356995,118.66590867748198,14,0,Home & Kitchen,CHANGED_MIND,UNOPENED,Do not need this anymore,0.78,0
0.1484561298741026,0.04852304557653562,0,0.11045786610932565,270.06352524321505,119.38727282181468,3,1,Home & Kitchen,DEFECTIVE,DAMAGED,Zipper arrived broken and jammed,0.33499999999999996,0
0.1477408418308144,0.24592789580228794,0,0.01150526050959922,152.16568935357787,75.18375061657481,3,1,Designer Handbags,DOES_NOT_FIT,UNOPENED,Did not fit my shoulders properly,0.835,0
0.07072850059318496,0.046075349237524765,0,0.011180856394591885,65.34218590399409,32.99108151820201,7,1,Luxury Apparel,CHANGED_MIND,UNOPENED,Do not need this anymore,0.815,0
0.037476345558041496,0.04677206159711509,0,0.18300245858051212,536.8880886598616,190.82147878350509,1,1,Electronics,DEFECTIVE,OPENED_LIKE_NEW,Left speaker makes a buzzing sound,0.5650000000000001,0
0.1610302704658236,0.002628306135413372,0,0.03285669683132452,1076.2332127942223,469.8489642509694,8,0,Designer Handbags,DOES_NOT_FIT,OPENED_LIKE_NEW,"Size 9 fits too small, need half size up",0.61,0
0.1163976451576037,0.11924584815441344,0,0.021676258558703164,1069.4124610296178,565.4910884888544,14,1,Electronics,DOES_NOT_FIT,UNOPENED,Too loose around the waist,0.7000000000000001,0
0.08044694563547622,0.1537674385036745,0,0.037807226864375924,289.5660872088717,130.82358610002396,14,0,Footwear,WRONG_ITEM,UNOPENED,"Changed mind, found cheaper elsewhere",0.78,0
0.07886722468696249,0.02786943159285258,0,0.2430082184423697,205.66459318852614,95.83269039129034,5,1,Luxury Apparel,DEFECTIVE,OPENED_LIKE_NEW,Missing power cable and scratches on lens,0.625,0
0.070859048153355,0.06975207258694915,0,0.022149057621285655,299.668057349305,108.1781493503278,2,1,Apparel,WRONG_ITEM,UNOPENED,Ordered wrong color variant by accident,0.84,0
0.12413752727663568,0.020643039508819294,0,0.01463562489971557,549.8930124565625,248.60224623281027,12,1,Electronics,CHANGED_MIND,OPENED_LIKE_NEW,Ordered wrong color variant by accident,0.5100000000000001,0
0.06658263350561433,0.07911428271860405,0,0.012609010607677992,108.38544055716889,58.887076650311094,3,1,Home & Kitchen,CHANGED_MIND,UNOPENED,ISP provided complimentary router so unneeded,0.835,0
0.1900473287010467,0.08371957253424625,0,0.02712561808836285,1095.1306536886955,384.6501475372474,6,0,Designer Handbags,CHANGED_MIND,UNOPENED,"Changed mind, found cheaper elsewhere",0.82,0
0.12538886414388695,0.09483695527889191,0,0.0955253748367047,227.2793157981884,123.21931299926852,2,0,Electronics,DEFECTIVE,DAMAGED,Zipper arrived broken and jammed,0.25999999999999995,0
0.11675722585526235,0.0035491586179309254,0,0.017728959962905876,561.9346621518772,274.5510387169026,1,0,Luxury Apparel,WRONG_ITEM,OPENED_LIKE_NEW,Ordered wrong color variant by accident,0.645,0
0.8299221701615598,0.9787180236191277,2,0.01575022398767518,173.01052801383068,79.0078025283207,20,0,Apparel,CHANGED_MIND,OPENED_LIKE_NEW,"Tags removed for event photoshoot, want refund",0.55,1
0.09301614670050276,0.04229047346060505,0,0.03932369689551528,259.6622263333112,116.76143193311943,4,0,Home & Kitchen,CHANGED_MIND,UNOPENED,"Changed mind, found cheaper elsewhere",0.83,0
0.7714604402078133,0.7636330949967054,5,0.020875741407834936,216.11678660840585,97.90812386124423,5,0,Footwear,CHANGED_MIND,OPENED_LIKE_NEW,"Used for Saturday dinner, slightly tight",0.625,1
0.14873707217604235,0.06113416562477262,0,0.14306553114066872,935.6963520343722,359.39395326114214,3,0,Luxury Apparel,DEFECTIVE,DAMAGED,Stopped powering on after 2 days,0.33499999999999996,0
0.08921284646712799,0.08673973759439646,0,0.02295421285323332,239.98945213039974,107.23559239068202,14,0,Home & Kitchen,DOES_NOT_FIT,OPENED_LIKE_NEW,Too loose around the waist,0.5800000000000001,0
0.1629226010478733,0.14412222578496647,0,0.02026208303972666,247.74415451295494,98.51742867160348,14,1,Footwear,CHANGED_MIND,OPENED_LIKE_NEW,Ordered wrong color variant by accident,0.5800000000000001,0
0.0603889363639632,0.12612573101370894,0,0.01782547737886267,50.54096054341093,24.24245213971375,10,0,Luxury Apparel,WRONG_ITEM,UNOPENED,"Changed mind, found cheaper elsewhere",0.7999999999999999,0
0.11199688786503166,0.1113794536232903,0,0.03900905543854946,182.07977558980127,95.17060704063829,11,0,Apparel,CHANGED_MIND,OPENED_LIKE_NEW,"Changed mind, found cheaper elsewhere",0.595,0
0.045101042516928834,0.14230161578235692,0,0.036039388801927086,185.35408325197196,91.49130108791988,4,0,Home & Kitchen,WRONG_ITEM,UNOPENED,ISP provided complimentary router so unneeded,0.83,0
0.08696784220619734,0.023112379259266652,0,0.023737008853812143,497.5960933730747,260.44778457479816,12,0,Designer Handbags,DOES_NOT_FIT,UNOPENED,"Sleeves are too long, otherwise nice fabric",0.79,0
0.06391915442344501,0.24168355688377702,0,0.03874414359413488,93.09870184464565,39.065182691511765,6,1,Home & Kitchen,WRONG_ITEM,OPENED_LIKE_NEW,Do not need this anymore,0.62,0
0.9030000833932482,0.9706542218509101,3,0.01886878205672088,113.2741875512469,51.564540028265085,9,1,Home & Kitchen,CHANGED_MIND,OPENED_LIKE_NEW,"Used for Saturday dinner, slightly tight",0.605,1
0.8094961428645806,0.7765728643049943,5,0.024729463492381455,99.9225342529836,35.95801311689143,3,0,Designer Handbags,CHANGED_MIND,USED,"Wore to church event, returned Monday",0.33499999999999996,1
0.08953178692619815,0.08836829801518015,0,0.01946899646101457,160.03043473395024,66.27607907910217,8,1,Apparel,WRONG_ITEM,OPENED_LIKE_NEW,ISP provided complimentary router so unneeded,0.61,0
0.05460642532425655,0.07736738727215023,0,0.03924712818430705,138.05618967358336,60.59873668019825,10,1,Home & Kitchen,DOES_NOT_FIT,UNOPENED,Did not fit my shoulders properly,0.7999999999999999,0
0.12377809819120522,0.24583519210355664,0,0.01724803829307289,830.2872482176232,409.4951290695074,9,1,Electronics,DOES_NOT_FIT,UNOPENED,"Size 9 fits too small, need half size up",0.725,0
0.1293183950227519,0.02214458490916102,0,0.030306168274827294,42.62604553494826,20.001356682239614,4,1,Footwear,CHANGED_MIND,UNOPENED,"Changed mind, found cheaper elsewhere",0.83,0
0.11614555303882655,0.021096989061995045,0,0.2230757412822716,75.21041441828496,39.01634807984394,2,1,Designer Handbags,DEFECTIVE,DAMAGED,Zipper arrived broken and jammed,0.33999999999999997,0
0.10285922911569773,0.05439698498291112,0,0.01401334434981904,1145.836314395552,417.6952838499191,7,0,Luxury Apparel,CHANGED_MIND,UNOPENED,ISP provided complimentary router so unneeded,0.815,0
0.04588214459167034,0.0347822347433046,0,0.18543992432339046,671.9692589202741,252.07495351898746,5,1,Electronics,DEFECTIVE,OPENED_LIKE_NEW,Left speaker makes a buzzing sound,0.545,0
0.07215103707287863,0.05968794277150602,0,0.016406285634710242,516.9274303167849,253.71123454095445,8,1,Luxury Apparel,WRONG_ITEM,UNOPENED,Do not need this anymore,0.8099999999999999,0
0.05914152779910248,0.09166971992574535,0,0.021727522805234867,1172.6895741450758,634.3468076506058,12,1,Designer Handbags,CHANGED_MIND,OPENED_LIKE_NEW,ISP provided complimentary router so unneeded,0.5900000000000001,0
0.12401788575776988,0.02416589208191852,0,0.09156634339558385,112.14863787317181,45.236152317808276,1,1,Apparel,DEFECTIVE,OPENED_LIKE_NEW,Screen flickers and has green lines,0.645,0
0.11106664402635091,0.19443197751694827,0,0.03574968816636574,1020.0423390761898,430.3916788323703,9,0,Luxury Apparel,CHANGED_MIND,UNOPENED,"Changed mind, found cheaper elsewhere",0.8049999999999999,0
0.14370218182292294,0.07820854938105501,0,0.011827166297055481,853.8157080994131,300.51368158604606,9,1,Designer Handbags,WRONG_ITEM,UNOPENED,Ordered wrong color variant by accident,0.8049999999999999,0
0.07319373636960351,0.03293792693020758,0,0.1978741815482049,928.8447484020395,381.58700306854524,3,0,Luxury Apparel,DEFECTIVE,DAMAGED,Missing power cable and scratches on lens,0.33499999999999996,0
0.865232156500184,0.7822966929413814,6,0.018926527199731223,883.3414913363954,431.5865596998547,13,1,Luxury Apparel,DEFECTIVE,USED,"Used for Saturday dinner, slightly tight",0.285,1
0.19772632501619603,0.05629025605398297,0,0.029869537406187467,747.2310135999018,398.2888438984234,5,0,Luxury Apparel,CHANGED_MIND,OPENED_LIKE_NEW,Ordered wrong color variant by accident,0.625,0
0.04814518549607751,0.18794954089673324,0,0.027048058488063048,358.61240895397026,159.54199262472724,3,1,Designer Handbags,CHANGED_MIND,UNOPENED,Ordered wrong color variant by accident,0.835,0
0.08007978747256361,0.14482835069711522,0,0.036670018324439974,181.55887071335556,86.48456652481137,3,1,Footwear,DOES_NOT_FIT,UNOPENED,Did not fit my shoulders properly,0.835,0
0.7334365312016192,0.7143263418047332,4,0.014657171137521885,610.722006141216,251.64620512229666,6,0,Luxury Apparel,DEFECTIVE,OPENED_LIKE_NEW,"Dress worn once for gala evening, return please",0.62,1
0.5817936189925373,0.8411571957371626,4,0.016456195868957007,95.97960187268905,42.4994877835734,17,0,Footwear,CHANGED_MIND,OPENED_LIKE_NEW,"Wore to church event, returned Monday",0.5650000000000001,1
0.04399116645479117,0.23193643326885183,0,0.03603106293757717,219.59566107864723,81.52330051452262,14,1,Home & Kitchen,DOES_NOT_FIT,UNOPENED,Too loose around the waist,0.78,0
0.15965790580454475,0.20198933202725475,0,0.03303293853143013,172.20042905831974,82.44639546663896,1,1,Luxury Apparel,CHANGED_MIND,UNOPENED,ISP provided complimentary router so unneeded,0.845,0
0.8754461580872293,0.8616589523415069,2,0.022928147504561777,151.0499568422342,68.83972846491386,13,1,Apparel,DEFECTIVE,USED,"Dress worn once for gala evening, return please",0.285,1
0.02618783450331054,0.15974075549332115,0,0.012443416386734775,144.62901344356143,59.085438316219765,2,0,Home & Kitchen,DOES_NOT_FIT,UNOPENED,Did not fit my shoulders properly,0.84,0
0.7454425775952709,0.7373565739464979,5,0.02383286803946636,962.2133828370256,368.2110515307277,23,0,Luxury Apparel,CHANGED_MIND,OPENED_LIKE_NEW,"Dress worn once for gala evening, return please",0.535,1
0.03877635572333879,0.03637887069683979,0,0.03631382685695505,170.25204698299794,75.49864465316763,8,1,Apparel,CHANGED_MIND,UNOPENED,"Changed mind, found cheaper elsewhere",0.8099999999999999,0
0.03920812743842377,0.16238900168924045,0,0.036039987756852694,252.75111406394956,120.1100949543582,1,0,Home & Kitchen,WRONG_ITEM,UNOPENED,ISP provided complimentary router so unneeded,0.845,0
0.02978623316471757,0.011239702717601297,0,0.0883825278086702,338.6758911312644,127.72561555248568,5,0,Designer Handbags,DEFECTIVE,OPENED_LIKE_NEW,Screen flickers and has green lines,0.625,0
0.6170216181135952,0.8078162556013092,4,0.028859655681422708,192.85341643996532,99.704205195342,3,0,Footwear,DEFECTIVE,USED,"Dress worn once for gala evening, return please",0.33499999999999996,1
0.14786327012821981,0.028125782631657936,0,0.03207761219121846,359.11470260858437,171.59275079466786,11,1,Luxury Apparel,CHANGED_MIND,UNOPENED,Ordered wrong color variant by accident,0.7949999999999999,0
0.08137315525573795,0.2494180658161648,0,0.017906544384903335,363.7913460981528,195.0410736598033,10,1,Designer Handbags,CHANGED_MIND,OPENED_LIKE_NEW,Ordered wrong color variant by accident,0.6,0
0.5110899820863452,0.8950729166044951,4,0.02450652781471756,255.00410878785982,138.94864367119513,15,0,Home & Kitchen,DEFECTIVE,OPENED_LIKE_NEW,"Dress worn once for gala evening, return please",0.5750000000000001,1
0.19560834544819744,0.016319189391615974,0,0.03465517968258707,202.73523175577986,97.20514264200493,10,1,Apparel,DOES_NOT_FIT,OPENED_LIKE_NEW,Did not fit my shoulders properly,0.6,0
0.043102986790645066,0.16254679161141333,0,0.03947447741803743,275.7501066233479,120.73060262587552,11,1,Home & Kitchen,DOES_NOT_FIT,OPENED_LIKE_NEW,Too loose around the waist,0.595,0
0.027190635191496983,0.09057337250005121,0,0.034791709348016654,217.91225290292067,96.28861068545069,7,1,Home & Kitchen,CHANGED_MIND,UNOPENED,"Changed mind, found cheaper elsewhere",0.815,0
0.02716319957064804,0.04268947278233026,0,0.1597342397520402,280.3527715458874,134.06952322882304,2,1,Footwear,DEFECTIVE,DAMAGED,Stopped powering on after 2 days,0.33999999999999997,0
0.07609752499783681,0.13132956611268035,0,0.011981659234664802,1168.1791533536948,492.98559795260314,9,1,Designer Handbags,WRONG_ITEM,OPENED_LIKE_NEW,"Changed mind, found cheaper elsewhere",0.605,0
0.10601612388436446,0.08882099355923065,0,0.030475351903486006,207.11384354063807,102.12047586003516,10,1,Footwear,CHANGED_MIND,UNOPENED,Ordered wrong color variant by accident,0.7999999999999999,0
0.6206644533253644,0.7883871747259384,5,0.012505024621924158,205.26524225768097,73.47662818693084,4,1,Apparel,DEFECTIVE,OPENED_LIKE_NEW,"Tags removed for event photoshoot, want refund",0.63,1
0.09769870361804968,0.0869695884851634,0,0.2314414652092377,148.48538410173944,65.60986134834157,4,1,Home & Kitchen,DEFECTIVE,DAMAGED,Missing power cable and scratches on lens,0.32999999999999996,0
0.030005993791042258,0.06707650254430357,0,0.21961410146338373,323.79986334146713,140.6133857492181,2,1,Designer Handbags,DEFECTIVE,OPENED_LIKE_NEW,Stopped powering on after 2 days,0.64,0
0.12904911377948514,0.0877120467662288,0,0.1213405966449184,176.40692449887516,68.53384851275929,5,1,Apparel,DEFECTIVE,DAMAGED,Screen flickers and has green lines,0.32499999999999996,0
0.5458454438628004,0.9551137403897481,3,0.026410150084642182,234.0095979958728,84.1857166307958,24,0,Footwear,CHANGED_MIND,OPENED_LIKE_NEW,"Dress worn once for gala evening, return please",0.53,1
0.17187118268784635,0.10951101897634594,0,0.02027185369887579,175.28099928197852,64.55084728313928,12,0,Apparel,CHANGED_MIND,UNOPENED,Ordered wrong color variant by accident,0.79,0
0.8404909472085794,0.8630818215287228,3,0.01373180193746335,258.3493517320929,99.94237704449503,25,0,Designer Handbags,DEFECTIVE,USED,"Wore to wedding party over the weekend, no longer needed",0.22499999999999998,1
0.02741031038175142,0.05877984493716848,0,0.22285919019004635,60.297928225370775,21.695250591917297,4,1,Electronics,DEFECTIVE,OPENED_LIKE_NEW,Stopped powering on after 2 days,0.55,0
0.7577466245091256,0.9294587919080947,4,0.01653477781137267,121.1439596721236,56.84914109391558,16,1,Apparel,CHANGED_MIND,OPENED_LIKE_NEW,"Tags removed for event photoshoot, want refund",0.5700000000000001,1
0.06935832004234646,0.006652091519421033,0,0.03205685554304788,765.7538990120856,356.957098784536,8,1,Luxury Apparel,WRONG_ITEM,OPENED_LIKE_NEW,Do not need this anymore,0.61,0
0.15350314321852818,0.16880770939050938,0,0.016176459645349636,121.93228790942156,45.75168038898875,14,1,Footwear,DOES_NOT_FIT,UNOPENED,Too loose around the waist,0.78,0
0.5584356560380465,0.889334808979831,5,0.02717200213964996,1156.7697972789213,550.2400226053155,4,0,Designer Handbags,CHANGED_MIND,OPENED_LIKE_NEW,"Dress worn once for gala evening, return please",0.63,1
0.053138238204972266,0.026412586362232676,0,0.03438552914610273,184.1580309989998,87.22774126286231,1,1,Footwear,WRONG_ITEM,UNOPENED,Do not need this anymore,0.845,0
0.16066317597584767,0.1758193069331129,0,0.0350337475856829,40.45882400146658,20.20934957643152,11,1,Footwear,WRONG_ITEM,UNOPENED,"Changed mind, found cheaper elsewhere",0.7949999999999999,0
0.8828837407949429,0.780117811888328,6,0.022808945479865055,111.39456755516733,60.33065318054365,25,0,Footwear,CHANGED_MIND,OPENED_LIKE_NEW,"Used for Saturday dinner, slightly tight",0.525,1
0.024345064416615488,0.057979284383295505,0,0.10830560299841757,866.175438005504,333.63177195814075,3,1,Luxury Apparel,DEFECTIVE,DAMAGED,Stopped powering on after 2 days,0.33499999999999996,0
0.050599824046786486,0.049437081104575814,0,0.23552194149946926,83.22145234069198,31.528281127862325,2,0,Apparel,DEFECTIVE,DAMAGED,Left speaker makes a buzzing sound,0.33999999999999997,0
0.1566158297337255,0.12515488308348274,0,0.037353553371453144,65.31900321895662,31.299924351351972,13,0,Home & Kitchen,CHANGED_MIND,OPENED_LIKE_NEW,Ordered wrong color variant by accident,0.585,0
0.061918246307326716,0.039190107162909826,0,0.030502882454718112,728.6741590941306,365.040608379612,3,1,Luxury Apparel,CHANGED_MIND,UNOPENED,"Changed mind, found cheaper elsewhere",0.835,0
0.07570326376031283,0.11199291409554749,0,0.022164150289912553,1181.5437782011566,482.60130967464534,8,1,Luxury Apparel,DOES_NOT_FIT,OPENED_LIKE_NEW,Did not fit my shoulders properly,0.61,0
0.07306710290241804,0.08863705220715185,0,0.026937822438709645,332.69438334594446,177.34539863052632,6,0,Luxury Apparel,DOES_NOT_FIT,OPENED_LIKE_NEW,Too loose around the waist,0.62,0
0.06782340167592743,0.22395393289004867,0,0.01310425190939754,801.6127347835967,425.97468554313866,6,1,Luxury Apparel,WRONG_ITEM,OPENED_LIKE_NEW,"Changed mind, found cheaper elsewhere",0.62,0
0.04193742699176984,0.0968326960099255,0,0.15699017127063697,285.07165482128175,138.36352115821455,4,1,Apparel,DEFECTIVE,OPENED_LIKE_NEW,Missing power cable and scratches on lens,0.63,0
0.07428563657723929,0.047075631229276604,0,0.019112051386752982,147.900194744703,56.02068820858661,14,0,Designer Handbags,DOES_NOT_FIT,OPENED_LIKE_NEW,Too loose around the waist,0.5800000000000001,0
0.03883887926236661,0.10573588593538943,0,0.033867351287727596,63.88047740949355,24.023153390774905,8,0,Apparel,DOES_NOT_FIT,OPENED_LIKE_NEW,"Size 9 fits too small, need half size up",0.61,0
0.13581721091311955,0.04929574549201657,0,0.012928301143269748,233.54435071847007,124.88697256912607,1,1,Electronics,WRONG_ITEM,OPENED_LIKE_NEW,"Changed mind, found cheaper elsewhere",0.5650000000000001,0
0.16786482549971435,0.08851614058877352,0,0.02967462301982178,663.2397814549241,321.95307321522387,5,0,Luxury Apparel,DOES_NOT_FIT,UNOPENED,Too loose around the waist,0.825,0
0.1428808074432967,0.15718350376499823,0,0.01798304105611926,35.72676570977499,15.759553535484596,6,0,Apparel,DOES_NOT_FIT,UNOPENED,"Sleeves are too long, otherwise nice fabric",0.82,0
0.1803752992443267,0.14237431462964398,0,0.034971731251057236,1190.2842378350247,455.5494410102962,1,1,Electronics,CHANGED_MIND,OPENED_LIKE_NEW,Do not need this anymore,0.5650000000000001,0
0.10993109308845771,0.06742935737000247,0,0.2465924260509073,296.0402018370201,144.27096560535225,1,1,Footwear,DEFECTIVE,OPENED_LIKE_NEW,Missing power cable and scratches on lens,0.645,0
0.06385066255679497,0.19963895953264976,0,0.013210874026331143,239.6923086471979,127.52571009011403,13,1,Home & Kitchen,CHANGED_MIND,UNOPENED,ISP provided complimentary router so unneeded,0.7849999999999999,0
0.6722750276457958,0.8765778825952625,5,0.018602854641936527,547.8074637862289,225.73731024425936,19,0,Luxury Apparel,DEFECTIVE,OPENED_LIKE_NEW,"Dress worn once for gala evening, return please",0.555,1
0.15718333168105844,0.2340441410416263,0,0.03822252577703383,242.74629045492324,127.42935686984963,12,0,Designer Handbags,CHANGED_MIND,OPENED_LIKE_NEW,ISP provided complimentary router so unneeded,0.5900000000000001,0
0.8318441486422049,0.7707944721932809,4,0.011345692258430292,350.87682958587845,186.82143716386267,4,0,Electronics,DEFECTIVE,OPENED_LIKE_NEW,"Tags removed for event photoshoot, want refund",0.55,1
0.13397216148123903,0.18026366522446796,0,0.017714570533272876,874.4902604667915,310.98998783331706,1,0,Electronics,WRONG_ITEM,OPENED_LIKE_NEW,ISP provided complimentary router so unneeded,0.5650000000000001,0
0.0875578422391425,0.1566883371355828,0,0.014382896966239607,251.32598297290704,99.77798848117837,11,0,Home & Kitchen,WRONG_ITEM,UNOPENED,Ordered wrong color variant by accident,0.7949999999999999,0
0.13741060030732033,0.10129928564383242,0,0.027881307864329415,164.64264104953344,58.18183797666386,5,0,Designer Handbags,CHANGED_MIND,UNOPENED,Ordered wrong color variant by accident,0.825,0
0.18372159692845422,0.0674075021917957,0,0.03459031008341377,299.8213326298551,117.61578672701734,4,0,Apparel,WRONG_ITEM,UNOPENED,Do not need this anymore,0.83,0
0.06773073341300401,0.16571494690866642,0,0.038963459038018636,276.8489457524546,124.741242528334,13,0,Apparel,WRONG_ITEM,UNOPENED,Do not need this anymore,0.7849999999999999,0
0.16311985085481046,0.033936463274975265,0,0.039323145526120366,290.1971393598963,111.07173381734617,6,1,Footwear,CHANGED_MIND,UNOPENED,"Changed mind, found cheaper elsewhere",0.82,0
0.0738961624645592,0.025038749376691732,0,0.018151527966945392,249.38784208918182,106.15520731113418,9,1,Home & Kitchen,DOES_NOT_FIT,UNOPENED,Too loose around the waist,0.8049999999999999,0
0.03149160572907859,0.03422255247789046,0,0.24683516682101758,198.1629886962808,85.85058542740167,1,0,Apparel,DEFECTIVE,OPENED_LIKE_NEW,Stopped powering on after 2 days,0.645,0
0.049976932429508604,0.2465441993209237,0,0.03462547027789386,102.40625817400283,37.27728494968894,9,1,Apparel,DOES_NOT_FIT,OPENED_LIKE_NEW,Too loose around the waist,0.605,0
0.030192600327960447,0.030094537376383457,0,0.02742305750843265,1117.365568598371,502.086749585712,13,0,Electronics,CHANGED_MIND,UNOPENED,Ordered wrong color variant by accident,0.705,0
0.1717301868421155,0.11147165496495196,0,0.03125750637303475,888.972375252341,342.0701171072374,4,0,Electronics,WRONG_ITEM,UNOPENED,"Changed mind, found cheaper elsewhere",0.75,0
0.08501889061564613,0.15932553913450598,0,0.012120898245530986,124.42355163481307,56.85657287360626,5,0,Apparel,WRONG_ITEM,UNOPENED,ISP provided complimentary router so unneeded,0.825,0
0.19932040874803497,0.11863339065561018,0,0.03448170271342971,143.81850339331987,73.24362055636017,4,1,Home & Kitchen,DOES_NOT_FIT,UNOPENED,Did not fit my shoulders properly,0.83,0
0.12717466429161953,0.22164886037559958,0,0.0223282765705033,191.18371545090667,91.00416284065444,12,1,Apparel,CHANGED_MIND,UNOPENED,Do not need this anymore,0.79,0
0.687822323810213,0.7404073722324948,2,0.01187118813824671,29.584676414899103,15.523282454219016,9,0,Footwear,DEFECTIVE,OPENED_LIKE_NEW,"Tags removed for event photoshoot, want refund",0.605,1
0.06256548420296502,0.05287668732044201,0,0.03208106201278196,411.2186911813744,185.54554913205638,10,1,Designer Handbags,CHANGED_MIND,OPENED_LIKE_NEW,Do not need this anymore,0.6,0
0.04925199175354214,0.2399364303654923,0,0.03554744200051712,262.54214631537593,113.24880181335064,7,0,Footwear,WRONG_ITEM,OPENED_LIKE_NEW,Do not need this anymore,0.615,0
0.15722501846729112,0.03596903884744504,0,0.010258570077753408,63.168601790512625,29.519972938625727,12,1,Luxury Apparel,CHANGED_MIND,UNOPENED,Do not need this anymore,0.79,0
0.7049277073615734,0.8450442976943855,3,0.010149262808344389,141.23882040579207,69.71740715382037,20,0,Apparel,DEFECTIVE,USED,"Wore to wedding party over the weekend, no longer needed",0.24999999999999997,1
0.09968486635413847,0.18305480157805556,0,0.016990568931905044,983.2447251988016,459.8500364831895,10,1,Electronics,CHANGED_MIND,UNOPENED,"Changed mind, found cheaper elsewhere",0.72,0
0.5948433947434578,0.7662817332390732,4,0.02256060929139074,253.23338813342193,109.68185213582215,12,0,Apparel,DEFECTIVE,OPENED_LIKE_NEW,"Used for Saturday dinner, slightly tight",0.5900000000000001,1
0.6162351931074165,0.9427632499349681,6,0.023385365835016696,559.7791652483687,250.54598064452182,9,0,Luxury Apparel,DEFECTIVE,OPENED_LIKE_NEW,"Used for Saturday dinner, slightly tight",0.605,1
0.05676616422855135,0.15670065751621098,0,0.02076227531628666,298.80242358544604,133.27684788011234,1,1,Home & Kitchen,DOES_NOT_FIT,UNOPENED,Too loose around the waist,0.845,0
0.08316512880464973,0.056585178741067194,0,0.23584852053018696,245.22497746143134,107.9544143511709,4,1,Apparel,DEFECTIVE,DAMAGED,Zipper arrived broken and jammed,0.32999999999999996,0
0.14936586787510328,0.1465588746951904,0,0.024771011461037468,77.88683751569639,34.48729880436382,8,0,Home & Kitchen,DOES_NOT_FIT,UNOPENED,"Sleeves are too long, otherwise nice fabric",0.8099999999999999,0
0.06424734566406344,0.22871053746291367,0,0.020062204404890406,286.87260399667736,130.9892032275719,10,0,Home & Kitchen,WRONG_ITEM,UNOPENED,Ordered wrong color variant by accident,0.7999999999999999,0
0.13367798816170887,0.13573511112233194,0,0.013881418509001027,128.35083522718378,47.46788959358655,11,0,Footwear,CHANGED_MIND,UNOPENED,Ordered wrong color variant by accident,0.7949999999999999,0
0.10098402574383963,0.044687419520043896,0,0.21225744516705924,85.6293822748267,32.788621781530736,1,1,Home & Kitchen,DEFECTIVE,OPENED_LIKE_NEW,Screen flickers and has green lines,0.645,0
0.07282319002528982,0.09265853832183812,0,0.20077170855211,140.20399681805264,63.57612401477854,2,0,Home & Kitchen,DEFECTIVE,OPENED_LIKE_NEW,Screen flickers and has green lines,0.64,0
0.0351583420118777,0.24614397409402827,0,0.02999221914084757,103.48611882744117,48.34474900837867,9,0,Apparel,DOES_NOT_FIT,OPENED_LIKE_NEW,"Sleeves are too long, otherwise nice fabric",0.605,0
0.03970682589241892,0.2414591672018959,0,0.015243549636500979,791.7151689440484,315.9663133858329,5,0,Electronics,WRONG_ITEM,OPENED_LIKE_NEW,ISP provided complimentary router so unneeded,0.545,0
0.14916104887673645,0.19420534181007026,0,0.030202591867342976,752.8193738960233,397.8603857697091,9,0,Luxury Apparel,WRONG_ITEM,UNOPENED,Do not need this anymore,0.8049999999999999,0
0.03415280797815645,0.0827286914450488,0,0.01744862438892538,296.70383956799094,126.9530323919359,3,1,Footwear,CHANGED_MIND,UNOPENED,"Changed mind, found cheaper elsewhere",0.835,0
0.11523965090125184,0.06847251638810047,0,0.11605381037115421,90.72436205817661,36.85739923739414,1,0,Apparel,DEFECTIVE,OPENED_LIKE_NEW,Left speaker makes a buzzing sound,0.645,0
0.6850072752167207,0.7656110183821475,3,0.010393029654936957,266.8330906219787,144.92291284615837,12,0,Apparel,DEFECTIVE,USED,"Wore to wedding party over the weekend, no longer needed",0.29,1
0.6537066741642056,0.7947819262391324,6,0.01014183625548742,212.06893929085285,109.23416137975128,25,1,Home & Kitchen,CHANGED_MIND,USED,"Tags removed for event photoshoot, want refund",0.22499999999999998,1
0.5659737351620014,0.7447065778228021,3,0.02580166499942875,194.47995579738978,69.81288038198335,15,0,Footwear,DEFECTIVE,OPENED_LIKE_NEW,"Used for Saturday dinner, slightly tight",0.5750000000000001,1
0.7801461457080268,0.7864969623962544,3,0.01737450310941692,932.888445224381,477.81337004255056,18,0,Electronics,CHANGED_MIND,USED,"Wore to church event, returned Monday",0.18,1
0.09206419283116953,0.2367882340015887,0,0.022193881538562166,237.25490968828024,105.99966973177915,8,1,Apparel,DOES_NOT_FIT,UNOPENED,Too loose around the waist,0.8099999999999999,0
0.18155581877397514,0.22694031091254466,0,0.012622504236132516,1126.332264319862,580.1815979768774,1,1,Electronics,CHANGED_MIND,OPENED_LIKE_NEW,ISP provided complimentary router so unneeded,0.5650000000000001,0
0.16243592857628003,0.05022783492138061,0,0.03415357626263995,258.78650203838515,105.54091643675858,7,1,Apparel,DOES_NOT_FIT,UNOPENED,"Sleeves are too long, otherwise nice fabric",0.815,0
0.1914068141052183,0.012465036599791063,0,0.01449727759741419,172.83481296416645,80.39558134797818,3,0,Home & Kitchen,DOES_NOT_FIT,UNOPENED,Too loose around the waist,0.835,0
0.13612701499416263,0.0042422823288666145,0,0.038811003238663905,37.2617255018896,14.107750968090105,14,1,Apparel,WRONG_ITEM,UNOPENED,Do not need this anymore,0.78,0
0.02182188727838741,0.05668584332940947,0,0.23848537026656524,208.13547067212767,107.09225461606765,1,0,Apparel,DEFECTIVE,OPENED_LIKE_NEW,Stopped powering on after 2 days,0.645,0
0.021726556449615412,0.05420152984797261,0,0.1581257061759387,162.21618466071808,59.118494112705626,3,1,Footwear,DEFECTIVE,DAMAGED,Left speaker makes a buzzing sound,0.33499999999999996,0
0.14319836499247535,0.1258051037146586,0,0.03295446549583792,602.9371355115898,229.04154459793628,12,1,Luxury Apparel,WRONG_ITEM,UNOPENED,Ordered wrong color variant by accident,0.79,0
0.10427340403011687,0.017238636210516623,0,0.2283070757703185,751.2148373203202,286.54397102458404,2,1,Electronics,DEFECTIVE,OPENED_LIKE_NEW,Zipper arrived broken and jammed,0.56,0
0.19322085034661723,0.12959136583383016,0,0.012186953556149651,767.126169121478,307.34126070501384,6,0,Designer Handbags,DOES_NOT_FIT,OPENED_LIKE_NEW,Too loose around the waist,0.62,0
0.16466482133791444,0.20445551839154766,0,0.03936842067563986,163.0141210317385,71.88782153234037,8,0,Home & Kitchen,DOES_NOT_FIT,UNOPENED,Too loose around the waist,0.8099999999999999,0
0.8390640224509163,0.7370917837757394,3,0.02093831027586248,673.6472161517871,247.83118967345035,3,0,Designer Handbags,CHANGED_MIND,OPENED_LIKE_NEW,"Wore to wedding party over the weekend, no longer needed",0.635,1
0.6880928384781111,0.9389197435988166,6,0.027123072439893203,52.29035785291228,19.250390733242533,20,1,Home & Kitchen,CHANGED_MIND,OPENED_LIKE_NEW,"Dress worn once for gala evening, return please",0.55,1
0.06728518586034836,0.21869151563849837,0,0.013867077552204968,222.99912072254773,82.56166109710645,14,0,Home & Kitchen,WRONG_ITEM,OPENED_LIKE_NEW,"Changed mind, found cheaper elsewhere",0.5800000000000001,0
0.7804120341865214,0.7996988437533605,5,0.02577827925931734,89.26487342697499,42.65435977839837,8,0,Home & Kitchen,CHANGED_MIND,OPENED_LIKE_NEW,"Used for Saturday dinner, slightly tight",0.61,1
0.0624228562236593,0.17841507077803845,0,0.03621034103682246,59.870494759859014,31.33137569254536,4,1,Home & Kitchen,DOES_NOT_FIT,UNOPENED,Did not fit my shoulders properly,0.83,0
0.12684354579457363,0.03177762271675599,0,0.02282625566079136,226.59794044271356,111.04875699706318,14,0,Luxury Apparel,CHANGED_MIND,UNOPENED,Ordered wrong color variant by accident,0.78,0
0.15659626419523096,0.02644913006819974,0,0.025184195580839328,984.9650649900639,529.155350959037,6,1,Designer Handbags,DOES_NOT_FIT,OPENED_LIKE_NEW,"Sleeves are too long, otherwise nice fabric",0.62,0
0.11243321601351862,0.23756980590285176,0,0.026070669113680896,133.4023860149747,69.32129934010565,14,0,Footwear,WRONG_ITEM,UNOPENED,ISP provided complimentary router so unneeded,0.78,0
0.10873688788245604,0.11797562764113076,0,0.02470937468229485,1022.2706021689046,527.8885869172709,4,0,Electronics,WRONG_ITEM,UNOPENED,Do not need this anymore,0.75,0
0.09263359863923802,0.08332496496763125,0,0.024757840721173877,182.51244017770497,72.57925524156941,3,0,Apparel,WRONG_ITEM,UNOPENED,ISP provided complimentary router so unneeded,0.835,0
0.12321416101302679,0.04864827657324229,0,0.13678774323139314,163.9123518382291,65.19925753676705,5,1,Luxury Apparel,DEFECTIVE,OPENED_LIKE_NEW,Missing power cable and scratches on lens,0.625,0
0.9271765272901926,0.7854279123094674,2,0.013377185787340706,574.3804383197921,236.3101919387063,24,0,Designer Handbags,CHANGED_MIND,OPENED_LIKE_NEW,"Wore to church event, returned Monday",0.53,1
0.5158216626220373,0.7904806608382368,5,0.02088217247878937,176.7209023054909,74.45459866201226,16,0,Footwear,CHANGED_MIND,OPENED_LIKE_NEW,"Wore to wedding party over the weekend, no longer needed",0.5700000000000001,1
0.07814935831283809,0.09655179182347665,0,0.14414924112915298,96.01237364649532,38.27950053738247,4,1,Footwear,DEFECTIVE,DAMAGED,Missing power cable and scratches on lens,0.32999999999999996,0
0.10239763028674416,0.18988003717923602,0,0.016179645525654197,862.7835074832909,305.62377137356407,7,1,Electronics,DOES_NOT_FIT,UNOPENED,"Size 9 fits too small, need half size up",0.735,0
0.6885198400927757,0.9172422182567803,3,0.016774659115488626,693.9350376766633,271.32571751762856,26,0,Designer Handbags,DEFECTIVE,USED,"Wore to church event, returned Monday",0.21999999999999997,1
0.15355917040271103,0.013069775817189905,0,0.03557627934626501,79.50400626595874,41.73003151146178,6,1,Home & Kitchen,DOES_NOT_FIT,UNOPENED,"Sleeves are too long, otherwise nice fabric",0.82,0
0.08345526343409312,0.18067089361862165,0,0.019576758933585653,274.12570958952807,102.88689673495531,1,1,Home & Kitchen,DOES_NOT_FIT,UNOPENED,Did not fit my shoulders properly,0.845,0
0.052133562069067774,0.12325753128970057,0,0.012458153171144383,78.89455079298453,42.504697733171994,4,0,Home & Kitchen,CHANGED_MIND,UNOPENED,ISP provided complimentary router so unneeded,0.83,0
0.1957681390066197,0.09406483233260549,0,0.03769858063041807,671.9966237811808,271.45202359492964,13,1,Electronics,WRONG_ITEM,OPENED_LIKE_NEW,ISP provided complimentary router so unneeded,0.505,0
0.14643176979450775,0.1647254516437143,0,0.039673759573262,97.8880040375529,47.41811407514907,2,0,Footwear,WRONG_ITEM,UNOPENED,Do not need this anymore,0.84,0
0.02936427590530044,0.028411509674179852,0,0.010117551248532797,1199.3743900292209,612.2263417407762,1,0,Electronics,WRONG_ITEM,OPENED_LIKE_NEW,"Changed mind, found cheaper elsewhere",0.5650000000000001,0
0.8540253566300933,0.8427233010806903,6,0.0160013416581088,66.59767822723589,27.1009227109564,24,1,Footwear,CHANGED_MIND,USED,"Wore to wedding party over the weekend, no longer needed",0.22999999999999998,1
0.06887625885078809,0.07563100969802941,0,0.17174250411353592,129.8810068043599,45.92667754857963,1,1,Electronics,DEFECTIVE,DAMAGED,Zipper arrived broken and jammed,0.26499999999999996,0
0.03330318333942821,0.041049871369737936,0,0.2386427958983331,200.28568233253594,102.21883831008101,4,1,Footwear,DEFECTIVE,OPENED_LIKE_NEW,Missing power cable and scratches on lens,0.63,0
0.10394742701081876,0.0904165207987607,0,0.013252011181498682,265.8815811012064,134.70411874006336,11,0,Footwear,WRONG_ITEM,UNOPENED,"Changed mind, found cheaper elsewhere",0.7949999999999999,0
0.05026125756759052,0.12806514096906513,0,0.024621244237637348,196.90017698879538,106.17593532434998,1,1,Footwear,WRONG_ITEM,UNOPENED,ISP provided complimentary router so unneeded,0.845,0
0.12435885951724635,0.13505431669465465,0,0.011509687988039918,112.97267218090776,43.77344879145897,5,1,Electronics,DOES_NOT_FIT,UNOPENED,"Sleeves are too long, otherwise nice fabric",0.745,0
0.02584473890451469,0.1858382238925031,0,0.031699909119818896,62.415464468701806,32.28226314916946,13,1,Footwear,CHANGED_MIND,UNOPENED,ISP provided complimentary router so unneeded,0.7849999999999999,0
0.04012218452999455,0.030117558699735883,0,0.12232607285743205,471.87623434473545,189.1906377950983,3,1,Luxury Apparel,DEFECTIVE,DAMAGED,Zipper arrived broken and jammed,0.33499999999999996,0
0.10801116675892139,0.10185197033867135,0,0.0395970847233798,40.37974628526206,15.281160780843841,6,1,Apparel,DOES_NOT_FIT,UNOPENED,Did not fit my shoulders properly,0.82,0
0.02950866090354845,0.15646029874559395,0,0.011635278322411588,1010.270095356303,457.03379122182736,9,0,Electronics,WRONG_ITEM,UNOPENED,ISP provided complimentary router so unneeded,0.725,0
0.11486137242467609,0.14039862692804855,0,0.015124411189186322,79.36483335648407,32.8382684149647,4,0,Apparel,CHANGED_MIND,UNOPENED,Ordered wrong color variant by accident,0.83,0
0.12682935484793326,0.05252944398505363,0,0.013489951813997838,1165.3355882453814,412.99069410425807,12,0,Luxury Apparel,CHANGED_MIND,UNOPENED,ISP provided complimentary router so unneeded,0.79,0
0.1644855329604839,0.19700878739375552,0,0.01891642341535288,62.29731940201118,23.618516654281997,7,1,Footwear,CHANGED_MIND,UNOPENED,Ordered wrong color variant by accident,0.815,0
0.14553769110269466,0.16070164777154342,0,0.0334823702275416,1127.4781599829614,550.6439540695724,1,0,Electronics,DOES_NOT_FIT,UNOPENED,Did not fit my shoulders properly,0.765,0
0.040260699751687654,0.02434426167654107,0,0.2231729342484295,82.55917085440736,30.093186270283077,2,1,Home & Kitchen,DEFECTIVE,OPENED_LIKE_NEW,Missing power cable and scratches on lens,0.64,0
0.1465904097276051,0.10063158887253551,0,0.037601201576377107,794.2958824686474,292.36744321541465,14,0,Designer Handbags,CHANGED_MIND,UNOPENED,ISP provided complimentary router so unneeded,0.78,0
0.9265354552641473,0.7723960338192688,4,0.016744249808125715,506.6220798729088,182.50799987239398,12,0,Designer Handbags,DEFECTIVE,USED,"Wore to wedding party over the weekend, no longer needed",0.29,1
0.10937277600150888,0.030829622768823062,0,0.02202910980065055,121.44519169782318,61.27735951093679,4,1,Home & Kitchen,CHANGED_MIND,OPENED_LIKE_NEW,"Changed mind, found cheaper elsewhere",0.63,0
0.12441216651225505,0.015341288238908802,0,0.14231370185446846,473.08966679692475,179.90752667318304,3,1,Luxury Apparel,DEFECTIVE,OPENED_LIKE_NEW,Left speaker makes a buzzing sound,0.635,0
0.8593040772730357,0.8980239319339185,2,0.013807635725940695,465.3974139688069,172.73737187970784,3,0,Luxury Apparel,DEFECTIVE,USED,"Used for Saturday dinner, slightly tight",0.33499999999999996,1
0.13307718747674793,0.030342981137154917,0,0.03957802505874753,945.5912066379203,404.7581505188245,5,1,Luxury Apparel,DOES_NOT_FIT,OPENED_LIKE_NEW,Too loose around the waist,0.625,0
0.12414150781028381,0.2278354540541022,0,0.026622978411874783,242.41824422162802,103.20730598573451,13,0,Designer Handbags,WRONG_ITEM,OPENED_LIKE_NEW,ISP provided complimentary router so unneeded,0.585,0
0.17176607570535418,0.16105325399740447,0,0.029521731530014007,263.3759085643345,139.27176124576172,3,0,Footwear,DOES_NOT_FIT,UNOPENED,"Size 9 fits too small, need half size up",0.835,0
0.18556266292029855,0.023712298313289026,0,0.026323780058893027,898.9910446132495,450.74095665394645,7,0,Luxury Apparel,WRONG_ITEM,UNOPENED,Ordered wrong color variant by accident,0.815,0
0.12920891635460072,0.04169683379591854,0,0.033922616618249926,875.329146877337,321.4446316921958,5,0,Luxury Apparel,WRONG_ITEM,OPENED_LIKE_NEW,ISP provided complimentary router so unneeded,0.625,0
0.08029527720766892,0.017397739952180358,0,0.1373710977712052,60.9740669585951,26.222871475908914,5,0,Designer Handbags,DEFECTIVE,OPENED_LIKE_NEW,Left speaker makes a buzzing sound,0.625,0
0.09148399975030737,0.061958259282708684,0,0.1927933586718807,254.98011110317648,100.23079009326759,5,1,Footwear,DEFECTIVE,DAMAGED,Screen flickers and has green lines,0.32499999999999996,0
0.04168672803892423,0.21288429297448141,0,0.014698384446779497,293.0590223674537,151.9533437915628,8,1,Apparel,WRONG_ITEM,UNOPENED,Ordered wrong color variant by accident,0.8099999999999999,0
0.11015778906012787,0.2453553562305063,0,0.012921301873240126,108.34308432315295,51.74951983627152,8,1,Home & Kitchen,WRONG_ITEM,OPENED_LIKE_NEW,Do not need this anymore,0.61,0
0.08300123632517219,0.23209313799519796,0,0.011968782645334526,176.08825381676525,82.43981068883497,4,1,Apparel,WRONG_ITEM,UNOPENED,"Changed mind, found cheaper elsewhere",0.83,0
0.13749106227990035,0.06391655583295361,0,0.020936992825595933,1018.6694144113741,396.25074230609385,10,1,Luxury Apparel,CHANGED_MIND,OPENED_LIKE_NEW,Do not need this anymore,0.6,0
0.12749282013253707,0.056265542290274244,0,0.20957187690299395,867.784544865627,339.73964441836006,1,1,Designer Handbags,DEFECTIVE,OPENED_LIKE_NEW,Screen flickers and has green lines,0.645,0
0.12238629255809713,0.2169307882012731,0,0.022963487104057878,290.8124618114121,128.0863189397692,10,1,Apparel,WRONG_ITEM,UNOPENED,"Changed mind, found cheaper elsewhere",0.7999999999999999,0
0.045701414600219245,0.09735867001941831,0,0.038551072191716114,112.9232335684599,59.12882200236468,6,1,Footwear,CHANGED_MIND,OPENED_LIKE_NEW,Ordered wrong color variant by accident,0.62,0
0.8965628067568503,0.7980522268129491,3,0.011665153161012642,880.4871746242292,363.0270279223848,5,0,Electronics,DEFECTIVE,OPENED_LIKE_NEW,"Wore to wedding party over the weekend, no longer needed",0.545,1
0.16092625056636303,0.11066371206510828,0,0.02455800227027865,238.9250868558476,101.8950188164248,4,1,Apparel,WRONG_ITEM,OPENED_LIKE_NEW,"Changed mind, found cheaper elsewhere",0.63,0
0.09976292215812463,0.09404761719240554,0,0.0210202154583184,650.0980292056929,332.694095200564,11,1,Electronics,WRONG_ITEM,UNOPENED,ISP provided complimentary router so unneeded,0.715,0
0.08511829614606187,0.13106368013443417,0,0.030121819763278025,352.5497577122398,142.96053472487586,10,0,Designer Handbags,WRONG_ITEM,UNOPENED,Ordered wrong color variant by accident,0.7999999999999999,0
0.18801436286422188,0.18088364333277215,0,0.027315600286699264,203.1230149656683,72.28333348198016,5,0,Home & Kitchen,CHANGED_MIND,OPENED_LIKE_NEW,"Changed mind, found cheaper elsewhere",0.625,0
0.13125853380110544,0.12737721830605048,0,0.026372490393383068,123.8415523784747,45.362514126685305,9,0,Footwear,WRONG_ITEM,UNOPENED,"Changed mind, found cheaper elsewhere",0.8049999999999999,0
0.054801062050169394,0.23768617830316793,0,0.022260986868128017,581.3524607638025,209.6019544748588,4,1,Luxury Apparel,DOES_NOT_FIT,OPENED_LIKE_NEW,"Sleeves are too long, otherwise nice fabric",0.63,0
0.026761921317916507,0.17929536176168942,0,0.026142839923633338,164.89414565947334,65.73091332739698,8,1,Apparel,WRONG_ITEM,OPENED_LIKE_NEW,Do not need this anymore,0.61,0
0.1168175951118899,0.01682365791084919,0,0.11228890642237341,574.4261187639995,233.93846758205086,4,1,Electronics,DEFECTIVE,DAMAGED,Stopped powering on after 2 days,0.24999999999999994,0
0.06454333662196635,0.16130941113833291,0,0.029529152356556336,251.74219419498053,109.14074220500677,14,1,Footwear,DOES_NOT_FIT,UNOPENED,Too loose around the waist,0.78,0
0.5328882909617676,0.7766265877780081,4,0.029600109263936338,188.97110818899307,92.96384855368241,24,0,Home & Kitchen,DEFECTIVE,OPENED_LIKE_NEW,"Dress worn once for gala evening, return please",0.53,1
0.021324409332574616,0.12955143304563022,0,0.011125859725954094,181.5383083251482,96.96944439341037,1,0,Home & Kitchen,CHANGED_MIND,UNOPENED,"Changed mind, found cheaper elsewhere",0.845,0
0.19431544349007343,0.13513816884723104,0,0.023746144157566478,1136.2198293282531,550.7507099339123,4,0,Luxury Apparel,CHANGED_MIND,OPENED_LIKE_NEW,Do not need this anymore,0.63,0
0.031681870316913704,0.11643139441687439,0,0.017207350553929118,584.9730128804706,258.0275680921424,10,0,Electronics,DOES_NOT_FIT,UNOPENED,Did not fit my shoulders properly,0.72,0
0.12478606450665358,0.08919262258731281,0,0.01492811348367784,163.52284451223798,84.38442301338002,9,1,Home & Kitchen,DOES_NOT_FIT,UNOPENED,"Sleeves are too long, otherwise nice fabric",0.8049999999999999,0
0.13952220105216842,0.08459196648130396,0,0.03806569068276572,275.8570820935251,108.10002645174326,7,1,Home & Kitchen,DOES_NOT_FIT,UNOPENED,"Sleeves are too long, otherwise nice fabric",0.815,0
0.025124286065647188,0.07413087083507623,0,0.22069374442935602,1162.7228965035722,613.8796436859813,4,1,Luxury Apparel,DEFECTIVE,OPENED_LIKE_NEW,Missing power cable and scratches on lens,0.63,0
0.7702406456928866,0.8484146549794667,4,0.010556821025251725,92.8305228823139,41.02393855436836,8,0,Apparel,CHANGED_MIND,OPENED_LIKE_NEW,"Dress worn once for gala evening, return please",0.61,1
0.1331307020150422,0.13931295832960267,0,0.03227907969045071,364.5296398289674,168.77376805773702,14,1,Luxury Apparel,CHANGED_MIND,UNOPENED,"Changed mind, found cheaper elsewhere",0.78,0
0.03145849164080298,0.0413665523583207,0,0.20752734160228214,844.3449899776911,462.8095928900151,5,1,Luxury Apparel,DEFECTIVE,OPENED_LIKE_NEW,Zipper arrived broken and jammed,0.625,0
0.07002040267779609,0.12454732479349478,0,0.0198859124132199,551.0996123086427,287.3378411757971,1,0,Designer Handbags,WRONG_ITEM,UNOPENED,Do not need this anymore,0.845,0
0.807894083834819,0.9470835335773229,5,0.014070222166637728,265.1743074063954,95.98049152509523,21,0,Footwear,CHANGED_MIND,OPENED_LIKE_NEW,"Tags removed for event photoshoot, want refund",0.545,1
0.17994787047868743,0.08226844486518198,0,0.019437629002421995,165.82435859213257,89.23639490986994,8,1,Footwear,DOES_NOT_FIT,UNOPENED,"Size 9 fits too small, need half size up",0.8099999999999999,0
0.028600645642652966,0.08805774376768633,0,0.03569715966050007,133.91498129475335,52.204261896450134,3,0,Home & Kitchen,CHANGED_MIND,UNOPENED,ISP provided complimentary router so unneeded,0.835,0
0.09646295263965414,0.09638812537291733,0,0.037462486044001105,234.5319533293517,105.77933125440967,2,1,Home & Kitchen,CHANGED_MIND,UNOPENED,ISP provided complimentary router so unneeded,0.84,0
0.14848817367380424,0.04652775312759233,0,0.08990043123944678,344.2382133053825,150.50579925406714,5,1,Electronics,DEFECTIVE,DAMAGED,Stopped powering on after 2 days,0.24499999999999994,0
0.04824247234630162,0.23689128158101075,0,0.03300546693453319,351.21315249621625,164.42426791885242,7,0,Electronics,WRONG_ITEM,OPENED_LIKE_NEW,ISP provided complimentary router so unneeded,0.535,0
0.8246521206993074,0.9635581000939034,4,0.027632706983508212,166.67786218800876,84.16074028689117,16,0,Apparel,DEFECTIVE,OPENED_LIKE_NEW,"Wore to wedding party over the weekend, no longer needed",0.5700000000000001,1
0.09307881799758605,0.05527038900455401,0,0.09950613291749262,186.3196832987364,84.9443962439616,1,1,Designer Handbags,DEFECTIVE,DAMAGED,Screen flickers and has green lines,0.345,0
0.0683950780962212,0.005259225615117158,0,0.031685176117006365,33.93381408979536,15.916837663025506,7,0,Home & Kitchen,CHANGED_MIND,UNOPENED,Do not need this anymore,0.815,0
0.7426372073572914,0.9712681133617852,4,0.01968426278695283,42.49039500389428,19.55992618556145,24,0,Footwear,DEFECTIVE,OPENED_LIKE_NEW,"Tags removed for event photoshoot, want refund",0.53,1
0.17139731071089825,0.24921232107035998,0,0.022910295210672175,113.08215418660419,60.08401554925526,8,1,Footwear,DOES_NOT_FIT,OPENED_LIKE_NEW,"Sleeves are too long, otherwise nice fabric",0.61,0
0.05442358323370185,0.15385722875823166,0,0.02217143272542843,87.65554334844413,36.76779215473907,3,1,Designer Handbags,DOES_NOT_FIT,UNOPENED,"Size 9 fits too small, need half size up",0.835,0
0.06774113405048143,0.1715227884858717,0,0.038463714930757543,98.71297652912538,50.56998542632682,1,0,Apparel,DOES_NOT_FIT,UNOPENED,"Size 9 fits too small, need half size up",0.845,0
0.029964767048913717,0.1345302525099533,0,0.012116501911296838,1123.4782697115415,565.4131965334078,11,1,Luxury Apparel,DOES_NOT_FIT,OPENED_LIKE_NEW,"Sleeves are too long, otherwise nice fabric",0.595,0
0.13843098401682663,0.20597409540616607,0,0.029425593867104895,291.4597092229301,143.62889340443877,5,1,Footwear,WRONG_ITEM,UNOPENED,"Changed mind, found cheaper elsewhere",0.825,0
0.916096374312011,0.8447969297629786,5,0.012341288259637253,170.2488733913297,63.9070968953081,10,0,Apparel,CHANGED_MIND,OPENED_LIKE_NEW,"Tags removed for event photoshoot, want refund",0.6,1
0.12664882625175292,0.12062326513191574,0,0.028677261934983447,51.654498023604646,20.09195186648766,11,0,Electronics,DOES_NOT_FIT,OPENED_LIKE_NEW,Too loose around the waist,0.515,0
0.10843947774418357,0.2376258903972837,0,0.021508271210654753,532.2715502222162,262.37752162443763,1,1,Luxury Apparel,DOES_NOT_FIT,OPENED_LIKE_NEW,"Sleeves are too long, otherwise nice fabric",0.645,0
0.12868269631150125,0.07473153752458331,0,0.02232449186702283,292.53176667438964,158.9045111529827,9,1,Electronics,CHANGED_MIND,UNOPENED,ISP provided complimentary router so unneeded,0.725,0
0.5587854717008118,0.8041142996785974,3,0.010516779444400224,85.98936028172525,43.518718880135715,3,0,Footwear,DEFECTIVE,USED,"Used for Saturday dinner, slightly tight",0.33499999999999996,1
0.5905288545299957,0.7224177527081104,3,0.019489063596890465,51.56431229204145,18.92169099394148,23,0,Designer Handbags,DEFECTIVE,OPENED_LIKE_NEW,"Wore to wedding party over the weekend, no longer needed",0.535,1
0.8634316413033387,0.9160125365606897,3,0.02830277640809792,1031.2379056564696,501.8365743859862,6,0,Electronics,DEFECTIVE,OPENED_LIKE_NEW,"Wore to church event, returned Monday",0.54,1
0.5235497857852983,0.919197613036264,2,0.02691021621681121,244.74759008728748,110.55146023086024,13,0,Apparel,DEFECTIVE,USED,"Dress worn once for gala evening, return please",0.285,1
0.05027723902443262,0.08453299756887267,0,0.20361767765582353,294.70932295693416,112.3250750497384,3,1,Home & Kitchen,DEFECTIVE,OPENED_LIKE_NEW,Zipper arrived broken and jammed,0.635,0
0.06061962494936991,0.052949537470375674,0,0.0337761930286401,76.39950652378249,27.758382904015853,12,0,Apparel,WRONG_ITEM,UNOPENED,ISP provided complimentary router so unneeded,0.79,0
0.9493523629635328,0.7069488192046417,2,0.026704881203177308,463.8255361987572,240.4114860486315,22,1,Luxury Apparel,DEFECTIVE,USED,"Dress worn once for gala evening, return please",0.24,1
0.11983168841800611,0.22540780737159002,0,0.0377857895924388,50.553890285700156,18.45633737426412,4,0,Luxury Apparel,CHANGED_MIND,UNOPENED,ISP provided complimentary router so unneeded,0.83,0
0.06506457132275399,0.16732885409087542,0,0.036648165895345176,573.5326635009968,270.3602138354048,6,1,Luxury Apparel,WRONG_ITEM,OPENED_LIKE_NEW,Do not need this anymore,0.62,0
0.053929973503201015,0.20124170847042133,0,0.03901984334060409,351.5747621809331,157.8448300143098,5,0,Designer Handbags,DOES_NOT_FIT,UNOPENED,Did not fit my shoulders properly,0.825,0
0.03550089989114728,0.1397841641157421,0,0.025083503255400416,207.54632161989002,90.99105585597968,9,1,Luxury Apparel,CHANGED_MIND,UNOPENED,Ordered wrong color variant by accident,0.8049999999999999,0
0.08013883737558139,0.13045771882629734,0,0.027569630062863976,27.336284116982615,13.72831459387045,7,1,Home & Kitchen,WRONG_ITEM,UNOPENED,ISP provided complimentary router so unneeded,0.815,0
0.14834257253511335,0.09157159655163055,0,0.011588078067064548,915.7217461506584,495.43754431928465,2,0,Luxury Apparel,DOES_NOT_FIT,OPENED_LIKE_NEW,"Size 9 fits too small, need half size up",0.64,0
0.06322728728396255,0.08088115343425947,0,0.01551438668445445,709.245903080014,270.20019103418554,3,1,Electronics,DOES_NOT_FIT,UNOPENED,"Sleeves are too long, otherwise nice fabric",0.755,0
0.06630521264997934,0.0697013013934263,0,0.17521971711158923,488.2965746204049,211.94508932678406,4,1,Luxury Apparel,DEFECTIVE,DAMAGED,Screen flickers and has green lines,0.32999999999999996,0
0.7529498971804532,0.7016421238084051,5,0.011570197369072197,267.3459686348282,97.73521577717231,12,0,Home & Kitchen,DEFECTIVE,OPENED_LIKE_NEW,"Tags removed for event photoshoot, want refund",0.5900000000000001,1
0.11188446750736568,0.09200381641090527,0,0.1260162127312943,126.88514519136642,58.84733585359487,3,1,Home & Kitchen,DEFECTIVE,OPENED_LIKE_NEW,Zipper arrived broken and jammed,0.635,0
0.17870761453494524,0.23547639681510504,0,0.03218689744333804,140.47892259144507,67.9680338704306,14,0,Luxury Apparel,CHANGED_MIND,OPENED_LIKE_NEW,Do not need this anymore,0.5800000000000001,0
0.684636674842698,0.8317962798574972,5,0.01098296780690354,77.5420883202485,39.39934610683345,22,0,Footwear,DEFECTIVE,OPENED_LIKE_NEW,"Wore to wedding party over the weekend, no longer needed",0.54,1
0.10171258994861478,0.07541556040778721,0,0.021520572218948743,259.9598661645621,129.92789002199294,8,1,Apparel,CHANGED_MIND,UNOPENED,Do not need this anymore,0.8099999999999999,0
0.0690167714925949,0.029375460053093327,0,0.01755994664932215,278.2080240400518,129.73334469040424,8,1,Apparel,DOES_NOT_FIT,UNOPENED,Too loose around the waist,0.8099999999999999,0
0.7400660939351522,0.8669902079138891,6,0.017320565314930304,976.2441435706348,443.8564775078046,15,0,Luxury Apparel,CHANGED_MIND,OPENED_LIKE_NEW,"Used for Saturday dinner, slightly tight",0.5750000000000001,1
0.041014622498383196,0.03226628120726574,0,0.02610577439507855,282.55680996948075,116.32028185894785,11,0,Footwear,CHANGED_MIND,UNOPENED,Do not need this anymore,0.7949999999999999,0
0.1765174103946593,0.19102389664471983,0,0.017434373287207205,82.15526804684126,30.42780168991647,10,1,Electronics,DOES_NOT_FIT,UNOPENED,"Size 9 fits too small, need half size up",0.72,0
0.15112890809253923,0.04991743451016167,0,0.021138127615161813,162.96727065176682,80.68405819953024,8,0,Footwear,WRONG_ITEM,UNOPENED,Ordered wrong color variant by accident,0.8099999999999999,0
0.04038162018664257,0.10159160131936537,0,0.02455218727428086,667.359394206986,342.80392034931566,12,1,Designer Handbags,WRONG_ITEM,OPENED_LIKE_NEW,Do not need this anymore,0.5900000000000001,0
0.5772551877694476,0.9261928065114542,4,0.02385756855393304,177.8644739047138,87.13679719681748,11,0,Footwear,CHANGED_MIND,USED,"Wore to wedding party over the weekend, no longer needed",0.295,1
0.6854079825282453,0.7387513240710748,3,0.023315304805307344,169.28488433854614,80.8970073502641,6,0,Home & Kitchen,CHANGED_MIND,USED,"Tags removed for event photoshoot, want refund",0.31999999999999995,1
0.08083978058512821,0.22671664433495897,0,0.027621096057267307,48.4856831799903,21.331799870274654,2,1,Home & Kitchen,CHANGED_MIND,OPENED_LIKE_NEW,Do not need this anymore,0.64,0
0.1561440898538542,0.1985336404330681,0,0.024837911582912764,1077.9071821643092,434.9718599355942,5,1,Luxury Apparel,DOES_NOT_FIT,UNOPENED,Did not fit my shoulders properly,0.825,0
0.093907765502888,0.22464922764224252,0,0.036887701494147364,213.57101142678724,111.44052284834108,13,0,Apparel,CHANGED_MIND,OPENED_LIKE_NEW,Ordered wrong color variant by accident,0.585,0
0.035979188052121885,0.21624874405194408,0,0.019618597196506802,74.04116591775949,29.4590524248775,5,0,Home & Kitchen,DOES_NOT_FIT,OPENED_LIKE_NEW,Too loose around the waist,0.625,0
0.09523433144249968,0.0627980011511168,0,0.01961702758049497,62.119083669701574,25.421325140551755,14,1,Home & Kitchen,CHANGED_MIND,OPENED_LIKE_NEW,"Changed mind, found cheaper elsewhere",0.5800000000000001,0
0.7575277165439005,0.8237190382654979,5,0.01693437522471822,905.8844694742522,478.9429255971063,8,0,Electronics,DEFECTIVE,OPENED_LIKE_NEW,"Used for Saturday dinner, slightly tight",0.53,1
0.15622206012243148,0.0830001755294198,0,0.03233326503512661,216.2970116698994,81.34143236266074,2,1,Luxury Apparel,DOES_NOT_FIT,UNOPENED,Did not fit my shoulders properly,0.84,0
0.6555321666662715,0.9261566633323359,2,0.014926964944846036,113.37395432246832,42.667370178527676,16,0,Luxury Apparel,CHANGED_MIND,OPENED_LIKE_NEW,"Tags removed for event photoshoot, want refund",0.5700000000000001,1
0.886435235838311,0.8774593197292405,3,0.015064023267399532,177.70635196524987,80.94807320232005,6,0,Apparel,DEFECTIVE,OPENED_LIKE_NEW,"Wore to wedding party over the weekend, no longer needed",0.62,1
0.7949461902982975,0.7652925152380525,3,0.027288059743887948,398.8675320128149,194.97695214718019,4,0,Designer Handbags,DEFECTIVE,USED,"Wore to wedding party over the weekend, no longer needed",0.32999999999999996,1
0.02290243634699868,0.09316428247353681,0,0.020551294538764246,670.4419371562968,244.4077660541861,13,1,Electronics,DOES_NOT_FIT,UNOPENED,"Size 9 fits too small, need half size up",0.705,0
0.1622236472706995,0.05444520044189213,0,0.030311134446460303,245.88333389212562,113.69040270980861,6,0,Apparel,CHANGED_MIND,UNOPENED,Do not need this anymore,0.82,0
0.1533589772099574,0.16546507805375138,0,0.020665893914560227,978.2759052789357,400.056416729969,6,0,Designer Handbags,CHANGED_MIND,OPENED_LIKE_NEW,Ordered wrong color variant by accident,0.62,0
0.12281832519527311,0.18634943478538488,0,0.021368677294375228,108.26109209479189,47.837242375316194,1,1,Footwear,CHANGED_MIND,OPENED_LIKE_NEW,Ordered wrong color variant by accident,0.645,0
0.16723342898284765,0.2324804407864162,0,0.026352502385796707,206.90320646400426,109.7941640135189,14,1,Home & Kitchen,DOES_NOT_FIT,UNOPENED,"Size 9 fits too small, need half size up",0.78,0
0.03773843325432963,0.05801964446654126,0,0.031267000187547474,251.5297270258824,131.14905996890835,11,0,Home & Kitchen,DOES_NOT_FIT,UNOPENED,Too loose around the waist,0.7949999999999999,0
0.09471929183388787,0.02233497557296671,0,0.023133444318988595,88.45201230693979,36.10958679164865,11,0,Footwear,WRONG_ITEM,UNOPENED,ISP provided complimentary router so unneeded,0.7949999999999999,0
0.8475204005768775,0.7211475840872483,4,0.026551624349614042,536.0961395560362,251.5431633229375,10,0,Designer Handbags,CHANGED_MIND,OPENED_LIKE_NEW,"Used for Saturday dinner, slightly tight",0.6,1
0.036137401622422224,0.08433976958931991,0,0.012691027570445374,289.42452379230514,148.02684701371498,8,0,Footwear,DOES_NOT_FIT,UNOPENED,Too loose around the waist,0.8099999999999999,0
0.10273389578416285,0.055900637080917776,0,0.038003653157495564,119.76406382491723,45.77345228900599,4,0,Home & Kitchen,WRONG_ITEM,UNOPENED,Do not need this anymore,0.83,0
0.1213695899217119,0.23594353008620403,0,0.010114908715009677,90.48433189484966,48.65247771536416,13,1,Apparel,WRONG_ITEM,UNOPENED,"Changed mind, found cheaper elsewhere",0.7849999999999999,0
0.050795474034289176,0.028310862909954965,0,0.027105616473994135,262.00705140607823,116.7036952983028,2,1,Home & Kitchen,CHANGED_MIND,OPENED_LIKE_NEW,ISP provided complimentary router so unneeded,0.64,0
0.14929335336898822,0.06791716995379929,0,0.09259273422577612,298.02883621254324,128.62294161147088,1,1,Apparel,DEFECTIVE,OPENED_LIKE_NEW,Stopped powering on after 2 days,0.645,0
0.6293311402304671,0.8562061714018079,4,0.016086151836417286,48.77581445804189,17.085468779717132,26,0,Home & Kitchen,CHANGED_MIND,USED,"Used for Saturday dinner, slightly tight",0.21999999999999997,1
0.10092500352564723,0.20921585555664807,0,0.027169455568902295,299.78200720944625,122.12199516198906,9,0,Footwear,WRONG_ITEM,UNOPENED,"Changed mind, found cheaper elsewhere",0.8049999999999999,0
0.6262047791420249,0.7447298488655043,4,0.013281271765306704,103.42631390276314,52.59931454539525,23,0,Footwear,CHANGED_MIND,USED,"Wore to church event, returned Monday",0.235,1
0.18303622231456063,0.24377179242692032,0,0.01696868962289358,267.35682504387523,111.12713646009287,13,1,Home & Kitchen,WRONG_ITEM,UNOPENED,Do not need this anymore,0.7849999999999999,0
0.0403112980130392,0.2175062313800414,0,0.029083169039308555,70.30099642229197,30.648861887124358,2,1,Footwear,DOES_NOT_FIT,UNOPENED,Too loose around the waist,0.84,0
0.07170638507787218,0.18419864217754925,0,0.023602486918728044,1187.5647363234066,428.6502997976214,3,0,Designer Handbags,DOES_NOT_FIT,UNOPENED,"Size 9 fits too small, need half size up",0.835,0
0.08390274790452441,0.12047504177749435,0,0.025094006642449596,111.88235115605012,55.47664562994946,9,1,Footwear,DOES_NOT_FIT,UNOPENED,Too loose around the waist,0.8049999999999999,0
0.17745447322801547,0.23467982549446575,0,0.034152801303985784,258.90955425931486,119.12663166737691,13,1,Footwear,CHANGED_MIND,OPENED_LIKE_NEW,Ordered wrong color variant by accident,0.585,0
0.16865988075682664,0.07587597728698806,0,0.02195436286327643,112.15107880009968,49.73647635763267,9,0,Home & Kitchen,DOES_NOT_FIT,UNOPENED,"Size 9 fits too small, need half size up",0.8049999999999999,0
0.6285108273073864,0.9692512038312451,4,0.01625689256011336,153.7316642086902,70.00377840716877,7,0,Designer Handbags,CHANGED_MIND,OPENED_LIKE_NEW,"Dress worn once for gala evening, return please",0.615,1
0.03027783412013175,0.02763579157714513,0,0.01658168167588739,578.6462898632843,252.6660103642351,5,1,Luxury Apparel,WRONG_ITEM,UNOPENED,"Changed mind, found cheaper elsewhere",0.825,0
0.8598613379012561,0.9070529030875517,6,0.018526365879814023,116.76865708329822,48.259756963883476,12,0,Home & Kitchen,DEFECTIVE,OPENED_LIKE_NEW,"Tags removed for event photoshoot, want refund",0.5900000000000001,1
0.848297789282304,0.7145802737419555,4,0.010256432990212117,243.77470777982822,108.58439139792678,25,0,Footwear,DEFECTIVE,USED,"Tags removed for event photoshoot, want refund",0.22499999999999998,1
0.04355860493964368,0.058891483648625315,0,0.03797511859292148,1037.0234517248816,510.1709566569051,14,0,Luxury Apparel,WRONG_ITEM,UNOPENED,Do not need this anymore,0.78,0
0.1068005414607188,0.13008090654784643,0,0.039257336058518756,1160.293714905773,456.05786438483386,11,1,Luxury Apparel,WRONG_ITEM,UNOPENED,Do not need this anymore,0.7949999999999999,0
0.16599882193495727,0.0493106665417542,0,0.016406124336518543,824.2679196309091,355.25965446701645,5,1,Designer Handbags,CHANGED_MIND,UNOPENED,"Changed mind, found cheaper elsewhere",0.825,0
0.18767799327917364,0.022252433724002207,0,0.02534576922428479,1105.4849753140206,586.8165548871582,6,0,Luxury Apparel,WRONG_ITEM,UNOPENED,Do not need this anymore,0.82,0
0.04817525841483342,0.09165942502411412,0,0.02857364200140089,68.8335933121356,37.41824656079277,3,1,Apparel,DOES_NOT_FIT,UNOPENED,Too loose around the waist,0.835,0
0.18465487917097886,0.041737544758617295,0,0.013634663837829563,48.48733277227296,25.789865985451407,13,0,Footwear,CHANGED_MIND,UNOPENED,ISP provided complimentary router so unneeded,0.7849999999999999,0
0.05485228576318295,0.10407123213608868,0,0.023465540969560092,189.72803715873107,69.12685419837703,14,1,Home & Kitchen,CHANGED_MIND,UNOPENED,"Changed mind, found cheaper elsewhere",0.78,0
0.060816551132092875,0.2328725967297315,0,0.03725230321805709,239.85492803656535,84.87992168711322,8,1,Footwear,DOES_NOT_FIT,UNOPENED,"Size 9 fits too small, need half size up",0.8099999999999999,0
0.647153045823246,0.8758284458960142,6,0.015503804235469513,1095.1205662623818,522.1292754697737,7,0,Electronics,CHANGED_MIND,OPENED_LIKE_NEW,"Wore to church event, returned Monday",0.535,1
0.029347873251137926,0.0909005588835703,0,0.24282033188995783,46.37091505772451,21.167026516376442,4,1,Footwear,DEFECTIVE,OPENED_LIKE_NEW,Screen flickers and has green lines,0.63,0
0.07460557079855068,0.09820976912035059,0,0.015389536538660258,183.96982805341344,99.63729919787842,13,0,Home & Kitchen,DOES_NOT_FIT,OPENED_LIKE_NEW,Did not fit my shoulders properly,0.585,0
0.11055306804888965,0.02072864534862029,0,0.02860004000432225,434.65867356345814,226.53759726267137,11,1,Electronics,WRONG_ITEM,UNOPENED,Do not need this anymore,0.715,0
0.6956051667424116,0.7539950905038287,2,0.013822112453822899,931.766449636546,375.6113800812603,3,0,Electronics,DEFECTIVE,USED,"Wore to church event, returned Monday",0.25499999999999995,1
0.15810201094866014,0.051471827691649846,0,0.01965059106103928,153.00891742091733,82.4165962728205,3,1,Apparel,WRONG_ITEM,OPENED_LIKE_NEW,"Changed mind, found cheaper elsewhere",0.635,0
0.18771165645568844,0.05171796885557195,0,0.020746571237292184,66.08483182478739,29.87014677859225,2,0,Home & Kitchen,CHANGED_MIND,UNOPENED,ISP provided complimentary router so unneeded,0.84,0
0.7072621478126,0.9522128454862051,2,0.02860010755582145,130.4810325270053,58.50085629201654,5,0,Apparel,DEFECTIVE,OPENED_LIKE_NEW,"Wore to church event, returned Monday",0.625,1
0.18132252484630396,0.20167695193626536,0,0.010109689340339479,113.01638015048519,49.089212665537,4,0,Apparel,WRONG_ITEM,OPENED_LIKE_NEW,"Changed mind, found cheaper elsewhere",0.63,0
0.6033723276574543,0.7558800524508628,6,0.010755690131913593,786.3088810809222,316.49094293473195,28,0,Electronics,CHANGED_MIND,OPENED_LIKE_NEW,"Wore to wedding party over the weekend, no longer needed",0.43,1
0.5235562302940909,0.7646742069478578,3,0.026038279056722527,1027.7274507099942,458.99669588781035,27,1,Electronics,CHANGED_MIND,OPENED_LIKE_NEW,"Wore to wedding party over the weekend, no longer needed",0.435,1
0.09489272067356352,0.24446342337544544,0,0.016016939787642098,289.8167681113458,118.35346923226531,11,1,Electronics,CHANGED_MIND,UNOPENED,ISP provided complimentary router so unneeded,0.715,0
0.5777407932264893,0.8062223674971722,6,0.028216684539795076,753.8034951291462,325.93657292526376,7,0,Designer Handbags,CHANGED_MIND,OPENED_LIKE_NEW,"Used for Saturday dinner, slightly tight",0.615,1
0.14147340329425792,0.004846423247582232,0,0.11574695024331644,180.61936640298373,85.45292319881362,1,1,Home & Kitchen,DEFECTIVE,OPENED_LIKE_NEW,Left speaker makes a buzzing sound,0.645,0
0.02514247585313971,0.04030387579071322,0,0.19035617402124835,849.7618338279459,405.8700285999834,3,0,Electronics,DEFECTIVE,OPENED_LIKE_NEW,Stopped powering on after 2 days,0.555,0
0.07770138038496642,0.023380030899477378,0,0.022813373392580022,189.35514734694436,102.1617850691568,5,1,Luxury Apparel,WRONG_ITEM,UNOPENED,ISP provided complimentary router so unneeded,0.825,0
0.1055307558840731,0.07931479358921689,0,0.032989122133567,161.93586296012256,66.718677481134,11,0,Apparel,WRONG_ITEM,UNOPENED,Ordered wrong color variant by accident,0.7949999999999999,0
0.1661541936303443,0.2167880377502805,0,0.03019024498866031,37.91521616210851,17.564776540550366,3,1,Footwear,CHANGED_MIND,OPENED_LIKE_NEW,Do not need this anymore,0.635,0
0.1573930841595107,0.034125753020895544,0,0.0168601225415381,1063.6943218790384,376.5736849139723,10,0,Electronics,CHANGED_MIND,OPENED_LIKE_NEW,ISP provided complimentary router so unneeded,0.52,0
0.15549088480867568,0.11844332312860573,0,0.023403164765188205,26.951546436093974,13.84985114694223,13,1,Apparel,CHANGED_MIND,UNOPENED,ISP provided complimentary router so unneeded,0.7849999999999999,0
0.08476848211458198,0.13519140782513572,0,0.03031902059006978,855.0503086679823,462.74981690972766,9,1,Electronics,DOES_NOT_FIT,UNOPENED,"Size 9 fits too small, need half size up",0.725,0
0.11564119158258965,0.0999298877436069,0,0.038611108794751235,201.58031463201831,82.5733586463817,6,0,Apparel,CHANGED_MIND,UNOPENED,"Changed mind, found cheaper elsewhere",0.82,0
0.04276356417264281,0.21063862536629532,0,0.020865448083824546,806.1448767827402,358.0599557493616,7,0,Luxury Apparel,DOES_NOT_FIT,UNOPENED,Too loose around the waist,0.815,0
0.055807360363106906,0.15042165215511627,0,0.011820492068520469,519.477253450583,238.60784421801208,12,0,Luxury Apparel,DOES_NOT_FIT,UNOPENED,"Size 9 fits too small, need half size up",0.79,0
0.09848845534134425,0.1871680438127477,0,0.03483774863635937,237.09184535912397,84.82259255979889,12,1,Apparel,CHANGED_MIND,UNOPENED,"Changed mind, found cheaper elsewhere",0.79,0
0.054943178680275,0.13415187731594358,0,0.038044661213314034,1008.5498590604556,522.9400626015155,3,1,Designer Handbags,WRONG_ITEM,OPENED_LIKE_NEW,"Changed mind, found cheaper elsewhere",0.635,0
0.6364436871918537,0.8202454111820366,6,0.019414118946318747,68.27718542122537,24.321263795307182,21,1,Footwear,DEFECTIVE,OPENED_LIKE_NEW,"Dress worn once for gala evening, return please",0.545,1
0.19044252190289304,0.06017814641587668,0,0.01719846711170894,136.71970237176106,73.24095652924164,3,1,Electronics,WRONG_ITEM,UNOPENED,ISP provided complimentary router so unneeded,0.755,0
0.09536582494217036,0.06670368571253539,0,0.23496807083471893,120.04554644771711,56.93777821406552,5,1,Home & Kitchen,DEFECTIVE,OPENED_LIKE_NEW,Left speaker makes a buzzing sound,0.625,0
0.5174597546279993,0.7522963079047161,4,0.026624916101798846,235.8612979930423,99.09206236533612,11,0,Footwear,CHANGED_MIND,OPENED_LIKE_NEW,"Wore to church event, returned Monday",0.595,1
0.08782591299935825,0.13338860838839486,0,0.010007230140554036,91.34219241045766,35.773837329234006,2,0,Apparel,DOES_NOT_FIT,UNOPENED,Too loose around the waist,0.84,0
0.06508693041495743,0.20147646063336033,0,0.018390215696393295,77.66836356379073,35.01699080828846,4,0,Footwear,DOES_NOT_FIT,UNOPENED,"Size 9 fits too small, need half size up",0.83,0
0.17581610654709176,0.06033742595937497,0,0.012356087283783962,453.42949358561106,226.5018003931351,8,0,Luxury Apparel,DOES_NOT_FIT,UNOPENED,Too loose around the waist,0.8099999999999999,0
0.11912429804506304,0.20419834239358686,0,0.03878776442827702,959.4884730318757,451.6893843875042,9,0,Electronics,CHANGED_MIND,UNOPENED,ISP provided complimentary router so unneeded,0.725,0
0.1088014858494285,0.010017271587066667,0,0.03952965936442124,130.45730870813668,49.63191466725603,10,1,Home & Kitchen,WRONG_ITEM,UNOPENED,"Changed mind, found cheaper elsewhere",0.7999999999999999,0
0.8000189849284055,0.7796007209467286,5,0.02171556541862095,186.36117465726258,81.8397577306879,26,0,Home & Kitchen,CHANGED_MIND,USED,"Used for Saturday dinner, slightly tight",0.21999999999999997,1
0.1705013507981077,0.06624176538886076,0,0.023458977748532027,172.86533536251716,83.44640935894022,11,0,Apparel,DOES_NOT_FIT,OPENED_LIKE_NEW,Did not fit my shoulders properly,0.595,0
0.1611149330910061,0.09870182071956402,0,0.02938140832289788,66.41801209384276,35.63523079707093,3,1,Apparel,DOES_NOT_FIT,UNOPENED,"Size 9 fits too small, need half size up",0.835,0
0.08895058515578065,0.1823803554941096,0,0.01061023245646533,278.0170857695761,124.38943391976595,2,1,Electronics,CHANGED_MIND,UNOPENED,ISP provided complimentary router so unneeded,0.76,0
0.13417282080520504,0.05272551499506772,0,0.23807798198995944,158.04414656026898,70.81797308107176,3,1,Home & Kitchen,DEFECTIVE,OPENED_LIKE_NEW,Missing power cable and scratches on lens,0.635,0
0.035567082505069146,0.08026562441522199,0,0.12198412011940063,1083.5504876718855,576.627476309633,2,0,Designer Handbags,DEFECTIVE,DAMAGED,Screen flickers and has green lines,0.33999999999999997,0
0.18979582013734694,0.1300576222757725,0,0.03031281354350933,239.09186701695745,89.94705941186601,14,1,Home & Kitchen,DOES_NOT_FIT,OPENED_LIKE_NEW,Did not fit my shoulders properly,0.5800000000000001,0
0.7704307377488737,0.7096034123649272,5,0.019951321667774517,219.6175106794638,84.90074426701172,3,0,Designer Handbags,DEFECTIVE,USED,"Used for Saturday dinner, slightly tight",0.33499999999999996,1
0.6642714050116707,0.8210824066806208,4,0.022463448490643745,45.46781507059181,20.4940880452121,9,1,Home & Kitchen,DEFECTIVE,OPENED_LIKE_NEW,"Dress worn once for gala evening, return please",0.605,1
0.052872523445558206,0.14349379375793547,0,0.029122138367835504,178.0950455520348,88.63062045711159,1,1,Apparel,CHANGED_MIND,OPENED_LIKE_NEW,"Changed mind, found cheaper elsewhere",0.645,0
0.06362920175131717,0.0765106591633131,0,0.15357040389039292,158.1507370387141,75.85232378408932,3,1,Home & Kitchen,DEFECTIVE,DAMAGED,Zipper arrived broken and jammed,0.33499999999999996,0
0.023304509119860314,0.16349855535506208,0,0.02855755447216346,110.20795710715198,40.46382756155153,8,0,Footwear,WRONG_ITEM,UNOPENED,Ordered wrong color variant by accident,0.8099999999999999,0
0.5409209524608685,0.9585026491558639,4,0.02378558642451674,59.953218786953606,25.260967018624235,25,0,Footwear,CHANGED_MIND,OPENED_LIKE_NEW,"Wore to wedding party over the weekend, no longer needed",0.525,1
0.09702278920720754,0.08355717050906487,0,0.08742235788121146,314.4944325052103,166.0372721318295,4,1,Luxury Apparel,DEFECTIVE,DAMAGED,Stopped powering on after 2 days,0.32999999999999996,0
0.5041244975827174,0.7563917487822884,3,0.029180483519459316,751.5461419657184,302.37277089986446,16,0,Electronics,CHANGED_MIND,USED,"Used for Saturday dinner, slightly tight",0.18999999999999995,1
0.03205839699125257,0.007047835111805539,0,0.017342352389107817,267.4086003869504,115.83678777093643,13,0,Footwear,WRONG_ITEM,UNOPENED,ISP provided complimentary router so unneeded,0.7849999999999999,0
0.14966000644987876,0.22957125884498944,0,0.022241213848084498,77.6012770352842,35.18624932481762,2,0,Footwear,WRONG_ITEM,UNOPENED,Do not need this anymore,0.84,0
0.9086376591769345,0.9252248359585562,6,0.011316596867263076,843.3844480899949,391.65045210011425,24,0,Luxury Apparel,DEFECTIVE,USED,"Tags removed for event photoshoot, want refund",0.22999999999999998,1
0.1833433717423566,0.030620354212574308,0,0.026021083396139698,266.8522407157704,115.2814374982795,5,1,Footwear,WRONG_ITEM,UNOPENED,"Changed mind, found cheaper elsewhere",0.825,0
0.10675908519191608,0.017615169416739573,0,0.018344309213467323,416.4277130359789,224.46473553655213,3,1,Electronics,DOES_NOT_FIT,OPENED_LIKE_NEW,"Sleeves are too long, otherwise nice fabric",0.555,0
0.07088012489740864,0.115217183817413,0,0.03013913270692839,228.13271199313778,102.04113339901656,7,1,Electronics,WRONG_ITEM,UNOPENED,ISP provided complimentary router so unneeded,0.735,0
0.15293702710566337,0.2167138032567665,0,0.028787778239872802,208.98971671216069,78.42479028143164,14,1,Home & Kitchen,DOES_NOT_FIT,UNOPENED,"Sleeves are too long, otherwise nice fabric",0.78,0
0.9255994237608562,0.737120741695655,2,0.025493458743635962,97.82448848903768,52.50422531905271,9,0,Home & Kitchen,DEFECTIVE,OPENED_LIKE_NEW,"Wore to wedding party over the weekend, no longer needed",0.605,1
0.8239817927162658,0.9110678396339433,3,0.014381183461197666,146.8359935746692,69.53604060534589,16,0,Footwear,DEFECTIVE,OPENED_LIKE_NEW,"Wore to wedding party over the weekend, no longer needed",0.5700000000000001,1
0.15859525127718818,0.025989843978097393,0,0.03887095949363585,269.81068440250294,109.02232718664915,8,1,Home & Kitchen,DOES_NOT_FIT,UNOPENED,"Sleeves are too long, otherwise nice fabric",0.8099999999999999,0
0.16809684374581976,0.12958098075995586,0,0.023854194446860558,111.46937909813649,51.96632420981688,5,0,Footwear,CHANGED_MIND,UNOPENED,"Changed mind, found cheaper elsewhere",0.825,0
0.1513800411866476,0.10273322624068956,0,0.028876575790248764,217.31105331770854,106.96579487975691,1,1,Home & Kitchen,CHANGED_MIND,UNOPENED,"Changed mind, found cheaper elsewhere",0.845,0
0.026755592757053432,0.0859747805685067,0,0.15790306351005814,97.16442246645897,38.70572961169088,3,0,Home & Kitchen,DEFECTIVE,DAMAGED,Left speaker makes a buzzing sound,0.33499999999999996,0
0.1069425403119111,0.2217078848672398,0,0.02135042745047941,909.6818662689102,336.00350197296666,5,1,Electronics,CHANGED_MIND,UNOPENED,Do not need this anymore,0.745,0
0.7142255159679778,0.977672119309966,6,0.025408756055846738,82.89533432116858,37.32679873334656,14,0,Home & Kitchen,CHANGED_MIND,OPENED_LIKE_NEW,"Tags removed for event photoshoot, want refund",0.5800000000000001,1
0.06205245745674198,0.10239023181562731,0,0.033402520712048946,934.6207857368682,369.75474589230464,5,1,Designer Handbags,WRONG_ITEM,UNOPENED,Ordered wrong color variant by accident,0.825,0
0.915000493169687,0.8659190911741514,2,0.01759848581924029,163.03228471473668,76.79052942279081,4,0,Footwear,DEFECTIVE,USED,"Wore to church event, returned Monday",0.32999999999999996,1
0.12078029573224139,0.12160125888404455,0,0.025147984122682,73.5132753676687,37.67897793758706,2,0,Home & Kitchen,DOES_NOT_FIT,OPENED_LIKE_NEW,Did not fit my shoulders properly,0.64,0
0.090428841592332,0.01310798617047031,0,0.21024670726907224,281.4220940537715,151.8163511777902,5,1,Apparel,DEFECTIVE,OPENED_LIKE_NEW,Zipper arrived broken and jammed,0.625,0
0.6660579795850277,0.7379447245970111,5,0.020367992532661302,170.626706045096,91.59198645745768,14,0,Electronics,DEFECTIVE,OPENED_LIKE_NEW,"Used for Saturday dinner, slightly tight",0.5000000000000001,1
0.5826108323098157,0.770774440786326,5,0.018132730537699406,130.37022885375958,66.34965672751652,8,0,Home & Kitchen,DEFECTIVE,USED,"Dress worn once for gala evening, return please",0.31,1
0.10213702769917324,0.04269206500083422,0,0.018016296864582223,165.00618092656856,62.61832487972862,1,0,Home & Kitchen,CHANGED_MIND,OPENED_LIKE_NEW,"Changed mind, found cheaper elsewhere",0.645,0
0.7752450540407063,0.8584092458343209,5,0.024294046327645154,282.8687692293261,150.61373421476875,8,0,Home & Kitchen,DEFECTIVE,USED,"Wore to church event, returned Monday",0.31,1
0.19029361125238964,0.061178899255925234,0,0.013946959199180639,108.12609263652334,57.200544884404984,4,1,Apparel,CHANGED_MIND,UNOPENED,Do not need this anymore,0.83,0
0.1949696254322279,0.214831237767619,0,0.013300531633826308,1139.01647774936,495.09812104027793,13,1,Luxury Apparel,WRONG_ITEM,OPENED_LIKE_NEW,"Changed mind, found cheaper elsewhere",0.585,0
0.02167585233722366,0.1105984351870484,0,0.011382075090264027,174.56642831930733,72.91828338431813,4,1,Apparel,WRONG_ITEM,UNOPENED,Ordered wrong color variant by accident,0.83,0
0.10521828804692879,0.15329259018577926,0,0.03606403287453461,807.8058287074372,352.85748122771145,4,1,Designer Handbags,DOES_NOT_FIT,UNOPENED,"Sleeves are too long, otherwise nice fabric",0.83,0
0.8687425341516642,0.953562998520477,4,0.012395199328643944,171.28156882701765,69.6948800524032,23,0,Home & Kitchen,CHANGED_MIND,USED,"Used for Saturday dinner, slightly tight",0.235,1
0.028471015617850533,0.16713667377849634,0,0.035883123323776765,228.9670791937771,117.34167417447755,6,1,Luxury Apparel,DOES_NOT_FIT,UNOPENED,Too loose around the waist,0.82,0
0.1736112320366495,0.22858511066662088,0,0.017958552672581573,273.58709292721954,113.30132070020174,10,1,Home & Kitchen,CHANGED_MIND,UNOPENED,ISP provided complimentary router so unneeded,0.7999999999999999,0
0.11942084242199053,0.012626867708070533,0,0.011316432651062308,875.6329267693553,384.3117851706887,5,1,Electronics,DOES_NOT_FIT,UNOPENED,Too loose around the waist,0.745,0
0.06613262756645917,0.04760337400622755,0,0.030098604725776544,40.46579106939425,20.68523160976594,12,1,Electronics,WRONG_ITEM,OPENED_LIKE_NEW,"Changed mind, found cheaper elsewhere",0.5100000000000001,0
0.030302448796890747,0.019148961490811946,0,0.14566018720084523,158.3361534219285,66.65936592198528,4,1,Home & Kitchen,DEFECTIVE,OPENED_LIKE_NEW,Missing power cable and scratches on lens,0.63,0
0.06169258144795821,0.09639160120731885,0,0.189068545811377,67.18222822617032,29.29381509086081,4,1,Designer Handbags,DEFECTIVE,OPENED_LIKE_NEW,Zipper arrived broken and jammed,0.63,0
0.17750156595391464,0.07536404660266699,0,0.012836690343231648,233.5558121872274,110.05214480843466,3,1,Home & Kitchen,DOES_NOT_FIT,UNOPENED,Did not fit my shoulders properly,0.835,0
0.7566406285219267,0.7150014366900742,5,0.012809980195910346,762.1572996072119,298.4339464225769,3,0,Luxury Apparel,CHANGED_MIND,OPENED_LIKE_NEW,"Tags removed for event photoshoot, want refund",0.635,1
0.11073261435471639,0.13622042150734837,0,0.01850521570812818,1140.1731804281317,591.1716091672987,2,1,Luxury Apparel,WRONG_ITEM,UNOPENED,ISP provided complimentary router so unneeded,0.84,0
0.15002723137390372,0.01949846660235227,0,0.013183900579270583,160.5148701128628,61.339581013660826,3,0,Footwear,CHANGED_MIND,OPENED_LIKE_NEW,"Changed mind, found cheaper elsewhere",0.635,0
0.19608778343530534,0.03963005850685236,0,0.02462403506391922,462.3804259361463,220.96110225559804,14,1,Electronics,CHANGED_MIND,UNOPENED,Do not need this anymore,0.7000000000000001,0
0.04322655360009649,0.10757910701059772,0,0.018241150984214312,269.13166928471423,96.38066434083385,5,1,Home & Kitchen,DOES_NOT_FIT,OPENED_LIKE_NEW,"Sleeves are too long, otherwise nice fabric",0.625,0
0.18447094892116267,0.2082485346382501,0,0.018927121493224463,242.05493003620379,86.2303047454666,14,1,Home & Kitchen,DOES_NOT_FIT,UNOPENED,"Size 9 fits too small, need half size up",0.78,0
0.9350894976320271,0.847446583925141,3,0.016065620521308905,124.71038346353619,45.30492163105572,8,0,Home & Kitchen,DEFECTIVE,OPENED_LIKE_NEW,"Wore to church event, returned Monday",0.61,1
0.9452072813189176,0.7110017446421938,2,0.023098142462957178,146.75238011927604,79.21447575234185,3,0,Footwear,DEFECTIVE,USED,"Used for Saturday dinner, slightly tight",0.33499999999999996,1
0.06427995325522314,0.13302170598450283,0,0.02447068625748259,855.3250750981175,310.99794763477,4,1,Electronics,DOES_NOT_FIT,UNOPENED,Did not fit my shoulders properly,0.75,0
0.054882043404203884,0.05364120502321246,0,0.03214452264525069,77.01314148985352,35.78787999260903,11,1,Footwear,CHANGED_MIND,UNOPENED,Ordered wrong color variant by accident,0.7949999999999999,0
0.058743887690171664,0.2154062375209946,0,0.03826556363468916,167.5855681091161,70.46332574020742,2,1,Home & Kitchen,DOES_NOT_FIT,UNOPENED,Did not fit my shoulders properly,0.84,0
0.062130399503149844,0.012445250380760942,0,0.01805500228592486,798.9135047365687,364.8824812136019,2,0,Designer Handbags,WRONG_ITEM,UNOPENED,Ordered wrong color variant by accident,0.84,0
0.9248185752264173,0.8109576334976761,5,0.023877266846567886,159.5637555556584,72.2050316487555,24,0,Apparel,DEFECTIVE,USED,"Wore to church event, returned Monday",0.22999999999999998,1
0.06819937662874115,0.11373769421049992,0,0.024123549910381216,219.32669348095683,118.02583487381895,2,1,Home & Kitchen,WRONG_ITEM,UNOPENED,Ordered wrong color variant by accident,0.84,0
0.07927782994685077,0.010550117145324611,0,0.02488885376501919,174.72686634102135,67.04062115216429,14,0,Footwear,CHANGED_MIND,OPENED_LIKE_NEW,"Changed mind, found cheaper elsewhere",0.5800000000000001,0
0.156883629129692,0.2462322771103729,0,0.03837324151025383,268.64300503543654,141.05709401530203,8,0,Luxury Apparel,DOES_NOT_FIT,UNOPENED,Too loose around the waist,0.8099999999999999,0
0.14680885455410325,0.1134616409517279,0,0.02621832982974187,258.64004812017595,115.36044162051091,5,1,Footwear,DOES_NOT_FIT,OPENED_LIKE_NEW,Did not fit my shoulders properly,0.625,0
0.08717732643892284,0.12331187325649645,0,0.02737389412105147,259.33007838288466,137.49202189518672,8,1,Designer Handbags,DOES_NOT_FIT,UNOPENED,Did not fit my shoulders properly,0.8099999999999999,0
0.1413536507893305,0.15831722933437223,0,0.012984886785419144,191.14783299746276,71.52601524207712,11,0,Home & Kitchen,WRONG_ITEM,UNOPENED,Ordered wrong color variant by accident,0.7949999999999999,0
0.03416558153517183,0.13182772391059833,0,0.02208356602139485,186.9228242929614,68.75852043109654,14,1,Footwear,CHANGED_MIND,UNOPENED,Do not need this anymore,0.78,0
0.09757695131250653,0.04369667876128949,0,0.039613002577723495,690.9342464248023,336.8217201444428,4,1,Electronics,CHANGED_MIND,OPENED_LIKE_NEW,ISP provided complimentary router so unneeded,0.55,0
0.0785752905228694,0.023684728694836038,0,0.0392761258835061,372.0604810444925,161.75762381482704,3,0,Luxury Apparel,DOES_NOT_FIT,UNOPENED,Too loose around the waist,0.835,0
0.1369755059064635,0.0061743244215278215,0,0.034307773915518605,662.4307004331995,268.7106663721307,3,0,Electronics,CHANGED_MIND,UNOPENED,ISP provided complimentary router so unneeded,0.755,0
0.031089437352644467,0.04062460386861036,0,0.0368510157656031,213.65666158237002,85.45846506755443,4,1,Apparel,CHANGED_MIND,UNOPENED,ISP provided complimentary router so unneeded,0.83,0
0.5295203442252633,0.8933722874682581,3,0.0214481545193553,509.2426483715526,215.26821840279666,14,1,Luxury Apparel,DEFECTIVE,OPENED_LIKE_NEW,"Wore to wedding party over the weekend, no longer needed",0.5800000000000001,1
0.0590265696672395,0.1674028141343794,0,0.039120040833816115,243.829685170718,114.459341303468,14,1,Electronics,DOES_NOT_FIT,OPENED_LIKE_NEW,Did not fit my shoulders properly,0.5000000000000001,0
0.09635331003427573,0.11167218043616622,0,0.017624418403834434,997.1564557672461,445.77991119306745,10,0,Luxury Apparel,DOES_NOT_FIT,UNOPENED,"Sleeves are too long, otherwise nice fabric",0.7999999999999999,0
0.7445326334892188,0.7853330555832512,3,0.013636169313338994,48.625356755775634,23.963734463241884,18,0,Footwear,DEFECTIVE,OPENED_LIKE_NEW,"Tags removed for event photoshoot, want refund",0.56,1
0.05532217070381401,0.17251883854719943,0,0.021711293381408616,522.2987691479957,231.81473494603716,3,1,Designer Handbags,WRONG_ITEM,UNOPENED,"Changed mind, found cheaper elsewhere",0.835,0
0.6654688286573944,0.7281735936223251,3,0.016192636200056915,207.52694919083308,100.26807334792751,16,0,Home & Kitchen,DEFECTIVE,OPENED_LIKE_NEW,"Wore to wedding party over the weekend, no longer needed",0.5700000000000001,1
0.07152037530319899,0.11502565663942199,0,0.015803416840358124,82.85232242070484,29.38021380715124,7,0,Footwear,CHANGED_MIND,OPENED_LIKE_NEW,Ordered wrong color variant by accident,0.615,0
0.18141437898339405,0.05267666626872655,0,0.0168260163080939,364.33766186835294,136.80209344285714,3,0,Designer Handbags,WRONG_ITEM,OPENED_LIKE_NEW,Do not need this anymore,0.635,0
0.13506731897264532,0.018785738294396642,0,0.014026072789790508,202.30809981227554,84.55105387642827,12,0,Footwear,DOES_NOT_FIT,UNOPENED,Did not fit my shoulders properly,0.79,0
0.14743060880621403,0.1393561861675355,0,0.017680635191845394,203.97768638456523,76.13563749330991,11,0,Apparel,WRONG_ITEM,UNOPENED,Do not need this anymore,0.7949999999999999,0
0.7413846723860137,0.8224014694126096,4,0.015357471656348815,191.10137437836252,100.18809044007965,6,1,Footwear,CHANGED_MIND,OPENED_LIKE_NEW,"Tags removed for event photoshoot, want refund",0.62,1
0.19980284595735381,0.15194069218585612,0,0.022141176229875104,301.2402362507939,120.92362002948559,3,1,Designer Handbags,CHANGED_MIND,UNOPENED,"Changed mind, found cheaper elsewhere",0.835,0
0.08232914715946954,0.03672777012807093,0,0.2353484688462405,467.2227424806231,198.42432107612316,2,1,Electronics,DEFECTIVE,DAMAGED,Screen flickers and has green lines,0.25999999999999995,0
0.08903621223811586,0.20915505259191453,0,0.02952364962540706,193.8964338376955,80.82157992958945,10,1,Home & Kitchen,DOES_NOT_FIT,UNOPENED,Too loose around the waist,0.7999999999999999,0
0.16722275182983912,0.009590965338925284,0,0.03612391517014339,166.00622244333064,71.3245812705346,2,0,Apparel,CHANGED_MIND,UNOPENED,"Changed mind, found cheaper elsewhere",0.84,0
0.10949011052918343,0.16685388263345777,0,0.01038296279553692,1051.0001534915673,461.7547156566533,6,0,Electronics,CHANGED_MIND,UNOPENED,Do not need this anymore,0.74,0
0.08173397354601408,0.034561391408514275,0,0.023183961230753263,161.48876210320418,69.55794774028186,12,1,Home & Kitchen,DOES_NOT_FIT,UNOPENED,"Size 9 fits too small, need half size up",0.79,0
0.1421588168888415,0.1052241321898065,0,0.0388425273353972,189.80131740148775,97.08253628239393,7,1,Apparel,DOES_NOT_FIT,UNOPENED,"Size 9 fits too small, need half size up",0.815,0
0.03421626740423225,0.039729129294590576,0,0.13726410924601595,700.5995702384465,365.8690019997664,1,0,Electronics,DEFECTIVE,DAMAGED,Stopped powering on after 2 days,0.26499999999999996,0
0.034100879197161205,0.018143699511177697,0,0.035509531244727964,286.9060998044946,138.7910125247249,11,1,Electronics,DOES_NOT_FIT,OPENED_LIKE_NEW,"Sleeves are too long, otherwise nice fabric",0.515,0
0.7442951595623624,0.9332102065684242,6,0.01250177819672807,60.6903155737181,28.000306851307485,17,0,Home & Kitchen,DEFECTIVE,OPENED_LIKE_NEW,"Wore to church event, returned Monday",0.5650000000000001,1
0.1430292249365882,0.041499775837075425,0,0.13558015704329812,743.7596149095475,398.7218837852416,1,0,Designer Handbags,DEFECTIVE,DAMAGED,Missing power cable and scratches on lens,0.345,0
0.17064700991203227,0.24887090268330497,0,0.010677057496071313,56.035989796009616,26.443022302405137,10,0,Home & Kitchen,DOES_NOT_FIT,OPENED_LIKE_NEW,"Size 9 fits too small, need half size up",0.6,0
0.8692593977002323,0.7798684158458946,2,0.014784221760684373,241.41834482983023,87.21874345757749,18,1,Footwear,DEFECTIVE,USED,"Used for Saturday dinner, slightly tight",0.26,1
0.6662221914121633,0.8416265823258523,4,0.021206973487006467,885.1935818796212,372.6391850455174,14,1,Designer Handbags,DEFECTIVE,OPENED_LIKE_NEW,"Used for Saturday dinner, slightly tight",0.5800000000000001,1
0.1302831820414293,0.14634385569773908,0,0.02642848301961241,782.9606200449662,314.66391378566084,5,0,Luxury Apparel,CHANGED_MIND,OPENED_LIKE_NEW,Ordered wrong color variant by accident,0.625,0
0.03523677564523322,0.029817918009935857,0,0.01673747147961703,162.55443226876594,84.21759012794976,8,1,Footwear,DOES_NOT_FIT,OPENED_LIKE_NEW,"Size 9 fits too small, need half size up",0.61,0
0.14623280157590915,0.19726015105051178,0,0.02052926871778274,509.39834031231817,218.39759897623966,9,0,Designer Handbags,WRONG_ITEM,UNOPENED,ISP provided complimentary router so unneeded,0.8049999999999999,0
0.054537173192810276,0.015304164535893006,0,0.027727482784816807,1187.4913527678798,455.2437398714087,5,0,Designer Handbags,WRONG_ITEM,UNOPENED,Do not need this anymore,0.825,0
0.5210081689546732,0.9182688709107012,2,0.015051720133694484,253.1520464720553,124.24381783452044,7,0,Home & Kitchen,CHANGED_MIND,USED,"Tags removed for event photoshoot, want refund",0.31499999999999995,1
0.19022123666914484,0.102231808939168,0,0.02985909518351902,579.231545743394,275.7824141842561,4,1,Designer Handbags,WRONG_ITEM,OPENED_LIKE_NEW,Do not need this anymore,0.63,0
0.10092780308139274,0.04715806160601871,0,0.025236922480101426,170.36065539529665,87.24522995946396,9,0,Footwear,CHANGED_MIND,UNOPENED,Do not need this anymore,0.8049999999999999,0
0.8309843176071114,0.8858616547036043,3,0.01226774191105145,223.16947993252163,100.43988628662177,9,0,Footwear,CHANGED_MIND,OPENED_LIKE_NEW,"Dress worn once for gala evening, return please",0.605,1
0.1362329396938007,0.09198709341305428,0,0.08937662040230353,991.9442100111954,354.6592151363783,2,1,Electronics,DEFECTIVE,DAMAGED,Missing power cable and scratches on lens,0.25999999999999995,0
0.6652263315627602,0.8518439931739021,5,0.012962015972542549,230.23629845649612,80.96741569243208,7,0,Footwear,DEFECTIVE,OPENED_LIKE_NEW,"Tags removed for event photoshoot, want refund",0.615,1
0.05034782871812664,0.14519920746336892,0,0.03143162686111877,1103.3059991249427,541.8328373821364,13,1,Designer Handbags,WRONG_ITEM,UNOPENED,Do not need this anymore,0.7849999999999999,0
0.14092026864587587,0.09858528658766608,0,0.010038532765804043,58.04379615229603,26.5208436589242,1,0,Footwear,DOES_NOT_FIT,UNOPENED,"Size 9 fits too small, need half size up",0.845,0
0.14152337945199556,0.10436207097411562,0,0.031920370345851705,168.51213121634916,61.47916368674586,2,1,Home & Kitchen,CHANGED_MIND,UNOPENED,ISP provided complimentary router so unneeded,0.84,0
0.04496211262583335,0.08399982232439429,0,0.2032351669261547,1077.9239049344942,402.6169205322324,5,1,Electronics,DEFECTIVE,DAMAGED,Zipper arrived broken and jammed,0.24499999999999994,0
0.9456001405767832,0.7586338799059814,2,0.01023559752573284,1197.010609302123,486.243397830857,27,0,Designer Handbags,DEFECTIVE,OPENED_LIKE_NEW,"Dress worn once for gala evening, return please",0.515,1
0.1068425288266328,0.01766823141763052,0,0.17863885047385408,1088.6805842872886,450.7532085873068,4,1,Luxury Apparel,DEFECTIVE,DAMAGED,Zipper arrived broken and jammed,0.32999999999999996,0
0.14064571568798467,0.04697589719960413,0,0.028743861961561756,430.28240810831176,168.7746824614265,10,1,Luxury Apparel,CHANGED_MIND,OPENED_LIKE_NEW,Ordered wrong color variant by accident,0.6,0
0.07637276912665433,0.04471026712694984,0,0.03705748323513648,500.73678812786943,199.82195011817447,11,1,Electronics,WRONG_ITEM,UNOPENED,ISP provided complimentary router so unneeded,0.715,0
0.07829301933207128,0.03205361668064956,0,0.20655127314826538,1166.6150977871735,510.51861967399043,2,0,Luxury Apparel,DEFECTIVE,OPENED_LIKE_NEW,Left speaker makes a buzzing sound,0.64,0
0.17498601199500327,0.14146576838990488,0,0.014717069952827004,841.1223808143562,380.765082607963,11,1,Luxury Apparel,CHANGED_MIND,OPENED_LIKE_NEW,"Changed mind, found cheaper elsewhere",0.595,0
0.13710917418537863,0.22242185314291624,0,0.02321303711968138,272.82384638477276,136.4484278023079,11,0,Apparel,CHANGED_MIND,UNOPENED,ISP provided complimentary router so unneeded,0.7949999999999999,0
0.7198722166450932,0.8689021979842297,3,0.01651162265038023,1180.972867696978,570.9652270516502,22,0,Electronics,DEFECTIVE,USED,"Wore to church event, returned Monday",0.15999999999999998,1
0.025700090824561886,0.032662190574800874,0,0.18596345373903977,105.34660224711817,37.37453446706972,3,1,Designer Handbags,DEFECTIVE,OPENED_LIKE_NEW,Stopped powering on after 2 days,0.635,0
0.07850315113861434,0.033269017969267005,0,0.15451076336563818,344.724239460806,132.0099238194054,4,1,Electronics,DEFECTIVE,OPENED_LIKE_NEW,Left speaker makes a buzzing sound,0.55,0
0.1440458042564608,0.12864277906695012,0,0.016004626337481006,112.88709222149953,52.87197704748535,7,1,Footwear,CHANGED_MIND,OPENED_LIKE_NEW,Ordered wrong color variant by accident,0.615,0
0.532503206722615,0.7412868425945303,3,0.011464912082147803,982.2881059483778,491.6173651999115,20,0,Designer Handbags,DEFECTIVE,USED,"Used for Saturday dinner, slightly tight",0.24999999999999997,1
0.1555963277382663,0.179081335869007,0,0.03008156271009608,156.17277672899812,74.72174470061087,12,0,Apparel,CHANGED_MIND,UNOPENED,Do not need this anymore,0.79,0
0.026905079861835438,0.15536610566419615,0,0.03333633116610631,620.4156980458927,261.5068705594414,10,0,Electronics,DOES_NOT_FIT,UNOPENED,"Size 9 fits too small, need half size up",0.72,0
0.06993681226417625,0.16070051254052062,0,0.03078403595889726,1050.3224158405494,439.5250776471894,9,1,Electronics,WRONG_ITEM,UNOPENED,"Changed mind, found cheaper elsewhere",0.725,0
0.15855901532940542,0.14033895604733448,0,0.03648509472034237,652.26204562292,295.81777411728183,8,1,Electronics,CHANGED_MIND,UNOPENED,ISP provided complimentary router so unneeded,0.73,0
0.7600446866484091,0.9098082994398816,5,0.029293809576569213,125.33349089028816,45.206150862000996,16,0,Electronics,CHANGED_MIND,OPENED_LIKE_NEW,"Used for Saturday dinner, slightly tight",0.49000000000000005,1
0.18875906073332094,0.13246890637955153,0,0.028447090437008084,157.66649043855043,58.136600024699725,6,0,Home & Kitchen,WRONG_ITEM,UNOPENED,Do not need this anymore,0.82,0
0.11985161919442666,0.0747224645088587,0,0.13298956465377804,109.21579243781011,56.52662942379061,4,1,Apparel,DEFECTIVE,DAMAGED,Left speaker makes a buzzing sound,0.32999999999999996,0
0.03302430639343879,0.22027628708914146,0,0.017699850696877434,727.8623073963729,391.00678415629204,3,0,Electronics,CHANGED_MIND,UNOPENED,"Changed mind, found cheaper elsewhere",0.755,0
0.14206205027659638,0.10360745311675915,0,0.030686026267162457,119.59439998700181,48.48975078437608,10,0,Apparel,WRONG_ITEM,UNOPENED,Ordered wrong color variant by accident,0.7999999999999999,0
0.19940299002824236,0.18769755779494693,0,0.029341599321454526,452.1359861344098,162.693071140884,7,0,Luxury Apparel,CHANGED_MIND,UNOPENED,ISP provided complimentary router so unneeded,0.815,0
0.02559023768632801,0.1385453138621997,0,0.03286098163117153,172.77927737206014,89.52679451119221,3,1,Apparel,WRONG_ITEM,OPENED_LIKE_NEW,Do not need this anymore,0.635,0
0.026016775956779894,0.09168801910648502,0,0.01711211173522534,558.8366430622616,203.68214119370307,13,1,Designer Handbags,CHANGED_MIND,UNOPENED,ISP provided complimentary router so unneeded,0.7849999999999999,0
0.19174369548279308,0.05581385026734023,0,0.037669233264507544,534.0360598425509,292.1737059455652,3,0,Electronics,CHANGED_MIND,OPENED_LIKE_NEW,Ordered wrong color variant by accident,0.555,0
0.7493262725570948,0.9606332019692261,2,0.010106979773884457,907.9570151698441,481.7711904170731,3,0,Luxury Apparel,DEFECTIVE,USED,"Wore to church event, returned Monday",0.33499999999999996,1
0.04514970205621174,0.024031462933037873,0,0.022737178215578666,281.76169918655717,129.181346478337,12,1,Apparel,DOES_NOT_FIT,UNOPENED,Did not fit my shoulders properly,0.79,0
0.1149421634699118,0.03528152957483047,0,0.010023685332796564,247.78852495500183,91.06597809143841,4,1,Footwear,CHANGED_MIND,UNOPENED,ISP provided complimentary router so unneeded,0.83,0
0.13409296737235832,0.22865411362879787,0,0.01625955739475293,207.95002996515046,76.05558476471091,11,1,Apparel,WRONG_ITEM,OPENED_LIKE_NEW,Do not need this anymore,0.595,0
0.12867592589077034,0.040982930238300685,0,0.03207860681545534,389.42830196093354,172.39142042687823,10,0,Electronics,WRONG_ITEM,UNOPENED,"Changed mind, found cheaper elsewhere",0.72,0
0.1278974975649719,0.042818352666559895,0,0.032249134558528625,391.06279513870487,188.67777649028753,5,1,Electronics,WRONG_ITEM,UNOPENED,"Changed mind, found cheaper elsewhere",0.745,0
0.5712273728147181,0.892672944577778,5,0.012563761456209235,533.4135356731811,213.06735065220127,6,0,Luxury Apparel,CHANGED_MIND,OPENED_LIKE_NEW,"Tags removed for event photoshoot, want refund",0.62,1
0.15470754489707286,0.06550875112671864,0,0.03645151919186189,1074.511445231671,418.29469413573395,7,1,Electronics,CHANGED_MIND,UNOPENED,"Changed mind, found cheaper elsewhere",0.735,0
0.1304922701013904,0.02192941042999108,0,0.021746112988048877,867.4532062214759,418.0123841249037,1,0,Designer Handbags,CHANGED_MIND,UNOPENED,ISP provided complimentary router so unneeded,0.845,0
0.13244612049318943,0.0706352159156109,0,0.02134074848303206,53.3101897925787,26.324815031904645,6,0,Home & Kitchen,WRONG_ITEM,UNOPENED,"Changed mind, found cheaper elsewhere",0.82,0
0.11069998342242925,0.17719140808641365,0,0.017468305743906183,114.2205128746432,47.61202895260955,12,1,Footwear,WRONG_ITEM,UNOPENED,"Changed mind, found cheaper elsewhere",0.79,0
0.5115840843862473,0.7954934043925745,2,0.026066091470360667,1080.8662550696968,490.3281273003801,9,0,Electronics,DEFECTIVE,USED,"Wore to church event, returned Monday",0.22499999999999998,1
0.10199030513945966,0.0077061546748425636,0,0.036376130127561475,55.091847574012355,29.691752133799714,2,0,Electronics,DOES_NOT_FIT,UNOPENED,Too loose around the waist,0.76,0
0.08359811232945179,0.03419344935747266,0,0.23711713392325218,68.29355200771221,31.844257461963394,1,1,Luxury Apparel,DEFECTIVE,OPENED_LIKE_NEW,Zipper arrived broken and jammed,0.645,0
0.11880785440988079,0.05483010030284552,0,0.022866622940506315,204.3726016345368,101.25154945936671,7,0,Apparel,CHANGED_MIND,UNOPENED,Do not need this anymore,0.815,0
0.5003225864179609,0.9623189604254843,4,0.013290507447856249,310.95330369793663,125.21924396931402,8,0,Designer Handbags,CHANGED_MIND,OPENED_LIKE_NEW,"Wore to wedding party over the weekend, no longer needed",0.61,1
0.026807624579366356,0.03076303089758123,0,0.03959049768832486,111.68460277875367,41.665082267458565,5,0,Home & Kitchen,CHANGED_MIND,UNOPENED,Do not need this anymore,0.825,0
0.5481460675285805,0.9014487909475921,5,0.027091373280652815,95.66188236482921,33.88170748955406,14,0,Apparel,DEFECTIVE,OPENED_LIKE_NEW,"Wore to church event, returned Monday",0.5800000000000001,1
0.06015620332016405,0.014128922699189334,0,0.013101848098901246,540.5494190232652,214.04874501654902,5,0,Electronics,DOES_NOT_FIT,UNOPENED,Too loose around the waist,0.745,0
0.11287025813457623,0.06337343831429759,0,0.03821611903308843,274.13459117972275,127.02333888794598,2,1,Home & Kitchen,WRONG_ITEM,UNOPENED,Ordered wrong color variant by accident,0.84,0
0.08379631855772952,0.09528672050868389,0,0.02235556849433491,883.9920136765351,389.2462578074963,4,0,Designer Handbags,DOES_NOT_FIT,UNOPENED,Too loose around the waist,0.83,0
0.8855284759276538,0.964346540060502,4,0.016718923067578675,690.405598395789,254.76747247718973,25,0,Designer Handbags,DEFECTIVE,USED,"Used for Saturday dinner, slightly tight",0.22499999999999998,1
0.056084428597944616,0.10336644167754003,0,0.016186081477053367,266.0541349668973,101.54148982500449,7,1,Footwear,CHANGED_MIND,UNOPENED,ISP provided complimentary router so unneeded,0.815,0
0.10201894787955657,0.15142481011496892,0,0.030755917244825334,484.3604688827478,253.7176105955755,13,0,Luxury Apparel,DOES_NOT_FIT,OPENED_LIKE_NEW,Too loose around the waist,0.585,0
0.1222974471940266,0.10987694511188795,0,0.0120172190215611,579.0397833963914,297.71166488705614,7,1,Electronics,WRONG_ITEM,UNOPENED,Do not need this anymore,0.735,0
0.7765434581995919,0.9330054870441531,2,0.01988023341198611,177.41557790959894,62.57943649467376,11,0,Designer Handbags,CHANGED_MIND,USED,"Dress worn once for gala evening, return please",0.295,1
0.07457951840934642,0.17449761787444812,0,0.03370779711825081,383.07328815958215,172.0500063082407,4,1,Electronics,WRONG_ITEM,UNOPENED,Ordered wrong color variant by accident,0.75,0
0.6895035069953367,0.8149463796183998,6,0.01462697426400301,198.19048183417172,77.16302866738263,7,0,Designer Handbags,CHANGED_MIND,OPENED_LIKE_NEW,"Dress worn once for gala evening, return please",0.615,1
0.5248995742235057,0.7554766077106015,6,0.010184017952507588,197.496060174894,81.62020036027178,23,1,Footwear,CHANGED_MIND,OPENED_LIKE_NEW,"Wore to wedding party over the weekend, no longer needed",0.535,1
0.9379151201421088,0.7542407742173634,5,0.016916571406191877,123.40631862642164,43.400805122438356,27,0,Footwear,CHANGED_MIND,OPENED_LIKE_NEW,"Used for Saturday dinner, slightly tight",0.515,1
0.17105743154710262,0.00799861503608118,0,0.03820539504187724,1074.8062472686,491.29864673569887,7,1,Electronics,CHANGED_MIND,UNOPENED,Do not need this anymore,0.735,0
0.11784720348403259,0.16344448073903908,0,0.02161150035804661,202.98612793441026,72.86261715179131,10,1,Footwear,WRONG_ITEM,OPENED_LIKE_NEW,"Changed mind, found cheaper elsewhere",0.6,0
0.5243214323073769,0.8280245174934724,2,0.0209924460221207,1069.86846278955,396.84858427906664,10,0,Luxury Apparel,DEFECTIVE,OPENED_LIKE_NEW,"Used for Saturday dinner, slightly tight",0.6,1
0.16807662689490008,0.0525118343230174,0,0.021822509455300954,407.258824399799,175.13394174083828,14,1,Luxury Apparel,CHANGED_MIND,OPENED_LIKE_NEW,"Changed mind, found cheaper elsewhere",0.5800000000000001,0
0.5677229741326635,0.8409996208329953,4,0.026032851796627343,552.1794520395205,247.44415531435564,11,0,Electronics,DEFECTIVE,OPENED_LIKE_NEW,"Used for Saturday dinner, slightly tight",0.515,1
0.17277816535063656,0.1765145286595077,0,0.024713632255593542,338.9269518994484,178.6095381572988,3,0,Luxury Apparel,DOES_NOT_FIT,UNOPENED,"Sleeves are too long, otherwise nice fabric",0.835,0
0.12386367230430052,0.05528690252767335,0,0.01807359257914031,245.86159945746763,88.22229951086781,4,1,Footwear,WRONG_ITEM,UNOPENED,"Changed mind, found cheaper elsewhere",0.83,0
0.19857659366518762,0.032587919928697945,0,0.03388205576190812,133.5632121122128,59.89551913797203,8,1,Home & Kitchen,CHANGED_MIND,OPENED_LIKE_NEW,Ordered wrong color variant by accident,0.61,0
0.17851710394362402,0.10322779739730331,0,0.026124812610197036,97.18760839463712,34.06129201231233,14,0,Designer Handbags,WRONG_ITEM,UNOPENED,"Changed mind, found cheaper elsewhere",0.78,0
0.06406397714031067,0.17014577322969182,0,0.013637946800774101,56.28453867125109,24.325734182009416,8,1,Home & Kitchen,DOES_NOT_FIT,UNOPENED,"Size 9 fits too small, need half size up",0.8099999999999999,0
0.1366106669494808,0.17801799806198262,0,0.015353520222951243,132.32225095156923,71.19987829701996,2,1,Electronics,CHANGED_MIND,UNOPENED,Do not need this anymore,0.76,0
0.06691994886117832,0.21333662440218096,0,0.03590474351388455,237.44371273469972,91.12299513674012,5,0,Apparel,WRONG_ITEM,OPENED_LIKE_NEW,Ordered wrong color variant by accident,0.625,0
0.8698106566643902,0.9153901565876442,6,0.021934459802124343,117.730559671462,47.386752864786615,14,0,Home & Kitchen,DEFECTIVE,USED,"Tags removed for event photoshoot, want refund",0.27999999999999997,1
0.04194005817446462,0.12743926672521785,0,0.027557826265295397,123.81822239184149,55.10800078876216,4,1,Footwear,WRONG_ITEM,OPENED_LIKE_NEW,ISP provided complimentary router so unneeded,0.63,0
0.66358150581617,0.8794816960497963,4,0.028025184155931263,70.07807206290984,29.873004035182397,7,0,Footwear,CHANGED_MIND,USED,"Wore to church event, returned Monday",0.31499999999999995,1
0.04535634871115504,0.156235942601958,0,0.031866115284657874,1121.0187698130487,454.8807021770595,3,1,Electronics,DOES_NOT_FIT,OPENED_LIKE_NEW,"Size 9 fits too small, need half size up",0.555,0
0.19103801705577744,0.0158156679551687,0,0.028090415900937644,40.71149781941574,21.526401416019606,9,1,Footwear,CHANGED_MIND,UNOPENED,Ordered wrong color variant by accident,0.8049999999999999,0
0.08887517741910704,0.0669348350762796,0,0.22136756740477692,66.3354211830914,23.72939491713788,5,1,Footwear,DEFECTIVE,DAMAGED,Zipper arrived broken and jammed,0.32499999999999996,0
0.13425454896867078,0.03149332274589325,0,0.1019264143476181,153.8268401989488,72.24650068886241,4,1,Footwear,DEFECTIVE,OPENED_LIKE_NEW,Screen flickers and has green lines,0.63,0
0.5139367715401295,0.7769707843119845,3,0.010655997485537921,140.59223202876223,74.37610340515343,19,0,Footwear,DEFECTIVE,OPENED_LIKE_NEW,"Wore to church event, returned Monday",0.555,1
0.19687743406884248,0.15926188837590688,0,0.014849130813537753,274.10858224980905,124.2395955688169,2,1,Apparel,WRONG_ITEM,UNOPENED,"Changed mind, found cheaper elsewhere",0.84,0
0.047674876178525255,0.23043166736291534,0,0.03272407152169309,888.7781163588558,437.1331987408872,9,1,Electronics,WRONG_ITEM,UNOPENED,Ordered wrong color variant by accident,0.725,0
0.05606116779735962,0.052751672926881515,0,0.030648789952817647,294.87839012806035,129.07839729442665,2,1,Luxury Apparel,WRONG_ITEM,UNOPENED,Do not need this anymore,0.84,0
0.12166023732721239,0.0783952518097841,0,0.15705450132939613,242.85223302569239,125.73051673313537,2,1,Home & Kitchen,DEFECTIVE,OPENED_LIKE_NEW,Stopped powering on after 2 days,0.64,0
0.13785963523116684,0.05710646307710504,0,0.018220353411566425,405.215740274133,151.29168169244113,9,0,Designer Handbags,CHANGED_MIND,UNOPENED,"Changed mind, found cheaper elsewhere",0.8049999999999999,0
0.06916873166659013,0.05237980607813303,0,0.023659862494258065,274.8203256648728,101.92977691788386,11,1,Apparel,CHANGED_MIND,UNOPENED,ISP provided complimentary router so unneeded,0.7949999999999999,0
0.11363483011316143,0.06872830044131277,0,0.09627821377277081,1110.1839896907281,514.7861438755012,1,1,Luxury Apparel,DEFECTIVE,OPENED_LIKE_NEW,Zipper arrived broken and jammed,0.645,0
0.06728431774763895,0.07565385834953067,0,0.12375212792827778,215.71520518773812,77.21358407364838,1,1,Footwear,DEFECTIVE,DAMAGED,Stopped powering on after 2 days,0.345,0
0.17109344676966895,0.11204271175532962,0,0.029100787430738254,296.63587097575305,143.99142493535865,4,1,Electronics,CHANGED_MIND,UNOPENED,"Changed mind, found cheaper elsewhere",0.75,0
0.1590032496607898,0.11830329672109968,0,0.028531807721853826,569.3380716339823,301.0763762794635,9,1,Electronics,WRONG_ITEM,OPENED_LIKE_NEW,Ordered wrong color variant by accident,0.525,0
0.10961645249257747,0.21045217725720472,0,0.034040561748107455,516.1855927640936,204.41821743048797,6,1,Luxury Apparel,DOES_NOT_FIT,OPENED_LIKE_NEW,Too loose around the waist,0.62,0
0.09309478386075878,0.20655434394380504,0,0.01682897607458177,169.21999511088106,86.50853583857133,5,1,Home & Kitchen,WRONG_ITEM,UNOPENED,Ordered wrong color variant by accident,0.825,0
0.08362594552310819,0.16055240925067435,0,0.017368947221464436,166.76415662706552,84.86241788656397,13,0,Electronics,CHANGED_MIND,OPENED_LIKE_NEW,Ordered wrong color variant by accident,0.505,0
0.03781435221356723,0.06784534876989615,0,0.0356532826599232,120.27905394663348,65.50506369866865,7,0,Apparel,CHANGED_MIND,UNOPENED,"Changed mind, found cheaper elsewhere",0.815,0
0.19635218025929477,0.06706900511338917,0,0.011229346667496714,218.89240315647925,96.3558449759341,10,0,Home & Kitchen,CHANGED_MIND,UNOPENED,Do not need this anymore,0.7999999999999999,0
0.038135511912723734,0.1768807047445107,0,0.010935247273357637,264.3040898853666,99.8357175633975,7,0,Footwear,WRONG_ITEM,UNOPENED,"Changed mind, found cheaper elsewhere",0.815,0
0.042916138174410506,0.04391807449214613,0,0.038807990754761996,844.0764578944613,430.7105296853799,9,1,Designer Handbags,WRONG_ITEM,OPENED_LIKE_NEW,Do not need this anymore,0.605,0
0.0716925481452579,0.03363127275049556,0,0.11986228115313888,157.17820778591246,72.35946299340345,5,1,Home & Kitchen,DEFECTIVE,DAMAGED,Left speaker makes a buzzing sound,0.32499999999999996,0
0.1021307296748582,0.02571185039986945,0,0.24127119375350842,236.9198579202776,128.67843286528185,5,1,Designer Handbags,DEFECTIVE,DAMAGED,Screen flickers and has green lines,0.32499999999999996,0
0.022674102051350682,0.1202814229542114,0,0.02000103514349688,148.50893883081898,68.92788680134126,1,1,Footwear,CHANGED_MIND,UNOPENED,Ordered wrong color variant by accident,0.845,0
0.6960151211057191,0.8161571180844466,3,0.024654468308266127,213.61597564877778,110.36560305551134,12,0,Home & Kitchen,DEFECTIVE,USED,"Used for Saturday dinner, slightly tight",0.29,1
0.0649926166231092,0.1523821274385159,0,0.027555843561785615,468.895860612319,209.69562509782483,5,0,Electronics,DOES_NOT_FIT,UNOPENED,Did not fit my shoulders properly,0.745,0
0.6412019644875779,0.7397164313327558,4,0.014276024213254655,162.39582982539326,79.02407053718346,4,0,Electronics,DEFECTIVE,USED,"Used for Saturday dinner, slightly tight",0.24999999999999994,1
0.1389309307596473,0.2376515928949682,0,0.03189035240941724,100.37317295711247,52.88150929084195,12,1,Designer Handbags,WRONG_ITEM,OPENED_LIKE_NEW,ISP provided complimentary router so unneeded,0.5900000000000001,0
0.8882038233255766,0.8241296898163556,6,0.02171726101055843,293.4215414299427,133.93545289052275,4,0,Home & Kitchen,CHANGED_MIND,USED,"Used for Saturday dinner, slightly tight",0.32999999999999996,1
0.13769183768889168,0.008303875781018644,0,0.11247881768047607,551.2757343919286,257.4189548285406,4,0,Designer Handbags,DEFECTIVE,DAMAGED,Zipper arrived broken and jammed,0.32999999999999996,0
0.16692101333530404,0.2470655287857967,0,0.021665544894223492,95.00213792249852,48.47334940400208,7,0,Electronics,CHANGED_MIND,UNOPENED,Ordered wrong color variant by accident,0.735,0
0.12878852943490546,0.049635714717050416,0,0.024844853698642602,901.0798848191203,454.2184725577133,7,1,Designer Handbags,DOES_NOT_FIT,UNOPENED,"Sleeves are too long, otherwise nice fabric",0.815,0
0.08495039355983906,0.030521453012885915,0,0.24553623894654386,809.5006287095317,349.41892576306583,5,1,Designer Handbags,DEFECTIVE,DAMAGED,Left speaker makes a buzzing sound,0.32499999999999996,0
0.6262084508920935,0.9047088352409973,6,0.014843668911875354,72.22024696776424,32.930033301263826,17,0,Footwear,DEFECTIVE,OPENED_LIKE_NEW,"Used for Saturday dinner, slightly tight",0.5650000000000001,1
0.07219773067594554,0.15722628623090376,0,0.013538160246227005,205.10880375601343,83.40940370777284,9,1,Footwear,CHANGED_MIND,UNOPENED,Do not need this anymore,0.8049999999999999,0
0.5001093204955307,0.7355420961487693,3,0.02867230755670188,263.52252575672344,104.54513244720769,21,0,Footwear,CHANGED_MIND,USED,"Used for Saturday dinner, slightly tight",0.245,1
0.16010694281818844,0.15214289829349356,0,0.03912714134349608,473.3825650595086,230.2022123189085,14,1,Luxury Apparel,WRONG_ITEM,UNOPENED,Ordered wrong color variant by accident,0.78,0
0.03143643003630535,0.09906183670410149,0,0.03891452983564541,173.21974047378316,70.60019173690078,2,1,Footwear,CHANGED_MIND,OPENED_LIKE_NEW,Do not need this anymore,0.64,0
0.5541219334078731,0.8969879352508285,6,0.022897120868594537,127.83314624103802,69.05396616430643,25,0,Home & Kitchen,DEFECTIVE,OPENED_LIKE_NEW,"Used for Saturday dinner, slightly tight",0.525,1
0.5099912658445327,0.7850426784569112,6,0.028421389725991626,412.28510845055087,165.09980535028035,19,1,Electronics,CHANGED_MIND,USED,"Wore to wedding party over the weekend, no longer needed",0.175,1
0.11615967378762453,0.20595043748013447,0,0.013094402826350831,284.33069515257745,144.7284683040427,11,0,Home & Kitchen,DOES_NOT_FIT,OPENED_LIKE_NEW,"Sleeves are too long, otherwise nice fabric",0.595,0
0.05262504599927935,0.17800199029954067,0,0.021548761679126713,506.6618265685297,256.70427709260713,10,0,Designer Handbags,WRONG_ITEM,OPENED_LIKE_NEW,"Changed mind, found cheaper elsewhere",0.6,0
0.9332531635913295,0.7354636443972142,3,0.018412604737576388,597.8922653777921,254.26107782775856,10,0,Electronics,CHANGED_MIND,USED,"Wore to wedding party over the weekend, no longer needed",0.21999999999999997,1
0.6634351056723012,0.714635226917247,6,0.023710772411252464,144.95896470801247,56.383059240364474,12,0,Footwear,DEFECTIVE,USED,"Wore to wedding party over the weekend, no longer needed",0.29,1
0.1668860304143723,0.20064018703790698,0,0.024591748842666815,386.2027669314022,184.45760367826887,11,1,Luxury Apparel,WRONG_ITEM,OPENED_LIKE_NEW,Ordered wrong color variant by accident,0.595,0
0.07186738443993256,0.05900198258092801,0,0.0319154396207898,36.08944092326144,13.315332550499662,3,1,Home & Kitchen,CHANGED_MIND,UNOPENED,ISP provided complimentary router so unneeded,0.835,0
0.02122187132424616,0.03823579661885654,0,0.012069700261313784,298.84565113947764,121.85789860411775,5,1,Home & Kitchen,DOES_NOT_FIT,UNOPENED,"Sleeves are too long, otherwise nice fabric",0.825,0
0.04686824228046452,0.06024906449897949,0,0.03808376714620404,643.385858708299,272.1288113809761,7,1,Electronics,CHANGED_MIND,UNOPENED,Ordered wrong color variant by accident,0.735,0
0.17721046242365948,0.09874756763725812,0,0.020050257098730873,280.44772615769324,119.3471561981912,8,1,Electronics,CHANGED_MIND,UNOPENED,ISP provided complimentary router so unneeded,0.73,0
0.6425079602076167,0.8896451086034795,4,0.015791654093414542,183.7299302662044,66.72674817045426,4,0,Footwear,DEFECTIVE,OPENED_LIKE_NEW,"Wore to church event, returned Monday",0.63,1
0.05443204820537259,0.10185131790283719,0,0.03810847761726086,477.6123034302067,230.59830033550097,3,1,Designer Handbags,CHANGED_MIND,UNOPENED,Do not need this anymore,0.835,0
0.05316133891478177,0.012703357597323174,0,0.08995122201360853,108.98871209925662,41.58270368650809,5,1,Apparel,DEFECTIVE,DAMAGED,Missing power cable and scratches on lens,0.32499999999999996,0
0.5783047016072559,0.913012606348346,6,0.010316761418897485,178.39778457724447,75.97823852813491,28,0,Home & Kitchen,DEFECTIVE,OPENED_LIKE_NEW,"Tags removed for event photoshoot, want refund",0.51,1
0.11117899998353852,0.14070755930365073,0,0.019401030833718344,382.3262778137709,189.8939570744099,8,0,Designer Handbags,DOES_NOT_FIT,UNOPENED,Did not fit my shoulders properly,0.8099999999999999,0
0.1768298578618083,0.04814540811463197,0,0.012928562816054468,1081.44313541475,454.18350685001064,6,1,Luxury Apparel,WRONG_ITEM,UNOPENED,Ordered wrong color variant by accident,0.82,0
0.09167126078616585,0.03595431445200035,0,0.10138639717882872,187.06620236062523,85.12039179521256,1,1,Apparel,DEFECTIVE,DAMAGED,Missing power cable and scratches on lens,0.345,0
0.5913471016360388,0.8265233325026378,2,0.02593895008031291,187.36717835467013,69.21033764537844,13,0,Home & Kitchen,CHANGED_MIND,OPENED_LIKE_NEW,"Dress worn once for gala evening, return please",0.585,1
0.11864386950124432,0.17568457482239672,0,0.03378110217342254,198.00733412442335,75.3480541821578,7,0,Home & Kitchen,DOES_NOT_FIT,OPENED_LIKE_NEW,"Sleeves are too long, otherwise nice fabric",0.615,0
0.14783118798622893,0.1693354615203791,0,0.010732806488218997,138.23060858731685,57.58549605894216,14,0,Footwear,DOES_NOT_FIT,UNOPENED,Too loose around the waist,0.78,0
0.14049417156565583,0.05403395307773018,0,0.027726157689227753,276.13163949889736,140.70576923142858,6,1,Footwear,WRONG_ITEM,OPENED_LIKE_NEW,"Changed mind, found cheaper elsewhere",0.62,0
0.1858623925189755,0.2446264917331725,0,0.010320103810184883,196.25385100380632,84.89311218258771,8,1,Footwear,WRONG_ITEM,UNOPENED,ISP provided complimentary router so unneeded,0.8099999999999999,0
0.1317810837435658,0.025181470200913172,0,0.2467750131495629,751.9012446707469,382.49778772049126,5,1,Designer Handbags,DEFECTIVE,DAMAGED,Stopped powering on after 2 days,0.32499999999999996,0
0.5385197987702457,0.7513682077324821,2,0.02516807346068406,65.50436556561539,33.62834279006338,4,0,Luxury Apparel,CHANGED_MIND,USED,"Wore to wedding party over the weekend, no longer needed",0.32999999999999996,1
0.02251082336454406,0.16427970976531833,0,0.020952817606954176,749.334029154271,366.5789139274086,11,0,Electronics,CHANGED_MIND,UNOPENED,"Changed mind, found cheaper elsewhere",0.715,0
0.08164553945353477,0.026990612027708888,0,0.01208937603244797,186.95740620470065,84.90316706378931,10,0,Home & Kitchen,CHANGED_MIND,OPENED_LIKE_NEW,ISP provided complimentary router so unneeded,0.6,0
0.15359618164180386,0.12743387750098428,0,0.022673373700926373,134.4739740149635,47.777174923776215,8,1,Apparel,WRONG_ITEM,OPENED_LIKE_NEW,ISP provided complimentary router so unneeded,0.61,0
0.0804002963053983,0.24400503938112356,0,0.03620666728681266,115.57896843440986,54.039996265654935,9,1,Footwear,WRONG_ITEM,UNOPENED,"Changed mind, found cheaper elsewhere",0.8049999999999999,0
0.1725134141963889,0.11031858418751717,0,0.010538735912504529,126.43213570962249,57.157255860520515,14,0,Electronics,DOES_NOT_FIT,UNOPENED,Too loose around the waist,0.7000000000000001,0
0.1944990876216581,0.17330238555471694,0,0.012127485743157087,259.6586159185608,130.93665553022453,3,0,Designer Handbags,CHANGED_MIND,OPENED_LIKE_NEW,"Changed mind, found cheaper elsewhere",0.635,0
0.17145915679212406,0.1544236465471477,0,0.029332695088894495,72.87144244472618,37.580243880615754,1,1,Electronics,DOES_NOT_FIT,UNOPENED,Too loose around the waist,0.765,0
0.16188953747074933,0.06475878602583679,0,0.03126030159896521,289.2313434529978,103.5639195410702,7,1,Electronics,CHANGED_MIND,UNOPENED,"Changed mind, found cheaper elsewhere",0.735,0
0.05620457766626791,0.044657219188574876,0,0.020132439902045416,525.4014167235314,237.32790666361797,14,0,Designer Handbags,DOES_NOT_FIT,UNOPENED,"Sleeves are too long, otherwise nice fabric",0.78,0
0.10581569759149909,0.06766865149132234,0,0.010875120057222234,191.40294611521645,82.14037640885549,13,0,Home & Kitchen,DOES_NOT_FIT,UNOPENED,"Sleeves are too long, otherwise nice fabric",0.7849999999999999,0
0.07376098832975896,0.21673526070762808,0,0.03240229923394479,260.8855258024216,117.13670336319008,7,1,Apparel,DOES_NOT_FIT,OPENED_LIKE_NEW,Too loose around the waist,0.615,0
0.04356762538281995,0.1740553590303181,0,0.016182213398115257,146.3381590002221,53.1207748077462,5,0,Apparel,WRONG_ITEM,OPENED_LIKE_NEW,Do not need this anymore,0.625,0
0.871388781090342,0.7352633794933001,6,0.02806195014098619,1042.5074986234063,461.7438276500133,18,0,Electronics,DEFECTIVE,OPENED_LIKE_NEW,"Used for Saturday dinner, slightly tight",0.48000000000000004,1
0.8349656919367958,0.8734446206690829,2,0.026061512846754897,540.8939169116579,274.32067671614817,24,0,Luxury Apparel,DEFECTIVE,OPENED_LIKE_NEW,"Tags removed for event photoshoot, want refund",0.53,1
0.10324222707172664,0.23524144696069846,0,0.024591163024754427,576.6383554431262,292.3639338364257,12,1,Electronics,DOES_NOT_FIT,OPENED_LIKE_NEW,Did not fit my shoulders properly,0.5100000000000001,0
0.16788398451695083,0.1386222785802927,0,0.01539393440485226,153.63351351333438,83.51740572119934,10,0,Home & Kitchen,DOES_NOT_FIT,UNOPENED,"Size 9 fits too small, need half size up",0.7999999999999999,0
0.15553751474705332,0.20279065096978305,0,0.010984764964577204,582.7169766556254,279.3103642387817,4,1,Designer Handbags,CHANGED_MIND,OPENED_LIKE_NEW,Do not need this anymore,0.63,0
0.8735147076326335,0.7137966230031759,5,0.02704877771283746,175.8102576040257,68.47155416057905,28,1,Apparel,CHANGED_MIND,USED,"Wore to church event, returned Monday",0.20999999999999996,1
0.061243178138461,0.028192955175156076,0,0.17024603582904088,39.21356197556125,14.968100186787268,1,1,Home & Kitchen,DEFECTIVE,OPENED_LIKE_NEW,Screen flickers and has green lines,0.645,0
0.1256500956388517,0.013260399074681108,0,0.11967736580788157,565.9099025008225,256.5972321499586,5,1,Luxury Apparel,DEFECTIVE,DAMAGED,Left speaker makes a buzzing sound,0.32499999999999996,0
0.15744988633054857,0.11183310666654694,0,0.033695938631066166,757.2817161727306,282.1782736143679,2,0,Luxury Apparel,DOES_NOT_FIT,UNOPENED,Did not fit my shoulders properly,0.84,0
0.04032308699106901,0.04370337254497708,0,0.1474711968251367,902.5113527792618,420.70334580227507,4,1,Electronics,DEFECTIVE,OPENED_LIKE_NEW,Missing power cable and scratches on lens,0.55,0
0.08986395458040489,0.04269007086259641,0,0.016805113069764854,707.5811814241084,307.5768794647995,6,0,Designer Handbags,DOES_NOT_FIT,OPENED_LIKE_NEW,Did not fit my shoulders properly,0.62,0
0.11268695159492098,0.04266935882555842,0,0.029887187570336975,1028.9449393929217,413.2118388231001,9,1,Designer Handbags,DOES_NOT_FIT,UNOPENED,Too loose around the waist,0.8049999999999999,0
0.08389684935813746,0.09755273290209018,0,0.1366510958936237,730.253760111563,268.76196588247177,3,1,Electronics,DEFECTIVE,DAMAGED,Zipper arrived broken and jammed,0.25499999999999995,0
0.12908270044629977,0.022407943326154478,0,0.03877706305971466,870.1686764038812,441.72542866872067,9,1,Luxury Apparel,WRONG_ITEM,UNOPENED,ISP provided complimentary router so unneeded,0.8049999999999999,0
0.14673878493889464,0.14743225901911644,0,0.02349738343256516,1035.7131205228325,560.701043194706,12,1,Designer Handbags,DOES_NOT_FIT,OPENED_LIKE_NEW,"Size 9 fits too small, need half size up",0.5900000000000001,0
0.10982651112273464,0.2328837622888155,0,0.027499987299655526,173.05565139651912,76.2996390687936,5,1,Footwear,DOES_NOT_FIT,OPENED_LIKE_NEW,Did not fit my shoulders properly,0.625,0
0.04720740899891558,0.00037196608180591897,0,0.12105605856553042,165.17387219098043,70.36274658529183,3,0,Footwear,DEFECTIVE,OPENED_LIKE_NEW,Screen flickers and has green lines,0.635,0
0.1007273410404741,0.2451620548910124,0,0.020508171120079827,149.35030832402967,56.26072566552967,4,1,Footwear,CHANGED_MIND,UNOPENED,Do not need this anymore,0.83,0
0.028632391838657775,0.19385237864812366,0,0.027120495252159357,922.4175750109182,350.49336716047776,1,1,Luxury Apparel,WRONG_ITEM,UNOPENED,"Changed mind, found cheaper elsewhere",0.845,0
0.12292917881288438,0.06341061858534389,0,0.016841854507000598,53.3701763014629,20.070823184740338,5,0,Designer Handbags,WRONG_ITEM,OPENED_LIKE_NEW,Ordered wrong color variant by accident,0.625,0
0.060204854494960394,0.011687876059093905,0,0.24759593486985937,109.87397834408644,41.319734519967746,5,1,Apparel,DEFECTIVE,DAMAGED,Screen flickers and has green lines,0.32499999999999996,0
0.05583481630903239,0.14692580708536912,0,0.011921305715943655,262.16938578881815,142.17444109443608,9,1,Footwear,WRONG_ITEM,OPENED_LIKE_NEW,"Changed mind, found cheaper elsewhere",0.605,0
0.06441453572012856,0.11252381714771484,0,0.010664033530884912,201.19531179998592,87.074355592401,12,1,Home & Kitchen,CHANGED_MIND,UNOPENED,Do not need this anymore,0.79,0
0.055107600593202244,0.02068371106166085,0,0.19118392320198926,139.45968353388648,53.82193475526718,2,1,Apparel,DEFECTIVE,DAMAGED,Zipper arrived broken and jammed,0.33999999999999997,0
0.10958418059328713,0.05650722830366937,0,0.22597424933801435,176.27204269673177,89.39342630452599,2,1,Electronics,DEFECTIVE,OPENED_LIKE_NEW,Left speaker makes a buzzing sound,0.56,0
0.10755718228624368,0.011501093682809783,0,0.1981195240781925,552.1948551006033,297.63134663166784,5,1,Designer Handbags,DEFECTIVE,OPENED_LIKE_NEW,Zipper arrived broken and jammed,0.625,0
0.04549004311122188,0.1607083477039345,0,0.02145940136388838,1149.9050178854181,478.3547138339972,10,0,Designer Handbags,WRONG_ITEM,UNOPENED,"Changed mind, found cheaper elsewhere",0.7999999999999999,0
0.19319346370852403,0.22537146277518727,0,0.018111497059319692,972.1084611186561,533.8050150912246,1,1,Designer Handbags,CHANGED_MIND,UNOPENED,Do not need this anymore,0.845,0
0.06547934039083082,0.10919429233082992,0,0.02560542209700279,382.1201175324826,134.90864160029997,10,0,Designer Handbags,WRONG_ITEM,UNOPENED,ISP provided complimentary router so unneeded,0.7999999999999999,0
0.0596232639555548,0.07048422108543961,0,0.023307991039545617,238.47887495954618,125.11814954331163,8,1,Designer Handbags,WRONG_ITEM,OPENED_LIKE_NEW,Ordered wrong color variant by accident,0.61,0
0.1116384472550737,0.008520047755966199,0,0.19051571669378833,798.2415126305197,432.043616632406,2,1,Designer Handbags,DEFECTIVE,OPENED_LIKE_NEW,Zipper arrived broken and jammed,0.64,0
0.020543756844109026,0.0619831124514518,0,0.037833744381259464,1121.2753418620084,554.0415263958894,11,1,Luxury Apparel,WRONG_ITEM,UNOPENED,"Changed mind, found cheaper elsewhere",0.7949999999999999,0
0.1578373977885572,0.022870739482411778,0,0.02541627504334701,88.68532260447483,34.25413904349128,12,1,Home & Kitchen,CHANGED_MIND,UNOPENED,Ordered wrong color variant by accident,0.79,0
0.16585459384219986,0.03375953417013686,0,0.024059549109891557,283.10901588615906,109.61030163439689,14,0,Home & Kitchen,CHANGED_MIND,UNOPENED,"Changed mind, found cheaper elsewhere",0.78,0
0.19603881627288225,0.24857199644026476,0,0.02666851464047209,71.78925354871842,29.664825531727082,2,1,Apparel,WRONG_ITEM,UNOPENED,ISP provided complimentary router so unneeded,0.84,0
0.09640870988177634,0.07733105608955573,0,0.018419067396295473,1167.7864626909748,444.5447358036502,6,0,Electronics,DOES_NOT_FIT,UNOPENED,"Sleeves are too long, otherwise nice fabric",0.74,0
0.15199902356903522,0.00010257235979371782,0,0.027885480082071305,276.8843260873644,112.85440165069288,3,1,Home & Kitchen,WRONG_ITEM,OPENED_LIKE_NEW,Do not need this anymore,0.635,0
0.053394675546389464,0.16291994871960674,0,0.031378042218951796,214.20839271179486,88.65300857615291,6,1,Apparel,CHANGED_MIND,OPENED_LIKE_NEW,Do not need this anymore,0.62,0
0.06539643238867957,0.23897969999051105,0,0.03769898524809788,570.4872674756715,296.21910890790156,3,0,Designer Handbags,DOES_NOT_FIT,UNOPENED,Too loose around the waist,0.835,0
0.7035455649354332,0.8188289250603029,3,0.013135258951985893,534.6310255306885,244.58481273997657,9,0,Electronics,CHANGED_MIND,OPENED_LIKE_NEW,"Wore to church event, returned Monday",0.525,1
0.5101269473429089,0.8243516414491138,3,0.025627124367904007,212.01266550292422,101.13669817039428,10,0,Apparel,DEFECTIVE,USED,"Wore to wedding party over the weekend, no longer needed",0.3,1
0.18371997711869645,0.004508002456307503,0,0.02671142758576702,241.52093331266946,110.68109203247054,2,0,Apparel,WRONG_ITEM,UNOPENED,Do not need this anymore,0.84,0
0.07830119946446826,0.034062641272994465,0,0.03662689215448574,154.45965790659082,81.1875548531048,9,1,Apparel,WRONG_ITEM,UNOPENED,Do not need this anymore,0.8049999999999999,0
0.7636334550949258,0.8887737926522001,6,0.026085223087569,804.6204317361559,345.67376266000525,10,0,Designer Handbags,DEFECTIVE,OPENED_LIKE_NEW,"Tags removed for event photoshoot, want refund",0.6,1
0.08677233991072464,0.080304552467588,0,0.1435205503834073,490.2208898514566,180.9591702167983,2,1,Designer Handbags,DEFECTIVE,OPENED_LIKE_NEW,Left speaker makes a buzzing sound,0.64,0
0.1846251983399146,0.022759078736360433,0,0.02944627532345668,138.62848167076936,59.766048626236326,11,1,Footwear,CHANGED_MIND,OPENED_LIKE_NEW,"Changed mind, found cheaper elsewhere",0.595,0
0.1423193305830831,0.01677343315746968,0,0.02781117348854304,935.5568717279316,482.41293248348506,14,0,Luxury Apparel,CHANGED_MIND,UNOPENED,ISP provided complimentary router so unneeded,0.78,0
0.04216895062119079,0.08974190500781737,0,0.19154483561406516,267.51007022568774,119.59202032165497,5,1,Apparel,DEFECTIVE,OPENED_LIKE_NEW,Zipper arrived broken and jammed,0.625,0
0.09046433486263628,0.09190382770286712,0,0.23298462237029421,559.8666131080423,226.68020872140158,4,1,Designer Handbags,DEFECTIVE,OPENED_LIKE_NEW,Screen flickers and has green lines,0.63,0
0.09077067822156756,0.09694108213243743,0,0.018606006249483817,351.5523410262412,183.58505757725942,8,1,Luxury Apparel,WRONG_ITEM,OPENED_LIKE_NEW,ISP provided complimentary router so unneeded,0.61,0
0.03257514572323911,0.16940279552489854,0,0.015184601543693568,439.62683633711333,159.28058659704672,3,0,Electronics,WRONG_ITEM,OPENED_LIKE_NEW,Do not need this anymore,0.555,0
0.6214881365849579,0.9151578999128278,3,0.027700306490945167,85.91996677315095,38.03759135998133,16,0,Footwear,CHANGED_MIND,OPENED_LIKE_NEW,"Tags removed for event photoshoot, want refund",0.5700000000000001,1
0.10465832862869716,0.21839382643993355,0,0.03288397158627416,166.0962350512137,80.41539920182545,14,0,Footwear,DOES_NOT_FIT,UNOPENED,Too loose around the waist,0.78,0
0.17252390970368603,0.002384738506386236,0,0.02208670093150146,274.4918710011966,136.71413664300337,6,0,Apparel,DOES_NOT_FIT,UNOPENED,"Size 9 fits too small, need half size up",0.82,0
0.11771144738013345,0.13241113175878336,0,0.020433102928133134,168.14314675141648,80.88974006015503,8,0,Footwear,WRONG_ITEM,UNOPENED,Do not need this anymore,0.8099999999999999,0
0.6882633672929569,0.8999628809898087,6,0.02722464454520771,67.53833325083681,29.73776329888617,7,0,Home & Kitchen,CHANGED_MIND,USED,"Wore to church event, returned Monday",0.31499999999999995,1
0.09344361643131462,0.17186620101243202,0,0.01749602395773788,201.06900161187596,105.66132771617907,8,1,Apparel,WRONG_ITEM,UNOPENED,Do not need this anymore,0.8099999999999999,0
0.0952636879628521,0.227753924994805,0,0.039794912168004355,54.17531373568682,21.48650572272673,6,1,Home & Kitchen,DOES_NOT_FIT,UNOPENED,"Sleeves are too long, otherwise nice fabric",0.82,0
0.1910683552667768,0.2395819216203467,0,0.012931218261602755,29.124587603712587,11.132000009357766,7,1,Apparel,WRONG_ITEM,UNOPENED,Do not need this anymore,0.815,0
0.1992823010088047,0.044999904152671716,0,0.025076428201660693,1024.1645626593927,362.63651826839424,5,1,Luxury Apparel,DOES_NOT_FIT,UNOPENED,"Sleeves are too long, otherwise nice fabric",0.825,0
0.09858356769359974,0.027702544886962433,0,0.22659693579475437,102.95181604762178,50.17368533349064,2,1,Apparel,DEFECTIVE,DAMAGED,Left speaker makes a buzzing sound,0.33999999999999997,0
0.14135953384053146,0.05537338721491,0,0.011043975996050504,514.7295055910608,209.9265765832138,5,0,Designer Handbags,DOES_NOT_FIT,UNOPENED,"Sleeves are too long, otherwise nice fabric",0.825,0
0.16561599493046755,0.20009104711383632,0,0.023710718565778763,743.5541813749339,350.1039014307613,4,1,Electronics,WRONG_ITEM,UNOPENED,Ordered wrong color variant by accident,0.75,0
0.16888846671697222,0.10625060353079938,0,0.018263400393715275,97.88460248865056,44.75660449403211,9,1,Apparel,DOES_NOT_FIT,OPENED_LIKE_NEW,"Size 9 fits too small, need half size up",0.605,0
0.7021166912294956,0.8232338158757821,2,0.011822746781794145,873.5803392006269,343.09635239759064,26,0,Luxury Apparel,DEFECTIVE,OPENED_LIKE_NEW,"Used for Saturday dinner, slightly tight",0.52,1
0.055451653437569845,0.10318958006934836,0,0.016833350248534044,717.2755900772978,304.3347737096975,14,1,Luxury Apparel,CHANGED_MIND,OPENED_LIKE_NEW,"Changed mind, found cheaper elsewhere",0.5800000000000001,0
0.10080411006670223,0.13429233040100721,0,0.016106065674454145,67.8316962880207,35.68519592501597,12,0,Footwear,DOES_NOT_FIT,OPENED_LIKE_NEW,"Sleeves are too long, otherwise nice fabric",0.5900000000000001,0
0.09807026650965579,0.10302340240813479,0,0.011068364508185245,617.6525110013762,284.63524286527525,6,1,Designer Handbags,WRONG_ITEM,OPENED_LIKE_NEW,ISP provided complimentary router so unneeded,0.62,0
0.09264931322410665,0.07070311693228844,0,0.110171911948472,332.57883570751784,170.32895133742025,3,0,Designer Handbags,DEFECTIVE,OPENED_LIKE_NEW,Missing power cable and scratches on lens,0.635,0
0.19049071103181092,0.03398318684183016,0,0.024929486635156546,288.44445317792076,104.42111305163587,9,0,Electronics,WRONG_ITEM,UNOPENED,Ordered wrong color variant by accident,0.725,0
0.6464765021567609,0.7402325350515795,2,0.024198661468684924,171.77448875964723,65.06248960995151,10,0,Home & Kitchen,DEFECTIVE,OPENED_LIKE_NEW,"Wore to church event, returned Monday",0.6,1
0.021663485912992587,0.20203926225605318,0,0.015285832184927427,743.2113049760885,310.2047916801926,5,1,Designer Handbags,CHANGED_MIND,OPENED_LIKE_NEW,ISP provided complimentary router so unneeded,0.625,0
0.1253874688967064,0.078913406745581,0,0.012608186820767624,86.31125235338223,33.45525240140194,2,1,Home & Kitchen,WRONG_ITEM,UNOPENED,ISP provided complimentary router so unneeded,0.84,0
0.0756425158171537,0.06582837834261573,0,0.12484703274088078,28.319232207669938,12.850912816654448,4,1,Apparel,DEFECTIVE,OPENED_LIKE_NEW,Stopped powering on after 2 days,0.63,0
0.12903670808461498,0.24071762350045242,0,0.027684124092797406,154.572453828989,71.82677810905416,8,1,Apparel,WRONG_ITEM,UNOPENED,ISP provided complimentary router so unneeded,0.8099999999999999,0
0.1870221133751649,0.20709453640041156,0,0.01968936200091424,315.2150618422792,126.88248571756435,8,0,Luxury Apparel,DOES_NOT_FIT,UNOPENED,Too loose around the waist,0.8099999999999999,0
0.11079578714873836,0.18601236280714445,0,0.025096576215488862,43.64400885273096,21.5913955975894,4,1,Footwear,WRONG_ITEM,UNOPENED,Do not need this anymore,0.83,0
0.1650746231607717,0.07237446627992991,0,0.029923772178500514,534.8466052230963,282.30480563787756,7,1,Designer Handbags,CHANGED_MIND,UNOPENED,Ordered wrong color variant by accident,0.815,0
0.17214060046893317,0.13135799957741057,0,0.030745166374407835,267.92116778107857,120.33502476920076,7,0,Footwear,WRONG_ITEM,UNOPENED,"Changed mind, found cheaper elsewhere",0.815,0
0.07638513328798796,0.18841653447739531,0,0.016601987643540754,131.84606570166156,68.97466903224161,1,1,Footwear,CHANGED_MIND,UNOPENED,Do not need this anymore,0.845,0
0.11417490423501096,0.04038110052474993,0,0.11650656540942075,122.89130747886504,49.99474368934873,5,1,Apparel,DEFECTIVE,OPENED_LIKE_NEW,Zipper arrived broken and jammed,0.625,0
0.051696071829893706,0.18583322839141417,0,0.017562096605505145,566.8342653946061,242.13566410669512,7,1,Designer Handbags,CHANGED_MIND,OPENED_LIKE_NEW,Do not need this anymore,0.615,0
0.147670059222632,0.03910922441482206,0,0.09359702207544832,144.19787298361746,67.50634155951983,1,1,Electronics,DEFECTIVE,DAMAGED,Stopped powering on after 2 days,0.26499999999999996,0
0.09791726172597454,0.0418758990482655,0,0.15341342769304506,39.831460281239586,18.055971460830417,1,0,Footwear,DEFECTIVE,OPENED_LIKE_NEW,Stopped powering on after 2 days,0.645,0
0.11085310556846331,0.03738732963923613,0,0.013115181583327827,58.98243491485989,21.835630614847574,1,0,Apparel,DOES_NOT_FIT,OPENED_LIKE_NEW,"Size 9 fits too small, need half size up",0.645,0
0.12974747519661678,0.049120663100729656,0,0.017542904565623903,241.3436872156701,130.70379134967368,9,1,Electronics,CHANGED_MIND,OPENED_LIKE_NEW,Ordered wrong color variant by accident,0.525,0
0.17383114336733038,0.05762370933788022,0,0.01982698881766378,283.4756970737967,127.10347007222877,14,1,Electronics,CHANGED_MIND,OPENED_LIKE_NEW,ISP provided complimentary router so unneeded,0.5000000000000001,0
0.022549369221652966,0.06713680088967958,0,0.16893688546899907,272.12570528280344,104.19109188222178,3,1,Home & Kitchen,DEFECTIVE,DAMAGED,Stopped powering on after 2 days,0.33499999999999996,0
0.1647396642910037,0.19799025361667894,0,0.013815435676506609,134.60378663963508,51.69196328482967,13,0,Apparel,DOES_NOT_FIT,OPENED_LIKE_NEW,"Size 9 fits too small, need half size up",0.585,0
0.0658496900823588,0.06581154370763609,0,0.02668709182077318,517.23668084214,279.0732722686362,5,1,Electronics,CHANGED_MIND,UNOPENED,"Changed mind, found cheaper elsewhere",0.745,0
0.04274662555046092,0.2434230337125497,0,0.01691915920642792,237.5403325050096,99.24292217121146,2,0,Home & Kitchen,DOES_NOT_FIT,UNOPENED,"Size 9 fits too small, need half size up",0.84,0
0.045754651175116505,0.21447229631155998,0,0.019265826977093895,206.1852361623816,95.52329765328872,2,1,Footwear,DOES_NOT_FIT,OPENED_LIKE_NEW,Too loose around the waist,0.64,0
0.10491613569035739,0.12395486816213477,0,0.031967137422768625,49.13755138394616,23.764695306524303,12,0,Home & Kitchen,WRONG_ITEM,UNOPENED,Do not need this anymore,0.79,0
0.18124617825174416,0.014447049254966038,0,0.014219600177010003,222.07378259305864,97.14758184441243,10,0,Apparel,DOES_NOT_FIT,UNOPENED,Did not fit my shoulders properly,0.7999999999999999,0
0.09263875174646392,0.034241658636058964,0,0.025203101221533644,186.7925609877976,83.18322747641287,8,1,Designer Handbags,WRONG_ITEM,UNOPENED,"Changed mind, found cheaper elsewhere",0.8099999999999999,0
0.1574507538130982,0.06456608947179088,0,0.02442358504539182,1190.7385245003293,580.2827059655378,7,1,Designer Handbags,WRONG_ITEM,UNOPENED,Do not need this anymore,0.815,0
0.17144421883493574,0.10371190164013644,0,0.03303582769377566,36.14002255886351,13.53741047756489,9,1,Footwear,CHANGED_MIND,OPENED_LIKE_NEW,Ordered wrong color variant by accident,0.605,0
0.591381766814028,0.8125465388922615,5,0.02691489756651526,120.22316396668089,57.818233605153075,17,0,Footwear,CHANGED_MIND,USED,"Used for Saturday dinner, slightly tight",0.26499999999999996,1
0.147676573064627,0.14654558852208535,0,0.020717259045104085,709.3818763877114,296.84305842292747,10,1,Electronics,DOES_NOT_FIT,UNOPENED,Did not fit my shoulders properly,0.72,0
0.03090358601176157,0.09928039781860144,0,0.10162101711752686,123.92412524982653,65.1476747575536,5,1,Designer Handbags,DEFECTIVE,OPENED_LIKE_NEW,Screen flickers and has green lines,0.625,0
0.07433023896072113,0.1625742435183769,0,0.019870171889866985,132.64992446847958,53.381326752015205,14,1,Footwear,DOES_NOT_FIT,UNOPENED,"Sleeves are too long, otherwise nice fabric",0.78,0
0.08174792104274184,0.10267510014663578,0,0.03161248207277029,165.67245341456774,89.24991159170786,5,1,Home & Kitchen,DOES_NOT_FIT,OPENED_LIKE_NEW,"Size 9 fits too small, need half size up",0.625,0
0.02544445119904082,0.050306832263202816,0,0.1793182141013921,278.0541711704253,100.05270641795242,3,1,Home & Kitchen,DEFECTIVE,OPENED_LIKE_NEW,Stopped powering on after 2 days,0.635,0
0.1232299252883389,0.21340748213198926,0,0.0172578318435771,265.9803958440828,94.10617325282838,13,1,Apparel,DOES_NOT_FIT,UNOPENED,Too loose around the waist,0.7849999999999999,0
0.15184183324407136,0.23327830529216326,0,0.029715929849201864,145.7330420946232,52.31469414569173,12,1,Footwear,CHANGED_MIND,UNOPENED,ISP provided complimentary router so unneeded,0.79,0
0.1856204863980732,0.1175740556728937,0,0.010869902330078441,214.70079461540954,95.83544635901917,7,0,Apparel,WRONG_ITEM,OPENED_LIKE_NEW,"Changed mind, found cheaper elsewhere",0.615,0
0.5559553928490848,0.7599961066068727,2,0.011289813609116926,182.9307234198577,86.78341372255969,9,0,Footwear,DEFECTIVE,USED,"Wore to wedding party over the weekend, no longer needed",0.305,1
0.72758403425995,0.9287885972407321,5,0.027220176426160272,754.1243001524269,265.86749931970434,7,0,Electronics,DEFECTIVE,OPENED_LIKE_NEW,"Wore to church event, returned Monday",0.535,1
0.14514133803459242,0.1044998042300879,0,0.026966724496791612,203.49716555519322,85.47843960215913,5,0,Apparel,DOES_NOT_FIT,UNOPENED,Too loose around the waist,0.825,0
0.13922280567233325,0.013397486674978122,0,0.19415700723777635,26.19888448805962,14.01457507127426,5,1,Home & Kitchen,DEFECTIVE,DAMAGED,Left speaker makes a buzzing sound,0.32499999999999996,0
0.034625537320951895,0.009488423014757464,0,0.13661129761888152,473.3368918053335,185.95513816126063,5,1,Luxury Apparel,DEFECTIVE,DAMAGED,Stopped powering on after 2 days,0.32499999999999996,0
0.12532189896688245,0.1107285245104909,0,0.011025267671232623,112.90431712020768,57.81678592781651,12,0,Footwear,CHANGED_MIND,UNOPENED,ISP provided complimentary router so unneeded,0.79,0
0.10966119953204292,0.07248708535798805,0,0.198679877094199,400.7287048043186,148.2426855634205,4,1,Electronics,DEFECTIVE,OPENED_LIKE_NEW,Stopped powering on after 2 days,0.55,0
0.05542073392430248,0.08317853001851594,0,0.24668003562312207,612.8625371002112,215.69088481085555,1,1,Electronics,DEFECTIVE,OPENED_LIKE_NEW,Stopped powering on after 2 days,0.5650000000000001,0
0.563020165460403,0.7901825610885543,6,0.021571706971858992,127.1086291341642,68.46979080150174,14,0,Designer Handbags,DEFECTIVE,USED,"Tags removed for event photoshoot, want refund",0.27999999999999997,1
0.0674608775269721,0.09125842179248231,0,0.2126887064686937,916.3072361180741,431.8958408911212,3,1,Luxury Apparel,DEFECTIVE,OPENED_LIKE_NEW,Screen flickers and has green lines,0.635,0
0.13282108706933204,0.15950080880406203,0,0.028861641610767465,177.27526363454933,97.01970330796614,7,0,Footwear,CHANGED_MIND,UNOPENED,Ordered wrong color variant by accident,0.815,0
0.1518123021366253,0.1942365970981303,0,0.03617388445251023,84.30093474960853,30.91828095188669,3,1,Apparel,WRONG_ITEM,UNOPENED,ISP provided complimentary router so unneeded,0.835,0
0.08277627675781783,0.05140806956192732,0,0.22096090259148599,554.7889519675094,257.5167235424705,2,1,Luxury Apparel,DEFECTIVE,OPENED_LIKE_NEW,Left speaker makes a buzzing sound,0.64,0
0.11487276893242251,0.009550695939347764,0,0.02845644689790742,252.71190358791935,96.40961891984716,14,1,Apparel,CHANGED_MIND,UNOPENED,Ordered wrong color variant by accident,0.78,0
0.12697971210678724,0.1484026361116036,0,0.014925548921690762,183.2177455276538,100.03879243310847,1,0,Designer Handbags,WRONG_ITEM,UNOPENED,Do not need this anymore,0.845,0
0.6771736263438669,0.7636780840425882,6,0.013426490889087499,814.4179877565526,384.3149382541887,3,0,Luxury Apparel,DEFECTIVE,OPENED_LIKE_NEW,"Tags removed for event photoshoot, want refund",0.635,1
0.7895984553443378,0.7246416877032066,5,0.027870691669968736,491.54902029849603,202.84944204894634,12,0,Electronics,DEFECTIVE,OPENED_LIKE_NEW,"Dress worn once for gala evening, return please",0.5100000000000001,1
0.0801069881422061,0.03900660657476283,0,0.2268080905336548,1117.9427312295547,459.12861944995734,4,1,Electronics,DEFECTIVE,DAMAGED,Zipper arrived broken and jammed,0.24999999999999994,0
0.13231165496979413,0.07815231295330671,0,0.2382373042986095,325.07036213562986,151.28509072092882,5,1,Designer Handbags,DEFECTIVE,DAMAGED,Missing power cable and scratches on lens,0.32499999999999996,0
0.06941802525328004,0.20602362262109356,0,0.010159725717131928,180.32526979375893,75.3472344796311,14,1,Apparel,DOES_NOT_FIT,OPENED_LIKE_NEW,Too loose around the waist,0.5800000000000001,0
0.07808306727400766,0.16122658096622924,0,0.03554453347941982,192.5287326331647,100.23711888075077,7,0,Footwear,CHANGED_MIND,UNOPENED,"Changed mind, found cheaper elsewhere",0.815,0
0.6190687003464634,0.8454605193341946,4,0.01901073078134152,53.508083423591614,24.686619319545777,9,0,Luxury Apparel,CHANGED_MIND,OPENED_LIKE_NEW,"Used for Saturday dinner, slightly tight",0.605,1
0.1390743783463115,0.14797860110476752,0,0.032088396963502644,702.7538530055695,255.34564830904392,6,1,Luxury Apparel,DOES_NOT_FIT,UNOPENED,"Size 9 fits too small, need half size up",0.82,0
0.04096019433524806,0.1491186443859881,0,0.018249375759209208,132.38834968032836,57.71080203277385,5,1,Electronics,CHANGED_MIND,OPENED_LIKE_NEW,"Changed mind, found cheaper elsewhere",0.545,0
0.11977806765505798,0.08218649708740164,0,0.03161301106677334,786.7739053974437,327.7414272379196,7,1,Electronics,DOES_NOT_FIT,UNOPENED,Too loose around the waist,0.735,0
0.15587705520354092,0.16217376063325886,0,0.029123361361537065,177.19261771644372,62.42104922146172,14,1,Home & Kitchen,CHANGED_MIND,OPENED_LIKE_NEW,"Changed mind, found cheaper elsewhere",0.5800000000000001,0
0.14537129302584004,0.09401044777728912,0,0.03827829130475967,249.94581204623148,116.85938850059765,8,0,Home & Kitchen,WRONG_ITEM,UNOPENED,Do not need this anymore,0.8099999999999999,0
0.0653927567274685,0.050929348319416645,0,0.020211545130326473,156.05618448450508,63.86023534040418,10,0,Home & Kitchen,DOES_NOT_FIT,UNOPENED,"Size 9 fits too small, need half size up",0.7999999999999999,0
0.11268730917064691,0.04134260637829648,0,0.039331384384764995,165.19248375939287,88.60740274669074,14,0,Luxury Apparel,DOES_NOT_FIT,UNOPENED,"Sleeves are too long, otherwise nice fabric",0.78,0
0.1844440420524851,0.1313401204548745,0,0.03174730815508253,545.8160256482018,259.81220280390215,14,1,Electronics,WRONG_ITEM,UNOPENED,"Changed mind, found cheaper elsewhere",0.7000000000000001,0
0.08130366873580137,0.07528975494636134,0,0.027346893585085408,617.8304220534172,287.8516876281436,11,0,Luxury Apparel,WRONG_ITEM,UNOPENED,"Changed mind, found cheaper elsewhere",0.7949999999999999,0
0.07159890463166414,0.09173945795424882,0,0.01251693881886728,100.64059183575864,40.325822249572525,11,1,Designer Handbags,DOES_NOT_FIT,UNOPENED,Too loose around the waist,0.7949999999999999,0
0.033364434679498234,0.025943677158685174,0,0.03438785216181811,35.690266679589556,17.195162146281305,9,1,Home & Kitchen,DOES_NOT_FIT,OPENED_LIKE_NEW,"Sleeves are too long, otherwise nice fabric",0.605,0
0.6226509869669302,0.9440327905982754,5,0.01969984569154999,394.46869282027785,178.90251334995546,25,0,Designer Handbags,DEFECTIVE,USED,"Wore to church event, returned Monday",0.22499999999999998,1
0.0887524434281484,0.14107526616745755,0,0.013435986049790447,1196.5089832625592,520.6144302507569,6,1,Luxury Apparel,DOES_NOT_FIT,UNOPENED,Too loose around the waist,0.82,0
0.08268151514732637,0.17755246207906622,0,0.020916982194859976,254.15043388290835,112.04327219831896,8,1,Footwear,WRONG_ITEM,UNOPENED,"Changed mind, found cheaper elsewhere",0.8099999999999999,0
0.8238012859694457,0.7300869006037282,2,0.026922383711102234,893.4328646626075,350.53244820759517,27,0,Electronics,DEFECTIVE,USED,"Wore to church event, returned Monday",0.13499999999999995,1
0.038887181266952266,0.03162923487256244,0,0.24593199962542373,337.924626497788,149.1009426179797,1,0,Electronics,DEFECTIVE,DAMAGED,Left speaker makes a buzzing sound,0.26499999999999996,0
0.023902629343253722,0.03972275295662325,0,0.17712440262362744,1145.6245505092395,519.3656925215105,3,1,Luxury Apparel,DEFECTIVE,OPENED_LIKE_NEW,Stopped powering on after 2 days,0.635,0
0.12648395240309943,0.05471276425689006,0,0.08693345228403808,111.62727567718785,51.91895120232222,5,1,Home & Kitchen,DEFECTIVE,OPENED_LIKE_NEW,Left speaker makes a buzzing sound,0.625,0
0.1911069138676024,0.21478258993780833,0,0.01685066842536543,295.32740282222966,115.24696896693841,5,1,Luxury Apparel,CHANGED_MIND,UNOPENED,ISP provided complimentary router so unneeded,0.825,0
0.1399248565193254,0.08526661531017207,0,0.21173018348300127,133.00215641166258,59.96749900891573,5,1,Footwear,DEFECTIVE,DAMAGED,Zipper arrived broken and jammed,0.32499999999999996,0
0.10357971406312752,0.06334952688984316,0,0.02515084138446301,33.38655065950748,12.565431473271921,14,1,Home & Kitchen,WRONG_ITEM,UNOPENED,ISP provided complimentary router so unneeded,0.78,0
0.17958612731041035,0.1879199417578558,0,0.02268605227177261,639.8944202492976,271.3150916121033,13,0,Luxury Apparel,DOES_NOT_FIT,UNOPENED,Did not fit my shoulders properly,0.7849999999999999,0
0.11630138273088743,0.07841871792320797,0,0.20975848233453703,878.2296008079616,343.3007130295206,1,1,Designer Handbags,DEFECTIVE,DAMAGED,Missing power cable and scratches on lens,0.345,0
0.06393609730126225,0.0469845434983675,0,0.13623480854270145,915.7306321836616,380.82554345894715,1,0,Luxury Apparel,DEFECTIVE,DAMAGED,Zipper arrived broken and jammed,0.345,0
0.04488177562136069,0.09976011301207602,0,0.03939743298347141,87.11738855673337,41.157018744761906,10,1,Apparel,DOES_NOT_FIT,UNOPENED,Did not fit my shoulders properly,0.7999999999999999,0
0.09793514897114715,0.017756141912331658,0,0.024636298179941785,218.09519037828593,98.71947829922156,2,0,Apparel,WRONG_ITEM,UNOPENED,"Changed mind, found cheaper elsewhere",0.84,0
0.8924477286859614,0.7809023646641231,5,0.011724983426079298,1126.416109523287,479.44693046744766,14,0,Electronics,DEFECTIVE,USED,"Wore to wedding party over the weekend, no longer needed",0.19999999999999996,1
0.12375299926165402,0.198000781532549,0,0.01972940991626742,221.94524799884306,83.69195084090225,8,1,Footwear,DOES_NOT_FIT,OPENED_LIKE_NEW,Did not fit my shoulders properly,0.61,0
0.07243287449699096,0.03617765903412998,0,0.03433691675204074,86.22853968736598,42.55212108040122,5,0,Home & Kitchen,CHANGED_MIND,OPENED_LIKE_NEW,Do not need this anymore,0.625,0
0.14262879164193484,0.052777220906887704,0,0.1718049626843169,151.78423122689833,63.01747790529996,1,0,Apparel,DEFECTIVE,DAMAGED,Zipper arrived broken and jammed,0.345,0
0.10561790556648509,0.15070188306668986,0,0.03957974716511978,1127.80688880914,589.2008201972315,13,1,Luxury Apparel,WRONG_ITEM,UNOPENED,"Changed mind, found cheaper elsewhere",0.7849999999999999,0
0.1800434964268745,0.11696229582301074,0,0.029723329815323947,271.1433488074589,116.20936934985227,5,0,Apparel,DOES_NOT_FIT,UNOPENED,"Sleeves are too long, otherwise nice fabric",0.825,0
0.1931172461021844,0.10394651551729575,0,0.028032479961796468,220.19629614990228,118.93207173826603,6,0,Home & Kitchen,DOES_NOT_FIT,UNOPENED,"Sleeves are too long, otherwise nice fabric",0.82,0
0.06403092932940789,0.18653274455966057,0,0.025624467584322463,351.5262831199436,177.63374225981042,8,1,Electronics,CHANGED_MIND,OPENED_LIKE_NEW,ISP provided complimentary router so unneeded,0.53,0
0.748500026078231,0.8850726697819092,3,0.01645802137155802,157.35033675259137,74.50079772113021,12,1,Footwear,DEFECTIVE,OPENED_LIKE_NEW,"Tags removed for event photoshoot, want refund",0.5900000000000001,1
0.09288394656857193,0.04959313496192533,0,0.03884921476945912,633.3023464494362,314.61451977935064,3,0,Luxury Apparel,CHANGED_MIND,OPENED_LIKE_NEW,"Changed mind, found cheaper elsewhere",0.635,0
0.6849712371002261,0.7994368939272005,3,0.018143285969342497,514.6681067913537,236.14826738204272,25,0,Designer Handbags,DEFECTIVE,OPENED_LIKE_NEW,"Dress worn once for gala evening, return please",0.525,1
0.11782457659664539,0.12428845397071792,0,0.014043573547523142,161.42075658764605,61.95664071524082,2,1,Footwear,CHANGED_MIND,OPENED_LIKE_NEW,ISP provided complimentary router so unneeded,0.64,0
0.04270444153323773,0.23316142933529194,0,0.028148500394431127,805.0084674245178,346.44242495376784,5,0,Designer Handbags,DOES_NOT_FIT,OPENED_LIKE_NEW,Did not fit my shoulders properly,0.625,0
0.18361656054467557,0.15948262239491637,0,0.03307509608570762,126.35467898262131,68.48453624799808,6,1,Home & Kitchen,WRONG_ITEM,UNOPENED,Do not need this anymore,0.82,0
0.1676830322284967,0.2134871157536359,0,0.015165828022772629,99.51488216458537,40.51502823972135,3,0,Home & Kitchen,DOES_NOT_FIT,OPENED_LIKE_NEW,"Sleeves are too long, otherwise nice fabric",0.635,0
0.06876366018443682,0.21385204052607198,0,0.010956543856257763,128.27598721769817,51.92393561492616,13,1,Designer Handbags,WRONG_ITEM,UNOPENED,"Changed mind, found cheaper elsewhere",0.7849999999999999,0
0.05597713543689986,0.05796490347071209,0,0.033938295677599,693.2268489147743,243.42947258902674,4,1,Electronics,DOES_NOT_FIT,UNOPENED,Did not fit my shoulders properly,0.75,0
0.07581195954154539,0.0407884926850359,0,0.0993706958055724,824.3244747776903,404.264745382955,2,1,Electronics,DEFECTIVE,DAMAGED,Stopped powering on after 2 days,0.25999999999999995,0
0.1497607794293776,0.182117736389648,0,0.010001584807968904,287.3282210578486,147.35390869175114,7,1,Footwear,CHANGED_MIND,UNOPENED,"Changed mind, found cheaper elsewhere",0.815,0
0.18271670538607135,0.003910823826858534,0,0.03801576387357218,247.6918453892288,128.16661678915582,6,0,Footwear,DOES_NOT_FIT,OPENED_LIKE_NEW,Did not fit my shoulders properly,0.62,0
0.03679172924995433,0.18469450722964942,0,0.03879750068926273,827.1149160450664,383.87419027270056,3,1,Electronics,CHANGED_MIND,UNOPENED,"Changed mind, found cheaper elsewhere",0.755,0
0.19021334199481946,0.110734280433609,0,0.02797880698931436,155.9930307109507,83.70106260028305,11,1,Footwear,DOES_NOT_FIT,UNOPENED,Did not fit my shoulders properly,0.7949999999999999,0
0.029891014479515945,0.05011197008253482,0,0.1967819150355245,958.6115845697948,447.2917404914606,5,1,Electronics,DEFECTIVE,OPENED_LIKE_NEW,Left speaker makes a buzzing sound,0.545,0
0.18360519394186173,0.23549786172096793,0,0.011929576695807506,135.65189837387794,48.114616596951,6,1,Footwear,CHANGED_MIND,OPENED_LIKE_NEW,Ordered wrong color variant by accident,0.62,0
0.07929499832739974,0.13421705449265053,0,0.03732384791529846,1022.0030140598673,383.76207591106925,2,1,Luxury Apparel,WRONG_ITEM,OPENED_LIKE_NEW,Do not need this anymore,0.64,0
0.03674546745336123,0.14731683468916676,0,0.025963539173763477,348.99806405882765,184.9307994647956,14,0,Designer Handbags,WRONG_ITEM,UNOPENED,Ordered wrong color variant by accident,0.78,0
0.18692595370307963,0.10065285958504067,0,0.036709076713405606,130.58594592231748,64.94866566400442,14,1,Footwear,CHANGED_MIND,UNOPENED,Ordered wrong color variant by accident,0.78,0
0.7141739978964758,0.7343232838220112,6,0.028558684024740426,566.7520483179425,281.617623824421,13,0,Designer Handbags,CHANGED_MIND,OPENED_LIKE_NEW,"Used for Saturday dinner, slightly tight",0.585,1
0.0860912865976326,0.004720219644058665,0,0.013015910760755077,615.6145962083123,300.41553449500395,1,1,Electronics,DOES_NOT_FIT,UNOPENED,Too loose around the waist,0.765,0
0.08025235878427024,0.17387211479441259,0,0.030959067682958682,856.5656525002838,384.1734390270446,1,1,Designer Handbags,WRONG_ITEM,UNOPENED,"Changed mind, found cheaper elsewhere",0.845,0
0.13893519951579553,0.04891965179806156,0,0.15654508289442848,79.82972522792242,32.85240804749861,2,1,Footwear,DEFECTIVE,OPENED_LIKE_NEW,Screen flickers and has green lines,0.64,0
0.027620208653294603,0.15838382340404256,0,0.017456072317812786,108.6426949835029,54.773616637432326,12,0,Home & Kitchen,CHANGED_MIND,OPENED_LIKE_NEW,Ordered wrong color variant by accident,0.5900000000000001,0
0.0788998129690617,0.060548973003285544,0,0.015071732474011171,238.08606060003788,89.50637161001679,6,1,Home & Kitchen,WRONG_ITEM,UNOPENED,Do not need this anymore,0.82,0
0.10167567684506365,0.1267325290192986,0,0.03062169738057144,774.6088395062748,396.7113737539578,12,1,Luxury Apparel,WRONG_ITEM,UNOPENED,"Changed mind, found cheaper elsewhere",0.79,0
0.028055258106722866,0.0741101811948493,0,0.018404023563261394,65.15464903782976,26.572388691118213,12,1,Home & Kitchen,CHANGED_MIND,UNOPENED,Do not need this anymore,0.79,0
0.07575775654572263,0.13047111548186957,0,0.02991113436778768,129.80264124324887,64.10875169921073,13,1,Home & Kitchen,DOES_NOT_FIT,OPENED_LIKE_NEW,Did not fit my shoulders properly,0.585,0
0.08050976094432441,0.07257091932869009,0,0.026235641675710727,67.5109779547171,24.706170637487226,1,1,Designer Handbags,WRONG_ITEM,UNOPENED,ISP provided complimentary router so unneeded,0.845,0
0.07433604066624852,0.09429127113917565,0,0.202657002573382,49.23480661265338,25.56584305284297,2,1,Footwear,DEFECTIVE,DAMAGED,Zipper arrived broken and jammed,0.33999999999999997,0
0.8295353467736815,0.8710650271967428,5,0.026405859212183545,136.1302081293132,53.676169675978926,3,0,Home & Kitchen,CHANGED_MIND,OPENED_LIKE_NEW,"Used for Saturday dinner, slightly tight",0.635,1
0.11216421003957669,0.13721043889836845,0,0.026149791160297364,695.4855981169221,375.3820808405312,8,1,Electronics,WRONG_ITEM,UNOPENED,ISP provided complimentary router so unneeded,0.73,0
0.13729193100251008,0.08757170365589395,0,0.21624085785446662,284.44272949795345,105.15817226832617,1,1,Home & Kitchen,DEFECTIVE,OPENED_LIKE_NEW,Stopped powering on after 2 days,0.645,0
0.6193054676505828,0.8386156647832838,4,0.026930689862468105,625.9922253663697,312.7500651045881,21,0,Luxury Apparel,CHANGED_MIND,OPENED_LIKE_NEW,"Wore to church event, returned Monday",0.545,1
0.03806478768235911,0.025241381297656018,0,0.20440193615640428,70.30185244412411,29.545842970139034,5,1,Apparel,DEFECTIVE,DAMAGED,Zipper arrived broken and jammed,0.32499999999999996,0
0.05443261351576428,0.03498616942224785,0,0.20041508834325494,466.70273012564917,215.17453726393018,4,0,Designer Handbags,DEFECTIVE,OPENED_LIKE_NEW,Zipper arrived broken and jammed,0.63,0
0.03299114401707325,0.08050176932346279,0,0.14288106636018122,203.34689373416916,100.6725572559592,3,1,Footwear,DEFECTIVE,DAMAGED,Stopped powering on after 2 days,0.33499999999999996,0
0.05773896598010608,0.2211687462383375,0,0.028486727548208586,142.8994139816574,55.22591306989319,6,1,Home & Kitchen,DOES_NOT_FIT,UNOPENED,Did not fit my shoulders properly,0.82,0
0.1896141688222172,0.18876705103290628,0,0.016240736881997467,117.87046304916174,60.341998011172144,6,1,Home & Kitchen,CHANGED_MIND,UNOPENED,Ordered wrong color variant by accident,0.82,0
0.8130549484469025,0.9144196019604027,6,0.018824022044258648,222.0309722265959,94.87355568869881,21,0,Footwear,DEFECTIVE,OPENED_LIKE_NEW,"Wore to church event, returned Monday",0.545,1
0.05802732504887537,0.15816925871034,0,0.03928041776796382,400.29712681858234,177.00895504918645,7,0,Electronics,CHANGED_MIND,OPENED_LIKE_NEW,Do not need this anymore,0.535,0
0.14132024679257366,0.13537657053062196,0,0.03530283387127148,923.6215395046385,334.0364494626566,4,0,Luxury Apparel,DOES_NOT_FIT,UNOPENED,"Size 9 fits too small, need half size up",0.83,0
0.14979476041009063,0.07524024537194673,0,0.22686356376999922,204.07937082622024,106.37780582510364,5,1,Apparel,DEFECTIVE,DAMAGED,Stopped powering on after 2 days,0.32499999999999996,0
0.040228935487167695,0.0869344588898289,0,0.03629262830813478,273.92004506959495,100.15843160823414,6,0,Luxury Apparel,WRONG_ITEM,UNOPENED,Ordered wrong color variant by accident,0.82,0
0.16186140919013942,0.20887153891082405,0,0.01487956654569702,259.94514526524677,126.68519172083629,9,1,Home & Kitchen,WRONG_ITEM,UNOPENED,Ordered wrong color variant by accident,0.8049999999999999,0
0.11361488297898512,0.20756254819534625,0,0.022577477479568973,78.34833796143423,31.885465041763478,8,1,Footwear,CHANGED_MIND,OPENED_LIKE_NEW,Ordered wrong color variant by accident,0.61,0
0.11092952329279668,0.13283269816829393,0,0.034167424793237006,957.969159436708,446.6754522288237,11,1,Luxury Apparel,DOES_NOT_FIT,OPENED_LIKE_NEW,Too loose around the waist,0.595,0
0.16054138700578574,0.047943364573417746,0,0.01150193581279883,1053.415234256252,384.61338293893226,7,1,Electronics,WRONG_ITEM,OPENED_LIKE_NEW,Do not need this anymore,0.535,0
0.06440391735391952,0.17382973740609614,0,0.022283438128819274,1056.5242051019902,432.74804492409834,12,1,Electronics,DOES_NOT_FIT,UNOPENED,"Size 9 fits too small, need half size up",0.7100000000000001,0
0.02154327506701671,0.030065564056074412,0,0.17827275836142137,476.0885154678203,217.56033566441067,5,1,Electronics,DEFECTIVE,OPENED_LIKE_NEW,Stopped powering on after 2 days,0.545,0
0.8944691534757584,0.9554958151845032,4,0.015319481293082242,152.0886301492227,69.93473275877119,20,0,Home & Kitchen,DEFECTIVE,OPENED_LIKE_NEW,"Wore to church event, returned Monday",0.55,1
0.1908402422398845,0.24965432979109617,0,0.017062217465245798,883.2966507611459,375.93654199725296,14,1,Luxury Apparel,DOES_NOT_FIT,UNOPENED,Did not fit my shoulders properly,0.78,0
0.021459475439518382,0.0023131306089755888,0,0.023816980226867672,159.292101076192,56.47127025423436,2,0,Footwear,DOES_NOT_FIT,UNOPENED,Too loose around the waist,0.84,0
0.14364693501937445,0.07350084714873828,0,0.02679679304607848,389.0661248718858,149.1784037490238,8,0,Luxury Apparel,CHANGED_MIND,UNOPENED,ISP provided complimentary router so unneeded,0.8099999999999999,0
0.09329127294779757,0.05806834119762519,0,0.026044029307575038,270.64109513231676,122.24349335449426,14,1,Luxury Apparel,WRONG_ITEM,OPENED_LIKE_NEW,"Changed mind, found cheaper elsewhere",0.5800000000000001,0
0.04045920693295278,0.0670974709485785,0,0.20816940635504205,168.05731172992319,74.54358226302693,1,1,Luxury Apparel,DEFECTIVE,OPENED_LIKE_NEW,Screen flickers and has green lines,0.645,0
0.032756906117877245,0.1495456113855006,0,0.017932128937889362,170.09672563064467,77.13753863828488,7,0,Footwear,CHANGED_MIND,UNOPENED,Do not need this anymore,0.815,0
0.1863837823148841,0.13727080564218072,0,0.02748995439154947,135.4546095852046,73.12055477770348,14,0,Home & Kitchen,WRONG_ITEM,UNOPENED,"Changed mind, found cheaper elsewhere",0.78,0
0.15989346369912974,0.07135132257571039,0,0.035326287573286964,541.5797778147044,279.31079573060043,12,0,Designer Handbags,WRONG_ITEM,UNOPENED,"Changed mind, found cheaper elsewhere",0.79,0
0.16811985229283039,0.0472175466907136,0,0.031034233941507304,104.92681655929606,42.9673775581648,14,1,Home & Kitchen,CHANGED_MIND,UNOPENED,"Changed mind, found cheaper elsewhere",0.78,0
0.07334265383850454,0.18139206188998705,0,0.01689478125377608,25.249104692674813,12.449004681164649,11,1,Apparel,DOES_NOT_FIT,UNOPENED,"Sleeves are too long, otherwise nice fabric",0.7949999999999999,0
0.050813253890322554,0.026120598826958663,0,0.017125483617821805,480.68460589433664,213.99178115583314,11,0,Luxury Apparel,DOES_NOT_FIT,UNOPENED,Too loose around the waist,0.7949999999999999,0
0.02802260732827355,0.2426433331568401,0,0.03148189160258674,113.87836796419244,47.11597349433243,6,1,Footwear,CHANGED_MIND,OPENED_LIKE_NEW,ISP provided complimentary router so unneeded,0.62,0
0.07831053141789972,0.0626244822763033,0,0.10488342132012451,76.95569878536189,40.16217235132904,5,1,Footwear,DEFECTIVE,DAMAGED,Zipper arrived broken and jammed,0.32499999999999996,0
0.06612588630003306,0.09504874949379438,0,0.03613815552850351,809.2514821037942,338.5441876982748,6,1,Electronics,DOES_NOT_FIT,UNOPENED,Too loose around the waist,0.74,0
0.10888094094420071,0.001968321538141371,0,0.2050592522019321,158.92941114196586,81.4730058635038,4,1,Home & Kitchen,DEFECTIVE,DAMAGED,Stopped powering on after 2 days,0.32999999999999996,0
0.14410289476084087,0.09257885494945683,0,0.23457505738740791,165.84673788181897,69.99203721939756,5,1,Home & Kitchen,DEFECTIVE,OPENED_LIKE_NEW,Stopped powering on after 2 days,0.625,0
0.08045459221498746,0.06898960033133608,0,0.2302796220681017,81.92123332503289,43.716334858119524,2,1,Footwear,DEFECTIVE,OPENED_LIKE_NEW,Stopped powering on after 2 days,0.64,0
0.16673244175458005,0.24471400379455865,0,0.03640755319845061,364.72730244261174,135.38355859938673,12,0,Luxury Apparel,CHANGED_MIND,OPENED_LIKE_NEW,Ordered wrong color variant by accident,0.5900000000000001,0
0.040203392958485955,0.07280582964456903,0,0.028425511719536174,246.18808967672246,130.4427744302524,11,1,Apparel,WRONG_ITEM,OPENED_LIKE_NEW,ISP provided complimentary router so unneeded,0.595,0
0.10108793996800026,0.0005631312748053729,0,0.11167385200815069,52.42470605967618,22.158082888084934,4,1,Apparel,DEFECTIVE,DAMAGED,Left speaker makes a buzzing sound,0.32999999999999996,0
0.11024317885407428,0.010849294644640212,0,0.020454339273869658,74.27441052196372,35.60819471573269,2,1,Apparel,CHANGED_MIND,UNOPENED,Do not need this anymore,0.84,0
0.0803554080121642,0.04953176469339088,0,0.1527076039656884,1148.9828641644176,451.48939827732187,5,1,Designer Handbags,DEFECTIVE,DAMAGED,Stopped powering on after 2 days,0.32499999999999996,0
0.11299956677189739,0.18400434209133398,0,0.026705332394036878,1117.6642274314893,475.67082164129454,11,0,Electronics,CHANGED_MIND,UNOPENED,Do not need this anymore,0.715,0
0.10346164503917206,0.022130578803682105,0,0.028269973331557854,104.25829132322916,39.833111271842455,6,0,Home & Kitchen,WRONG_ITEM,OPENED_LIKE_NEW,ISP provided complimentary router so unneeded,0.62,0
0.11801563272281147,0.13307756584497765,0,0.012276149236721427,217.00924971098001,103.0261044155862,9,0,Footwear,CHANGED_MIND,UNOPENED,"Changed mind, found cheaper elsewhere",0.8049999999999999,0
0.05402311089436951,0.11735871553851096,0,0.031609687494356796,170.59482864885103,73.20186826390358,4,1,Apparel,DOES_NOT_FIT,UNOPENED,Did not fit my shoulders properly,0.83,0
0.6450523061364246,0.870910282660335,3,0.028782173966204812,209.72983113130795,76.54073004543807,4,0,Home & Kitchen,DEFECTIVE,USED,"Dress worn once for gala evening, return please",0.32999999999999996,1
0.10292329522678409,0.2227060328776569,0,0.012833872774032607,1187.0958260795503,640.8108022991084,2,0,Designer Handbags,DOES_NOT_FIT,OPENED_LIKE_NEW,"Sleeves are too long, otherwise nice fabric",0.64,0
0.03408940653137765,0.23335333011238873,0,0.020893977707783867,1019.8626338080005,442.29062838112804,10,0,Luxury Apparel,DOES_NOT_FIT,UNOPENED,"Sleeves are too long, otherwise nice fabric",0.7999999999999999,0
0.09935392028645287,0.15856077274438565,0,0.0332343225782795,34.29201651076838,16.070308817184483,11,1,Footwear,WRONG_ITEM,UNOPENED,"Changed mind, found cheaper elsewhere",0.7949999999999999,0
0.5840298473438169,0.7968658650016968,2,0.016959373323104328,153.99159356081725,64.18789745258715,22,0,Footwear,DEFECTIVE,USED,"Wore to wedding party over the weekend, no longer needed",0.24,1
0.5483125033028005,0.7407760467871264,5,0.010668759711221953,154.31849846540743,83.46926148958913,27,0,Apparel,CHANGED_MIND,OPENED_LIKE_NEW,"Wore to wedding party over the weekend, no longer needed",0.515,1
0.04082154025666099,0.2365661232507705,0,0.03200084544196281,200.31217080689487,95.96065737086586,5,0,Apparel,WRONG_ITEM,OPENED_LIKE_NEW,Do not need this anymore,0.625,0
0.12747459429151667,0.010691986437982137,0,0.16580823500614209,216.7000630217086,101.27782754357168,5,1,Apparel,DEFECTIVE,DAMAGED,Stopped powering on after 2 days,0.32499999999999996,0
0.16990023278419303,0.018067927252837873,0,0.030721031184974976,659.4721672462725,280.8244658769599,4,1,Designer Handbags,CHANGED_MIND,OPENED_LIKE_NEW,Ordered wrong color variant by accident,0.63,0
0.08124949680212556,0.15520815819354822,0,0.03672986123932794,161.4483796778067,83.1369765918269,13,0,Home & Kitchen,CHANGED_MIND,UNOPENED,Do not need this anymore,0.7849999999999999,0
0.6809703718297854,0.7286704495820894,6,0.01123011472917277,39.11695211401133,16.664996219722525,5,0,Footwear,DEFECTIVE,USED,"Tags removed for event photoshoot, want refund",0.32499999999999996,1
0.06384090760865947,0.07179370236225695,0,0.20627965526942715,38.984841429278454,15.368785568258039,5,1,Home & Kitchen,DEFECTIVE,DAMAGED,Zipper arrived broken and jammed,0.32499999999999996,0
0.06936713302860195,0.13690299603570236,0,0.014335456717208508,195.3718145040004,105.2580846350549,5,1,Luxury Apparel,DOES_NOT_FIT,UNOPENED,"Sleeves are too long, otherwise nice fabric",0.825,0
0.16475652331360058,0.045163725522792575,0,0.02219703423716473,122.79604979583053,62.405052562068796,4,1,Apparel,WRONG_ITEM,OPENED_LIKE_NEW,Ordered wrong color variant by accident,0.63,0
0.08632767914215587,0.012784973699346704,0,0.20562865073656145,500.39005474090595,201.4494548923894,2,0,Luxury Apparel,DEFECTIVE,DAMAGED,Stopped powering on after 2 days,0.33999999999999997,0
0.08758975196372965,0.12443914090172409,0,0.020293465492510283,91.5240874627334,39.32793751962313,13,1,Apparel,CHANGED_MIND,UNOPENED,Do not need this anymore,0.7849999999999999,0
0.022492478397486772,0.07724978460963139,0,0.10906063190648958,37.073768748425245,17.822833896330987,3,1,Home & Kitchen,DEFECTIVE,DAMAGED,Left speaker makes a buzzing sound,0.33499999999999996,0
0.1206116967470774,0.08138291315928432,0,0.163896561052302,278.22709424038294,138.40282587109527,4,1,Designer Handbags,DEFECTIVE,DAMAGED,Left speaker makes a buzzing sound,0.32999999999999996,0
0.14594835388778069,0.06156768352579331,0,0.037102232675883785,53.70215097277797,29.35024728081365,7,1,Apparel,CHANGED_MIND,OPENED_LIKE_NEW,"Changed mind, found cheaper elsewhere",0.615,0
0.17484460597594365,0.1719746613697688,0,0.03816249664839499,223.63557128901965,86.79104181851797,1,0,Footwear,DOES_NOT_FIT,OPENED_LIKE_NEW,Did not fit my shoulders properly,0.645,0
0.07748029795466553,0.007150302433163536,0,0.14624176178897963,900.2595028951621,384.6706858145304,3,1,Luxury Apparel,DEFECTIVE,DAMAGED,Left speaker makes a buzzing sound,0.33499999999999996,0
0.07945295158426414,0.14883893062757797,0,0.03616613586996685,38.08537795018092,16.266039721395313,10,1,Footwear,CHANGED_MIND,OPENED_LIKE_NEW,ISP provided complimentary router so unneeded,0.6,0
0.5712083338168682,0.8946991902049235,3,0.012114491208622697,811.1769999530836,330.34061802714075,4,0,Designer Handbags,DEFECTIVE,OPENED_LIKE_NEW,"Dress worn once for gala evening, return please",0.63,1
0.055805026472700456,0.23408813945624635,0,0.010555737302378677,145.38874976963146,51.51492669843049,10,1,Footwear,WRONG_ITEM,UNOPENED,Do not need this anymore,0.7999999999999999,0
0.717616871646948,0.8402932657824371,4,0.01643324942789494,193.30766192902746,82.20940065489462,12,1,Electronics,DEFECTIVE,OPENED_LIKE_NEW,"Used for Saturday dinner, slightly tight",0.5100000000000001,1
0.1410073291878619,0.19559895216111478,0,0.025922518071644272,724.2078975501165,282.53035621180453,12,1,Luxury Apparel,DOES_NOT_FIT,OPENED_LIKE_NEW,Too loose around the waist,0.5900000000000001,0
0.07171945998097691,0.040473902513089605,0,0.01747886050013834,300.86866506161687,136.56120535744765,9,1,Luxury Apparel,WRONG_ITEM,UNOPENED,Ordered wrong color variant by accident,0.8049999999999999,0
0.09314953825279483,0.09449474208215046,0,0.11324701000725892,784.3438237873353,402.7227903382306,5,1,Luxury Apparel,DEFECTIVE,DAMAGED,Missing power cable and scratches on lens,0.32499999999999996,0
0.12084346348094947,0.06375091312526893,0,0.017876506900600005,85.53354156235989,35.16188483611945,12,0,Designer Handbags,DOES_NOT_FIT,OPENED_LIKE_NEW,"Size 9 fits too small, need half size up",0.5900000000000001,0
0.15402866222060843,0.011879439301777595,0,0.01657885847514492,859.229698296867,435.22588764307784,4,1,Designer Handbags,CHANGED_MIND,OPENED_LIKE_NEW,Do not need this anymore,0.63,0
0.0791913933080507,0.06980743384786489,0,0.14595186867133164,68.97614238163507,29.634213064454652,2,1,Footwear,DEFECTIVE,DAMAGED,Left speaker makes a buzzing sound,0.33999999999999997,0
0.09539581662640857,0.09480532818528903,0,0.09168766185507514,164.53337580736417,68.41033782834145,2,1,Home & Kitchen,DEFECTIVE,OPENED_LIKE_NEW,Missing power cable and scratches on lens,0.64,0
0.11149610496980503,0.0059938618441329194,0,0.019390760641047437,250.46374056992636,115.41077294327884,1,0,Footwear,CHANGED_MIND,OPENED_LIKE_NEW,"Changed mind, found cheaper elsewhere",0.645,0
0.10110484870690115,0.0713812679288349,0,0.018941275683740676,130.35289423741074,67.40732505987148,9,0,Apparel,WRONG_ITEM,OPENED_LIKE_NEW,Do not need this anymore,0.605,0
0.1940983772254883,0.10966384533759363,0,0.021800585162432856,1021.9988999510409,444.9589685975741,11,1,Designer Handbags,CHANGED_MIND,UNOPENED,Ordered wrong color variant by accident,0.7949999999999999,0
0.11936327101321723,0.05773541614968611,0,0.032305076073372255,657.106449194107,336.3116213346939,13,1,Electronics,WRONG_ITEM,UNOPENED,"Changed mind, found cheaper elsewhere",0.705,0
0.16053189140516055,0.05375119206750714,0,0.03146906651673287,968.0631132235908,405.83282023246323,13,0,Electronics,CHANGED_MIND,OPENED_LIKE_NEW,ISP provided complimentary router so unneeded,0.505,0
0.05106964032240942,0.000658038894897045,0,0.023527109592794443,448.82196858505625,206.898833805715,2,1,Designer Handbags,WRONG_ITEM,UNOPENED,ISP provided complimentary router so unneeded,0.84,0
0.04444534203654215,0.08596655476664752,0,0.12381838665677863,87.26814139910374,38.93405394044901,1,1,Apparel,DEFECTIVE,DAMAGED,Missing power cable and scratches on lens,0.345,0
0.7244829606849235,0.760223864059826,5,0.015437214534518314,236.85807742008413,116.93494640513266,16,0,Designer Handbags,DEFECTIVE,OPENED_LIKE_NEW,"Tags removed for event photoshoot, want refund",0.5700000000000001,1
0.15861602562573474,0.11558212436482065,0,0.03142261068055052,893.6850546474368,337.504723628432,4,0,Luxury Apparel,CHANGED_MIND,UNOPENED,Do not need this anymore,0.83,0
0.19391204447021662,0.20525798677410775,0,0.016134503835874704,76.19538483016932,28.58334455968651,3,1,Apparel,WRONG_ITEM,UNOPENED,ISP provided complimentary router so unneeded,0.835,0
0.5622703531438633,0.9094853037280349,6,0.01939308513903247,948.203640378246,473.39159562697574,20,0,Luxury Apparel,CHANGED_MIND,USED,"Wore to wedding party over the weekend, no longer needed",0.24999999999999997,1
0.09859965275567882,0.06863666065786796,0,0.0831204731444541,401.6620702938255,191.81952000296977,2,1,Electronics,DEFECTIVE,OPENED_LIKE_NEW,Left speaker makes a buzzing sound,0.56,0
0.021682091627523957,0.008244235920648352,0,0.035556639474111494,833.4688395628033,335.94957455076195,4,0,Luxury Apparel,CHANGED_MIND,OPENED_LIKE_NEW,ISP provided complimentary router so unneeded,0.63,0
0.809583278053419,0.9218878673589936,5,0.016135885662202025,81.80335789905745,43.892068180190165,17,0,Electronics,DEFECTIVE,USED,"Dress worn once for gala evening, return please",0.18499999999999994,1
0.06487337897843197,0.010648176328470638,0,0.16361566813683504,236.3286438076368,93.19134718610735,4,1,Home & Kitchen,DEFECTIVE,DAMAGED,Screen flickers and has green lines,0.32999999999999996,0
0.06850820902400541,0.06067874669964579,0,0.03975019158495034,268.9883311274293,125.10756043296301,3,1,Luxury Apparel,WRONG_ITEM,UNOPENED,"Changed mind, found cheaper elsewhere",0.835,0
0.1865476354982536,0.03672414221944481,0,0.03912562593603101,285.55623945879677,150.46369384156947,2,0,Apparel,DOES_NOT_FIT,OPENED_LIKE_NEW,"Sleeves are too long, otherwise nice fabric",0.64,0
0.05862017383940041,0.15851376400274583,0,0.0328267441888372,296.15768025401815,114.34196821094282,4,0,Home & Kitchen,WRONG_ITEM,UNOPENED,Ordered wrong color variant by accident,0.83,0
0.15788466191347336,0.08470029248177824,0,0.015268793967040069,140.8786588338101,71.67443831935581,1,1,Apparel,CHANGED_MIND,OPENED_LIKE_NEW,"Changed mind, found cheaper elsewhere",0.645,0
0.1036729646667294,0.13438077505076212,0,0.03985478230600364,134.75505737829215,63.749942884699834,5,0,Footwear,DOES_NOT_FIT,UNOPENED,Too loose around the waist,0.825,0
0.08574395629076695,0.09819641158217624,0,0.030869222603362244,282.91891842609294,129.71034298353223,12,1,Footwear,WRONG_ITEM,UNOPENED,Ordered wrong color variant by accident,0.79,0
0.15831198721078038,0.022301639704240955,0,0.01633474112295781,163.08620125287143,57.73289763593284,5,0,Home & Kitchen,CHANGED_MIND,OPENED_LIKE_NEW,"Changed mind, found cheaper elsewhere",0.625,0
0.6137847404431515,0.8448723611509905,3,0.010299223965126014,346.8736920222084,157.06654584073218,19,0,Designer Handbags,DEFECTIVE,USED,"Wore to wedding party over the weekend, no longer needed",0.255,1
0.12316686463662424,0.23143792326382637,0,0.029360368697518235,139.05234569574827,74.54182369374263,4,0,Home & Kitchen,DOES_NOT_FIT,UNOPENED,"Size 9 fits too small, need half size up",0.83,0
0.12203478784041326,0.02000089211127476,0,0.10224320142929935,210.84819982925157,97.40694145556002,2,1,Home & Kitchen,DEFECTIVE,DAMAGED,Missing power cable and scratches on lens,0.33999999999999997,0
0.16214125048269604,0.18470126251967162,0,0.02875634601572545,1184.203319089515,540.8469075670952,2,0,Luxury Apparel,DOES_NOT_FIT,UNOPENED,"Sleeves are too long, otherwise nice fabric",0.84,0
0.04035903617030957,0.2070683912039971,0,0.01755560087037127,941.6704918469452,509.8405741145448,14,1,Electronics,CHANGED_MIND,UNOPENED,Do not need this anymore,0.7000000000000001,0
0.8135579812839535,0.8668884450659443,2,0.01920772351350081,462.7154445546678,194.61855564930232,26,0,Designer Handbags,DEFECTIVE,USED,"Dress worn once for gala evening, return please",0.21999999999999997,1
0.7863677175693158,0.9103564727425688,5,0.023570341389688283,79.56277782822974,35.70757069263047,8,1,Footwear,CHANGED_MIND,USED,"Wore to church event, returned Monday",0.31,1
0.16249521299295133,0.11892601954726406,0,0.026098698392064815,934.5178158781537,450.6740775027241,2,0,Designer Handbags,DOES_NOT_FIT,OPENED_LIKE_NEW,Did not fit my shoulders properly,0.64,0
0.09368208575883068,0.22385317779855474,0,0.014877012059904358,298.7670233623393,111.67030439487559,10,0,Footwear,WRONG_ITEM,UNOPENED,Do not need this anymore,0.7999999999999999,0
0.021943496243551058,0.08900189011487647,0,0.12164209642221253,886.4515678381963,454.0432188732519,2,1,Electronics,DEFECTIVE,DAMAGED,Zipper arrived broken and jammed,0.25999999999999995,0
0.17461755038578103,0.24789855891604168,0,0.018821191301199972,220.31691902999626,82.19582990708474,12,0,Apparel,WRONG_ITEM,UNOPENED,"Changed mind, found cheaper elsewhere",0.79,0
0.6830641811105822,0.9374320741275253,3,0.017353160921182165,187.55122964729387,84.53959614339425,24,1,Apparel,DEFECTIVE,USED,"Tags removed for event photoshoot, want refund",0.22999999999999998,1
0.13627127560016813,0.24322359734692373,0,0.011672065795042064,705.7953603018905,368.85271774603274,5,1,Electronics,CHANGED_MIND,UNOPENED,"Changed mind, found cheaper elsewhere",0.745,0
0.08257975252729559,0.007852718594157282,0,0.17529168991085103,116.32031997655062,44.31668760144206,2,1,Home & Kitchen,DEFECTIVE,DAMAGED,Zipper arrived broken and jammed,0.33999999999999997,0
0.17282621239102516,0.1303998782477804,0,0.037998292371372,974.9791453395601,476.36931031642047,13,1,Designer Handbags,WRONG_ITEM,OPENED_LIKE_NEW,"Changed mind, found cheaper elsewhere",0.585,0
0.020904590605756147,0.10695586415956249,0,0.015924588449560968,1096.5255768166867,422.07111278588064,1,0,Electronics,DOES_NOT_FIT,UNOPENED,"Size 9 fits too small, need half size up",0.765,0
0.6287270232466784,0.8447142949656598,4,0.015267272379961585,283.4430256437805,133.1671640489774,14,0,Luxury Apparel,DEFECTIVE,OPENED_LIKE_NEW,"Dress worn once for gala evening, return please",0.5800000000000001,1
0.0360073140959043,0.01454193968023118,0,0.021167358855582144,223.18272498966215,102.87861057723386,9,1,Apparel,DOES_NOT_FIT,UNOPENED,Did not fit my shoulders properly,0.8049999999999999,0
0.07497394090068125,0.05657515642245824,0,0.14212675239105652,282.44024224383105,101.9555549231829,3,0,Home & Kitchen,DEFECTIVE,DAMAGED,Missing power cable and scratches on lens,0.33499999999999996,0
0.10754089227387859,0.08912826648277505,0,0.21666040048499308,253.48760039287822,103.72339215671514,1,1,Luxury Apparel,DEFECTIVE,DAMAGED,Zipper arrived broken and jammed,0.345,0
0.14906862896727885,0.021067639795191384,0,0.034355850994977524,873.9320557415567,433.40154727933526,7,0,Designer Handbags,CHANGED_MIND,OPENED_LIKE_NEW,"Changed mind, found cheaper elsewhere",0.615,0
0.5451086166204161,0.9009729525485446,3,0.0235963625043994,253.5036849760089,90.83523537982629,20,0,Apparel,CHANGED_MIND,USED,"Wore to wedding party over the weekend, no longer needed",0.24999999999999997,1
0.024159920324202597,0.09325177496964018,0,0.014463648515474586,687.7259939814575,366.88103491681557,2,0,Luxury Apparel,CHANGED_MIND,UNOPENED,Do not need this anymore,0.84,0
0.6761658786503071,0.9365861056363292,6,0.01000481749035733,71.34152695127565,25.40362678778351,9,0,Apparel,DEFECTIVE,USED,"Tags removed for event photoshoot, want refund",0.305,1
0.07906649249271236,0.2270473989241257,0,0.012908563707969632,743.4353410228084,327.33397685191835,6,1,Designer Handbags,DOES_NOT_FIT,OPENED_LIKE_NEW,"Size 9 fits too small, need half size up",0.62,0
0.18892427822584626,0.03062978563427346,0,0.01636083551506687,33.12404136816065,14.468152310834775,2,0,Home & Kitchen,WRONG_ITEM,UNOPENED,ISP provided complimentary router so unneeded,0.84,0
0.07000992192163778,0.21747648347258022,0,0.028148224395932654,193.87495294331796,88.48106579574328,13,0,Home & Kitchen,WRONG_ITEM,OPENED_LIKE_NEW,ISP provided complimentary router so unneeded,0.585,0
0.036533060701256184,0.11125467093133881,0,0.0399851556912555,254.68805498265408,134.65148898642184,5,1,Apparel,WRONG_ITEM,OPENED_LIKE_NEW,Do not need this anymore,0.625,0
0.12701942670204494,0.010304169343098269,0,0.11866620319101594,25.85845412301265,10.620119471060525,4,1,Footwear,DEFECTIVE,DAMAGED,Missing power cable and scratches on lens,0.32999999999999996,0
0.03954933242236867,0.11819833632539575,0,0.030313824657217055,1054.4261422441693,527.0479828034411,12,1,Luxury Apparel,CHANGED_MIND,UNOPENED,"Changed mind, found cheaper elsewhere",0.79,0
0.14201612745120568,0.00538982903937888,0,0.08207057202081204,807.1522120500067,329.2135618120798,1,1,Designer Handbags,DEFECTIVE,OPENED_LIKE_NEW,Missing power cable and scratches on lens,0.645,0
0.6140754572475979,0.7926483845542623,3,0.015395921157847284,633.2662313098413,277.38941063654545,28,0,Luxury Apparel,CHANGED_MIND,OPENED_LIKE_NEW,"Tags removed for event photoshoot, want refund",0.51,1
0.11223713924779816,0.16817840287510905,0,0.02161391526913445,94.10961396409311,36.066578559371806,2,1,Footwear,DOES_NOT_FIT,OPENED_LIKE_NEW,"Sleeves are too long, otherwise nice fabric",0.64,0
0.6572633537896815,0.9077058130689282,5,0.02513409820222939,813.610248553684,322.8451313697876,9,0,Designer Handbags,DEFECTIVE,USED,"Wore to church event, returned Monday",0.305,1
0.09645121196111071,0.0570689661576848,0,0.16232525367865333,176.24422125556265,79.0205288529547,1,1,Home & Kitchen,DEFECTIVE,OPENED_LIKE_NEW,Left speaker makes a buzzing sound,0.645,0
0.7544553647333487,0.900341667293916,6,0.012192563888068796,231.1470818409815,87.18341605726332,6,0,Apparel,DEFECTIVE,OPENED_LIKE_NEW,"Dress worn once for gala evening, return please",0.62,1
0.03199303971386745,0.2440199215553669,0,0.038709753066113246,41.620049858655115,18.256663517370967,1,1,Apparel,DOES_NOT_FIT,OPENED_LIKE_NEW,Too loose around the waist,0.645,0
0.5838102222348986,0.835896571197637,5,0.026603544859991744,1142.7096587017527,544.9017071768709,27,0,Designer Handbags,DEFECTIVE,OPENED_LIKE_NEW,"Tags removed for event photoshoot, want refund",0.515,1
0.6592575502453176,0.8689311583804875,6,0.016240026122169005,275.2015012288166,144.22762825348252,24,0,Apparel,CHANGED_MIND,USED,"Used for Saturday dinner, slightly tight",0.22999999999999998,1
0.120481715050339,0.08119972884509014,0,0.01880169026748935,34.189948543891354,17.545056573879677,14,0,Home & Kitchen,CHANGED_MIND,UNOPENED,"Changed mind, found cheaper elsewhere",0.78,0
0.10106897834702144,0.0812832321000661,0,0.024133310649932616,250.1529473750293,93.78805384982836,14,1,Home & Kitchen,CHANGED_MIND,UNOPENED,Ordered wrong color variant by accident,0.78,0
0.8859451947088223,0.9513024738303391,2,0.028934158300677762,501.08607121024824,197.14133131563548,21,0,Designer Handbags,CHANGED_MIND,USED,"Dress worn once for gala evening, return please",0.245,1
